,y_real,y_pred
0,71.85147778,65.19521263
1,30.77712988,40.12041623
2,33.63091105,41.31045445
3,53.24743333,53.39161104
4,20.42190249,16.12479169
5,89.33192806,76.26400224
6,59.86514847,58.2645332
7,13.66362858,16.44229934
8,85.52336957,74.35632888
9,57.96122223,57.13065851
10,18.31359361,11.05636645
11,78.2328464,69.10677834
12,61.73891193,58.67037414
13,73.25359897,65.83893341
14,92.79532761,77.95442984
15,27.82695635,38.22022017
16,50.81060363,52.25565237
17,18.07509336,25.98690234
18,37.25349409,43.81121656
19,20.53093781,21.73174572
20,58.91457556,57.34041043
21,34.08865378,42.36643444
22,65.67701516,62.63598321
23,22.62069168,35.39483467
24,83.35514679,71.59797614
25,71.51921113,64.76449739
26,12.02954464,7.66475405
27,13.8020444,9.50969988
28,34.43940041,43.02652726
29,53.71702742,54.27432952
30,15.49101578,19.59991186
31,39.80339423,45.16978264
32,35.40589065,42.22540617
33,85.06320149,73.09284954
34,19.19133831,21.92387602
35,69.4082664,64.29377649
36,92.49863949,78.12234354
37,62.26923951,59.2473814
38,94.49137478,79.45491075
39,62.49402381,59.27281012
40,77.38140044,68.57926115
41,60.32386105,58.36533678
42,44.03074938,47.58736274
43,52.18830423,53.39860551
44,67.25240694,62.95601946
45,91.62277708,77.86688895
46,42.5307914,47.52315461
47,13.89508462,17.95355241
48,96.79436668,80.64647898
49,70.93049654,64.70096407
50,98.02295846,81.08432362
51,16.68752747,13.51426453
52,41.96869016,47.03991047
53,84.42415118,74.52538572
54,19.98611952,31.58827726
55,48.32550357,51.53151678
56,85.164047,73.49589088
57,87.46766968,75.02909401
58,81.17703377,71.01198752
59,85.18081505,73.50985629
60,92.20321644,77.47234195
61,19.48787725,24.88174973
62,45.96658956,49.56823862
63,89.83935031,76.7274636
64,85.57320194,73.42846282
65,85.27820182,73.10753169
66,33.89067779,41.8225392
67,48.32596473,50.80990654
68,14.73353289,10.46179903
69,48.74154346,51.1217136
70,26.2229784,37.36695091
71,14.58215521,19.66423945
72,51.21011605,52.22276294
73,75.27616853,67.9936696
74,43.27738059,47.45686355
75,98.96390371,81.67416118
76,76.08872784,69.0744657
77,25.80599871,37.46347853
78,55.42320017,55.40483938
79,36.68161783,44.21490095
80,18.16260746,13.5716437
81,36.33932856,43.79105722
82,87.28962208,75.20066805
83,28.14162828,38.9467595
84,90.59703335,76.50806354
85,41.28429804,45.77101547
86,56.03376237,56.35296151
87,15.0580927,13.3566064
88,84.08248917,72.27426876
89,82.88187353,72.8651035
90,34.12528804,41.76875917
91,63.48172506,60.17466638
92,57.20611523,56.38068281
93,10.24833795,15.33833521
94,28.39767558,38.60400788
95,18.94817287,26.69207912
96,49.95475651,51.93908393
97,68.56630996,63.52695269
98,87.70817358,75.63410445
99,58.25179177,57.01870792
100,76.481938,67.38609818
101,72.93834165,65.66312875
102,20.78511201,12.88528888
103,58.20116569,57.87118478
104,47.23116459,50.15435303
105,84.29008243,72.8163474
106,75.4498802,68.2257656
107,29.95858985,39.70309255
108,93.7535272,79.3325336
109,77.19260195,69.75327834
110,41.41720873,47.17405551
111,60.52244421,58.28176276
112,36.59732917,43.86501052
113,41.0817313,46.19066685
114,17.32416202,22.9812965
115,29.24937455,39.12374248
116,64.45011506,60.22750403
117,67.70618691,62.71737959
118,34.04017022,42.29228677
119,73.75222348,66.18906202
120,20.17816583,28.04735917
121,61.78667587,59.44670985
122,90.50489022,77.1858771
123,85.45785571,74.05051399
124,93.95258315,79.37506548
125,32.35126057,41.58174427
126,43.48416814,47.79463309
127,28.53732955,38.78842002
128,55.91096254,55.49829822
129,29.51681824,39.51427303
130,27.04548021,38.03821549
131,19.47542862,19.18644888
132,53.8842219,54.455555
133,84.42101925,72.93222094
134,40.48251038,45.39673898
135,68.65731705,63.58671018
136,92.32584854,77.77870637
137,10.12319692,11.59904462
138,21.64404901,34.38404589
139,25.73096488,36.79379197
140,89.95673272,75.82204106
141,65.48534649,61.22320258
142,84.4191336,73.40592628
143,50.00651063,51.56557456
144,14.81299595,14.59818315
145,80.87562334,71.63417857
146,87.61239087,74.63596318
147,54.67747514,55.01096402
148,98.05415962,81.27546056
149,85.68024503,73.78946144
150,99.14982851,82.42968741
151,81.61439222,71.70111219
152,69.331708,64.04216977
153,25.09986344,36.38518557
154,50.28606167,52.31112395
155,45.18440823,48.65549892
156,78.33504763,69.33270047
157,40.85510815,46.24609293
158,42.56181866,46.7653227
159,68.8223243,63.10450335
160,35.42424185,42.35106683
161,16.97159126,21.14257297
162,85.42096173,73.47976313
163,64.2434768,61.31483718
164,91.01163102,77.26130259
165,19.52273154,14.89017634
166,81.71457618,70.86184884
167,42.36433434,47.53425189
168,21.74036482,34.73238008
169,87.89950914,75.33426575
170,43.58704816,48.31425505
171,66.69349856,62.54691242
172,12.9719022,10.39324323
173,15.53108023,23.64539459
174,28.86971238,38.96551649
175,27.97108706,38.4338948
176,21.86805996,34.60696225
177,20.52312671,21.74216624
178,79.32291147,70.14712798
179,65.05586471,61.62453395
180,79.99152533,70.12575752
181,44.54948105,48.8827128
182,38.38741297,44.64327758
183,27.66503127,38.17861481
184,86.29462975,74.19107687
185,46.90772856,49.91291825
186,25.90679573,36.93129581
187,27.01055586,37.71503876
188,93.25021861,77.85074091
189,89.18179919,75.42770929
190,48.66399398,50.74004267
191,68.72209032,63.31961255
192,56.47825069,56.00423999
193,61.55472704,58.65549453
194,17.81157843,22.0784322
195,72.12616691,65.91179376
196,72.67603536,65.77895688
197,36.24542908,43.00538315
198,31.94683843,40.99228722
199,75.44702563,67.74438003
200,24.34879483,36.15522608
201,90.75153265,77.74194444
202,32.62406693,41.39276579
203,86.35817303,74.20292017
204,47.38414258,49.35729213
205,17.39914657,15.66495224
206,50.14628607,52.13581432
207,57.68039014,56.57786087
208,49.49630029,51.65007738
209,13.46843917,18.02374742
210,47.82807081,50.22220963
211,25.1857905,36.51270844
212,18.8630246,17.32313173
213,67.07378773,62.68644477
214,19.19769346,27.31673872
215,22.74271548,34.82982817
216,92.05295966,77.65103328
217,60.73571092,59.1227913
218,95.20009912,79.55182967
219,25.78404665,36.90039843
220,65.36050464,61.09312616
221,60.73007693,57.92697961
222,80.2719914,70.93330733
223,90.33465288,76.85286664
224,99.22054632,82.41544666
225,62.1918909,59.14995112
226,38.82186876,45.66249198
227,18.5580958,12.87512793
228,28.70339641,38.77516067
229,31.51963187,40.64750819
230,26.806463,37.505184
231,56.39661478,56.22599011
232,98.37030887,81.09138672
233,89.79234554,76.36912088
234,92.06116214,77.72499098
235,54.00227657,54.28299822
236,67.40529365,62.78839603
237,26.71367744,37.42053792
238,89.19192279,76.39132595
239,97.03169815,80.82156773
240,83.15611582,72.28641095
241,52.25352928,53.48687466
242,81.76379268,71.83009136
243,67.62317449,62.37752393
244,45.19508643,49.40992117
245,53.7882023,54.01466096
246,67.80540377,63.0440382
247,96.78053098,80.09250235
248,15.06731453,17.34286085
249,90.58317884,76.55657329
250,81.32366751,70.81239163
251,23.35000308,35.48409192
252,85.3210198,73.95302289
253,96.32481429,80.99272629
254,61.69339988,59.60119865
255,52.16607313,53.2433364
256,37.45821449,44.57883151
257,93.19491568,78.07928631
258,96.90803668,81.00996312
259,21.88555574,34.435954
260,50.25228115,52.33680263
261,52.17917445,53.18237079
262,59.13162615,57.48344954
263,52.07241423,52.85023068
264,55.09748565,54.54238103
265,16.65871779,15.22711177
266,46.66446032,49.83152394
267,99.56625802,83.34962587
268,96.67059558,81.26589317
269,76.15011179,68.13786585
270,35.79682391,42.80662722
271,85.01408498,73.53775498
272,41.65669526,46.78570532
273,82.9468817,72.14242085
274,29.27043236,39.24547552
275,61.41979906,58.96225864
276,82.90641309,71.98036825
277,74.67262732,66.52517046
278,27.85960038,38.10923943
279,93.54323129,78.80995451
280,38.48185005,44.72668361
281,48.20558136,51.48672183
282,18.9930079,14.6768888
283,98.37118404,81.38659068
284,22.16930026,35.08686097
285,44.23002588,47.86413179
286,20.51776379,17.86656402
287,29.95151515,39.45662651
288,66.50171772,62.26128669
289,21.07478893,17.20764387
290,23.78729155,36.30725499
291,86.69224216,74.5439937
292,41.16886538,47.30289768
293,17.32903124,15.15670585
294,34.59133678,42.27816382
295,70.78268925,65.06789103
296,39.02549531,45.37722601
297,64.16304815,60.92082049
298,99.37476259,82.34891702
299,35.94854458,43.38220237
300,31.10428749,39.71226105
301,19.60995195,24.9091409
302,13.82000562,15.04150437
303,93.56114926,78.91298329
304,18.75063006,26.76494312
305,47.67602045,49.83599308
306,30.52201267,39.67149274
307,45.3815355,48.94743666
308,27.0231852,38.0297577
309,83.02548552,72.25434891
310,99.72776697,81.88555225
311,11.83747126,9.47769919
312,40.18281076,45.45690789
313,79.50903727,70.57888373
314,59.38076643,58.73790522
315,29.62745903,39.38144796
316,47.63849812,51.65587211
317,10.79843896,6.83691906
318,49.06496445,51.70423479
319,46.25308747,49.94679701
320,35.09216409,42.54245506
321,87.00369691,74.663572
322,73.81350551,66.61433408
323,36.95713872,44.56559483
324,77.96974385,68.20549377
325,70.81188984,64.7595118
326,77.52813381,68.07487735
327,60.43905273,58.59997237
328,48.08178037,50.15942096
329,72.86519884,65.3326495
330,83.05637979,71.50116736
331,43.40011983,48.04860487
332,28.10344692,38.68647995
333,72.69441212,66.42909667
334,85.11179982,73.3639875
335,94.86808026,79.70207707
336,24.47915269,36.25621825
337,53.93128805,54.0507881
338,35.74900798,42.59766403
339,86.43218809,73.91581634
340,44.57924018,49.45613865
341,40.27636238,45.29778538
342,16.26197317,16.64247944
343,51.87319218,53.14745852
344,12.32232713,10.29183876
345,22.64103447,35.03323342
346,12.27325298,9.88273725
347,88.52676383,75.7858185
348,86.23833103,74.60491309
349,11.49455187,8.88191529
350,37.90739749,44.49008618
351,29.81893624,39.33245131
352,51.16361316,52.69969827
353,15.15625917,17.89302028
354,90.89345513,77.26265694
355,74.87632823,67.99414306
356,78.24353017,68.9658053
357,32.5863363,41.67928735
358,46.18009663,49.72159504
359,44.12756579,48.45597999
360,35.49844723,42.53408429
361,42.94568798,47.57447885
362,21.57380806,34.46366215
363,75.05804566,67.29930129
364,52.69754431,53.84234704
365,24.85521956,36.60998167
366,85.89126053,73.75754606
367,34.4948104,42.50847443
368,57.27091079,56.56002138
369,84.40222769,72.41682463
370,60.16587076,59.20390334
371,35.28906162,42.96666414
372,83.23352095,72.23717163
373,72.31631749,65.52170181
374,90.34609302,76.02578114
375,88.62751174,75.84758602
376,95.42204839,80.28253484
377,29.61733326,39.52098802
378,23.71292534,35.62553021
379,29.95807189,39.4396409
380,60.8948498,58.27832041
381,15.31114696,23.52606773
382,81.27093821,71.23715533
383,31.07646098,41.34311896
384,57.68471605,56.43563581
385,81.29810351,71.04005242
386,38.45426152,44.8368552
387,44.89423774,48.45108309
388,82.91654644,72.25758655
389,76.81028201,68.85568368
390,86.32577308,74.43506675
391,85.9367348,74.02106063
392,72.53791489,65.26792408
393,88.41154043,75.54540882
394,80.98100634,71.15750981
395,87.92632529,75.16470361
396,12.32319482,12.27070724
397,81.54824135,71.07208629
398,41.79178906,46.55275138
399,16.83030278,14.25272559
400,79.1079827,70.4298906
401,35.16357082,43.34249082
402,21.57631055,34.46837198
403,64.35233471,60.81018134
404,75.42261988,67.53395375
405,93.34588471,78.9514481
406,84.16844862,72.9296578
407,38.75434131,45.05276239
408,41.18723891,47.25504538
409,89.4922503,76.64707005
410,62.98099153,59.53628458
411,24.52345814,36.68722904
412,83.13484085,71.8592284
413,70.56954577,64.44437717
414,15.89381899,14.22052367
415,40.55804469,46.33883797
416,65.48338646,61.59384193
417,71.55186126,64.53458729
418,24.86635042,36.65279439
419,95.57880226,79.72868828
420,29.41519049,39.27899221
421,27.07918187,37.79898657
422,73.95882321,66.70561542
423,91.57373697,77.29055937
424,61.37328898,58.81159129
425,51.859452,53.36967228
426,10.59637781,12.50723613
427,37.68571134,44.87369593
428,24.64535625,36.11000695
429,76.41204562,67.71197969
430,20.93699992,11.34595785
431,55.94683462,55.30659554
432,21.52674617,30.2094671
433,10.85241005,12.5233783
434,33.31955653,41.48406295
435,19.54419506,14.75064872
436,71.60542007,65.07593081
437,15.2535832,20.39079631
438,55.70310363,55.89227521
439,88.64958414,75.35497126
440,21.4948253,34.38394128
441,70.00227827,64.1334575
442,89.43265595,76.77009777
443,76.13325389,68.28677537
444,93.20203346,78.88601716
445,23.99276216,36.20846581
446,84.12416903,72.97554696
447,11.19978787,16.97276186
448,45.02843848,49.09749317
449,95.40178693,79.2456322
450,15.11269194,13.72760151
451,95.52169659,79.82947753
452,61.85029349,58.89705492
453,40.17956035,45.87163075
454,28.84924205,38.74763756
455,53.19005482,53.7573254
456,84.36791079,73.31239343
457,89.2489845,76.34680685
458,97.53639653,81.50872283
459,36.63126075,44.18139524
460,93.8676195,78.3708153
461,47.14600465,49.89953908
462,59.32715449,58.25291835
463,92.19018099,77.80536129
464,54.54674698,54.82183851
465,46.39705431,49.71312525
466,33.26344233,42.10096905
467,45.23537882,48.74721452
468,44.19783345,48.81687782
469,98.19823146,81.54088755
470,51.91002719,53.30401103
471,38.60064166,45.58319987
472,76.31613012,68.1518939
473,98.69708294,81.69097672
474,80.61576054,70.60376419
475,21.73829935,34.87327869
476,63.02181635,60.3096251
477,56.76899581,55.34979521
478,90.30750839,76.78552481
479,57.32157447,55.82546645
480,97.85884342,81.04678859
481,90.66370906,76.82061477
482,50.91535455,52.9079003
483,96.40362506,80.18782741
484,10.1601785,12.76891046
485,82.15559346,71.79732669
486,79.00850038,70.06912618
487,53.46796881,54.2255455
488,63.9344171,61.02937517
489,28.4809807,38.84219335
490,62.94464236,60.4094226
491,75.33331316,67.64042223
492,69.14874107,63.98281905
493,82.81820211,71.94199248
494,92.08516395,77.17181063
495,80.33863452,70.80823441
496,32.79988315,41.62202003
497,23.91652753,36.18547462
498,22.20749977,34.79287747
499,76.54619763,68.78782055
500,30.17388168,39.94159702
501,19.9084813,23.02958377
502,90.24366271,76.56037344
503,29.22533908,39.5980321
504,42.2707232,46.65795669
505,36.99972382,43.67457292
506,47.48868642,50.6643514
507,17.20518653,12.71088551
508,85.2494778,73.65757532
509,63.98962574,60.04306162
510,74.32077802,67.26819292
511,81.18124043,71.7795784
512,72.34070152,65.21228699
513,61.58525993,58.92985235
514,42.31188729,47.59553039
515,34.26523178,42.27324994
516,63.12844667,59.40283202
517,86.5648998,74.17886247
518,40.3211301,46.16480262
519,92.0203206,78.11094803
520,24.00906219,35.77771917
521,36.46944092,43.32098827
522,78.63215714,69.93540402
523,34.02828561,41.95602399
524,37.53145415,44.47025531
525,39.30410244,45.64716331
526,27.27182207,37.91176972
527,31.32304447,41.45674563
528,14.49899091,10.84554296
529,23.11397185,35.46225551
530,52.80719505,53.29971355
531,90.08112267,76.67369751
532,85.33357087,73.33590435
533,63.36560178,59.21819487
534,96.46403221,80.35114869
535,52.76307191,53.87557403
536,84.83230117,73.49717185
537,89.25919426,76.51436535
538,55.31718049,55.18283064
539,74.63448088,67.52523673
540,85.48416193,73.79960197
541,59.04477577,57.79345181
542,22.29262502,35.09914936
543,46.23506263,49.31809012
544,55.37197926,54.80114491
545,28.45753764,38.94947265
546,46.83092704,49.95422841
547,22.52838511,35.25002089
548,57.33956478,56.69308189
549,86.71789597,74.71350028
550,93.83480281,79.01440272
551,93.91613814,79.270286
552,69.43142977,63.75602187
553,12.78033685,19.83858518
554,27.37674026,38.29472181
555,20.29091352,22.3117971
556,43.40226967,47.80863674
557,16.59020351,9.9815488
558,49.79851974,51.78289065
559,68.48990264,62.95769344
560,85.10112912,73.08112854
561,24.63645438,36.59242009
562,43.18435142,48.58893544
563,53.08685348,54.2997262
564,77.71615389,68.90632201
565,36.43001914,42.96408272
566,20.98870294,26.24283756
567,12.20184984,15.95565965
568,16.35719603,20.98925028
569,53.23282285,54.43856426
570,19.50807488,22.69809228
571,56.2524857,55.040012
572,60.42975279,57.61096005
573,20.6496931,15.38481848
574,83.76756201,73.07695787
575,58.02845345,56.83673156
576,13.84462529,7.79515767
577,76.01160781,67.75521365
578,16.17990172,9.11616101
579,88.73382143,75.48707159
580,77.40888637,69.18050672
581,50.58086017,52.01793069
582,47.9498748,50.4200334
583,36.55749914,43.85903949
584,68.21738016,62.39658764
585,47.19806102,49.89654218
586,69.91884315,63.43838856
587,10.36236432,11.35335117
588,20.84575833,16.93683618
589,17.37464303,26.37984159
590,24.3930245,36.03527289
591,56.92637502,56.37716687
592,16.01369811,20.49010304
593,93.06236344,78.14157097
594,33.87983951,42.35763477
595,76.16308454,67.57385871
596,94.35809272,77.93463063
597,48.69593238,51.05884579
598,70.07455785,64.64742547
599,26.04775258,37.48032598
600,51.33342942,52.31663806
601,26.359131,37.28870053
602,11.26840107,13.05743712
603,20.0893543,22.11009426
604,45.62866268,49.50220151
605,98.00071055,81.46521219
606,13.27579666,7.89295651
607,99.9574324,82.19213999
608,18.90910262,28.15027302
609,15.92370998,12.60031217
610,68.98124548,64.05124212
611,92.37129206,78.03018575
612,23.66756856,35.96783456
613,75.73372473,67.57926099
614,82.17091242,71.53682999
615,81.30172069,71.5162543
616,94.46552848,79.38817343
617,87.16961781,74.6547682
618,21.06455581,25.46317827
619,17.82784548,19.17473596
620,94.97038643,78.73559997
621,14.746622,19.20057896
622,68.83843138,63.77630838
623,59.47305725,57.31070894
624,71.11560118,65.12884695
625,68.04945291,62.8283874
626,48.47275753,50.81340417
627,30.32252546,40.88249547
628,49.56819473,52.35190886
629,93.17273231,78.08076545
630,82.97888603,72.35301825
631,96.97911862,81.03083892
632,34.5433065,42.55172853
633,71.63089395,65.33545169
634,19.4000986,12.27182696
635,48.83029454,50.6982788
636,77.14340653,68.45082937
637,86.10605911,73.66782813
638,31.11939405,40.14059018
639,80.16611464,70.22960726
640,56.34879465,55.89886927
641,98.28042777,81.22305618
642,73.56246355,66.52967755
643,11.68162165,14.80399747
644,30.19789409,39.72177848
645,37.39263816,44.49590336
646,19.27302242,11.34727303
647,12.31199913,10.87939751
648,85.24974026,73.42827305
649,20.61685647,22.71343915
650,51.78667201,52.89972136
651,23.67733473,35.88229199
652,39.79932117,45.66808355
653,36.50796566,43.94508804
654,45.01413389,49.29610063
655,35.16857916,42.8675531
656,22.90464741,35.42772964
657,87.8158521,75.02977996
658,10.109136,9.7141079
659,76.09620826,67.82012437
660,12.34758355,13.15767638
661,68.37532136,62.93916751
662,66.17725199,62.16710534
663,85.57235324,73.96866919
664,56.33998979,55.6997419
665,62.17634438,60.32741648
666,36.99807017,43.80446804
667,49.69835779,51.29566522
668,56.86344869,56.03374933
669,67.33045241,62.47702535
670,62.18060806,58.78269666
671,25.51242162,36.83938382
672,81.06824182,70.54407042
673,32.27636313,41.40340553
674,81.71355074,71.73410923
675,62.92131694,59.67532675
676,70.55074307,63.73821104
677,45.05200197,49.0460887
678,94.29604211,79.11198648
679,78.67941169,68.98527282
680,42.92305906,47.0677563
681,42.40648963,47.64488903
682,13.05886529,20.92991924
683,99.03443298,82.339993
684,84.36537688,72.67392653
685,70.16708059,64.77939764
686,98.27645474,81.51453303
687,39.83525275,45.65482944
688,81.15623303,70.86350415
689,94.68101429,79.36882348
690,43.34177012,47.92581661
691,13.46522256,9.62294002
692,89.71211461,76.31900252
693,95.02466145,80.27917693
694,65.78482039,61.90355366
695,93.86029913,78.96091676
696,93.01613434,78.725885
697,46.97519753,50.58569661
698,14.78033027,9.81604871
699,41.57549808,46.34598907
700,72.15828715,65.55592367
701,83.71564785,72.51491077
702,39.00763071,45.28827019
703,42.34964036,47.32176362
704,42.28192042,46.98766431
705,61.56504748,58.43372591
706,55.84186767,55.27193176
707,96.09905799,79.72984862
708,21.50450528,34.47547792
709,87.60450622,74.28350039
710,70.2022647,64.52664761
711,74.87634878,67.57321644
712,89.67819368,76.40034835
713,85.12369371,73.52433586
714,12.43916449,7.36836043
715,36.07011501,43.41413288
716,36.02298175,44.0805431
717,55.54577576,55.31854126
718,11.99555199,15.25388802
719,21.93489528,34.95587168
720,27.58131793,38.07331005
721,10.44169227,9.30271038
722,64.70018027,61.76009236
723,97.87213286,81.31162292
724,80.46631525,70.53998637
725,32.06392519,41.27551337
726,94.216599,79.03335023
727,17.21636821,18.61549993
728,56.66320884,56.90527758
729,98.0921257,81.69614974
730,24.37824663,36.10655484
731,36.53133498,43.84781909
732,96.97905149,80.67646177
733,29.0155001,39.2275967
734,18.79587559,17.94748446
735,48.79579309,51.07934033
736,38.71642583,44.81078989
737,94.80267777,79.01802841
738,31.54426927,40.7819518
739,28.22697678,38.52062418
740,63.77591521,60.08734151
741,15.2005117,15.99297543
742,45.75237729,49.2782756
743,29.10829938,39.20212762
744,18.37411294,26.08947405
745,19.43901688,30.96722858
746,40.95917681,46.57294103
747,88.11989203,75.47397642
748,62.73500275,59.19164785
749,11.91377286,16.26085892
750,22.27689528,34.84184287
751,58.18499317,57.00630036
752,59.20915007,57.79260378
753,37.82696087,44.84318011
754,11.52029193,9.14667694
755,95.86919704,79.95959332
756,46.89483137,49.94626378
757,26.90391843,37.61879494
758,65.46911534,61.04330907
759,49.49234251,51.90525474
760,17.43010628,22.25876051
761,85.02329866,73.87438748
762,33.16182187,41.44057309
763,18.01782991,24.21465012
764,40.66618817,46.11170953
765,84.93633963,73.85359134
766,68.98259819,63.45685051
767,37.08265657,43.96381151
768,46.83536505,49.78130542
769,83.9070013,73.73990869
770,74.17003917,66.21351254
771,36.91190266,44.08777799
772,43.20165355,47.86396463
773,50.73770157,52.547246
774,94.06615672,79.34928186
775,15.40764552,10.35726741
776,15.19096876,19.27343556
777,84.42949424,72.69552315
778,98.03195433,81.30899279
779,78.27896203,69.37728596
780,75.28651498,67.28715168
781,78.52553722,69.86410537
782,76.60284802,67.80807522
783,24.04639864,35.64636816
784,87.93030315,75.36050289
785,91.15076272,76.91117604
786,11.21756969,11.73565207
787,30.52206739,39.47182487
788,65.39041767,61.30949371
789,39.11917921,44.98353433
790,99.03763396,82.26545553
791,18.40112455,27.41335004
792,75.87509036,67.52104679
793,65.51847444,61.2064321
794,40.92642081,45.9695587
795,96.55072111,80.44637963
796,86.15683174,73.66974636
797,74.60615058,66.97703572
798,36.45286951,43.86870811
799,69.55632085,63.71737572
800,40.71496409,45.55408851
801,44.18067991,48.1163063
802,78.79305366,68.7400081
803,89.66664762,76.10616713
804,10.89100003,10.58916658
805,12.18915257,12.27805611
806,82.4869505,72.34757009
807,49.46405551,51.62214976
808,11.35144587,15.50271729
809,89.10059406,75.39269518
810,60.77723878,58.1481332
811,22.66074203,35.09205239
812,31.1615255,40.57276544
813,74.48425798,66.80495031
814,19.54003826,23.02652416
815,84.75797983,73.64603807
816,60.42165178,57.82784585
817,71.54589592,65.90637736
818,12.12610469,16.76556715
819,30.4174844,39.54357777
820,27.35683073,37.96579528
821,16.54447553,25.25288103
822,44.8268217,49.0191416
823,13.70143855,9.64591741
824,22.25564299,34.69846265
825,24.37371092,36.3738425
826,59.53970943,57.41137106
827,67.52836557,62.5021559
828,11.12876415,16.63844676
829,65.84329928,61.8040815
830,13.81213849,14.94838133
831,84.32717845,72.79348263
832,60.38574493,58.33663981
833,52.08855015,53.05066961
834,75.02721863,66.94864504
835,59.17231353,57.17608132
836,44.02942016,48.00050042
837,18.60449878,25.75577361
838,20.76349887,13.49627287
839,92.27872778,77.47324456
840,11.97799578,12.31864151
841,42.24298387,46.59828289
842,77.42718353,69.26842855
843,96.63118389,80.43130901
844,10.16957581,10.8425205
845,28.11204667,38.13385175
846,37.12579664,43.52739541
847,58.09996423,57.16409665
848,79.3428375,69.5285328
849,72.39141374,66.11568663
850,87.770958,74.99014824
851,60.28621288,58.28710332
852,90.95487964,77.01525941
853,23.13978981,35.68324262
854,74.7502448,67.02685298
855,81.45651465,70.84395187
856,16.80931275,9.63355427
857,93.3231998,78.32320848
858,60.38095232,57.64939846
859,85.40026354,74.23863375
860,96.92660133,80.34328844
861,45.35747738,48.80422093
862,51.03792207,52.5691874
863,76.12349783,68.07073596
864,93.63746439,78.49791154
865,91.03893245,77.70461564
866,25.45152346,36.92125749
867,94.73154876,79.94432068
868,41.24932634,46.53550033
869,17.11090237,14.1837107
870,86.70146827,74.36113835
871,41.10816213,46.19362411
872,80.14046686,70.76092686
873,40.44196387,45.32082108
874,14.77541337,19.84166254
875,88.85977506,75.845895
876,96.21610789,80.41633427
877,28.88902527,39.08332583
878,56.66981294,56.38615105
879,20.18499293,28.10849564
880,78.91222598,69.74115054
881,84.55060981,73.31132094
882,33.79159676,42.20014055
883,22.80575806,35.39528123
884,61.75340491,59.56741663
885,93.84719459,78.71282873
886,24.61647692,36.1540558
887,59.42155327,57.47045044
888,95.0828168,79.79475897
889,10.67180614,13.99218976
890,44.24088561,48.01382359
891,19.90774919,19.07726672
892,86.07368941,74.64533718
893,70.39039347,64.42694388
894,29.97625148,39.69959033
895,14.37449814,18.98047456
896,99.13004763,81.38763675
897,73.10252353,66.60578802
898,85.32882953,73.94740979
899,34.7272947,42.71248416
900,73.19135351,66.24350687
901,25.30902642,36.9473906
902,22.42671351,34.61356052
903,62.25274073,59.90818027
904,81.48963366,71.23686282
905,71.23326183,65.09689138
906,90.11976278,76.10351284
907,61.64281434,59.56386505
908,47.81921307,51.14145724
909,98.83839862,82.13334031
910,59.82536647,57.87006604
911,71.83983377,65.54545567
912,41.65744262,47.18301787
913,91.8282897,77.60347564
914,30.54193117,39.6853877
915,49.04179484,51.72415705
916,39.82564153,46.16543584
917,75.95845749,68.10516091
918,16.5904194,26.55376525
919,77.56643771,68.75620879
920,86.73612012,73.98653144
921,55.02050349,55.53674971
922,24.81110385,36.81200451
923,87.7356964,75.29668037
924,25.43738386,36.56232588
925,75.59694612,68.11162873
926,35.41221008,42.34962913
927,69.44475104,63.80899887
928,42.39460019,47.04628773
929,40.21622426,45.88646313
930,66.43464008,61.27150223
931,25.74793244,37.05129385
932,94.64895662,79.45505462
933,92.05031285,77.79798283
934,40.77731126,46.14612411
935,53.91760041,54.08333111
936,30.32639574,39.36274334
937,18.47202846,10.32773466
938,17.47271773,13.90601913
939,40.30838719,45.95213119
940,58.11181248,56.94747453
941,84.1451553,72.72997517
942,28.02078205,38.25570639
943,57.44926472,56.68900416
944,31.73454935,41.06297669
945,77.11346659,68.68946573
946,38.50516306,44.45251198
947,43.89841174,48.62289127
948,13.34858723,10.59249726
949,66.29422251,61.10106534
950,38.74306154,44.6648759
951,85.48309832,74.09003611
952,89.0783195,75.88591756
953,18.80600656,17.78695488
954,89.95297531,76.69582272
955,27.19720739,37.98432768
956,38.46618528,45.11182552
957,18.15195808,18.23075962
958,82.39976423,71.55483219
959,11.84064471,16.97365538
960,71.28652068,65.22257719
961,85.03760407,74.05526534
962,34.92553871,42.7593238
963,33.76998738,42.39088531
964,99.65815883,82.24501075
965,27.08680183,37.84493085
966,33.47570645,41.76097422
967,91.5343041,77.73565851
968,31.22190546,40.2610624
969,30.27060465,39.92852802
970,70.31126257,64.62415967
971,70.92898603,64.6533483
972,94.42370349,79.10178516
973,40.67303486,46.34791632
974,77.23876379,68.48792797
975,77.67496209,69.4086344
976,99.43903824,81.58205447
977,23.64939203,36.29462386
978,20.01470671,16.57612168
979,15.72860686,16.28944521
980,92.1797715,78.18556973
981,30.60132959,40.35239319
982,81.55036321,71.00002469
983,43.55733929,48.36224872
984,27.08033734,37.75522311
985,33.83477385,42.20899278
986,63.73479437,60.87718628
987,62.7320541,59.04790195
988,29.70288911,39.51959804
989,38.87301463,45.31115499
990,47.51982484,50.90443097
991,36.15585963,44.03636753
992,12.69137754,12.66837691
993,44.38075776,48.66403613
994,75.62778956,67.78578989
995,80.58658828,70.75934056
996,38.57525244,44.68264732
997,66.40707946,62.30504781
998,28.32081938,38.85036099
999,85.32170489,73.56626472
1000,61.49096101,59.0146031
1001,39.34920512,45.5223987
1002,65.10209955,61.47345406
1003,13.78705059,19.06104209
1004,29.00808422,38.85407399
1005,98.38847436,81.09240387
1006,40.11495553,45.74427851
1007,38.49165142,44.27966493
1008,95.74610114,79.66492119
1009,48.6069007,51.16204951
1010,96.36204972,80.11072825
1011,49.11293599,51.57714779
1012,15.73376826,24.93749626
1013,39.4388367,45.54986458
1014,97.62119998,81.05462034
1015,52.56630796,52.57187563
1016,64.24874706,60.50227238
1017,83.37028144,72.14667079
1018,68.81355012,63.39135587
1019,59.70762767,58.28950928
1020,51.04289328,52.8065552
1021,60.59627503,58.15454406
1022,28.53166596,38.87080431
1023,10.80534417,7.00448287
1024,21.4001625,34.26058368
1025,80.0924067,70.46906461
1026,27.61106948,38.11086669
1027,18.10398355,18.69859225
1028,26.08144011,37.40553515
1029,67.27398441,61.64387193
1030,69.38342594,64.21833289
1031,52.97025263,53.68717017
1032,41.68013192,47.18068086
1033,52.68323472,53.86624875
1034,72.12264806,66.03619796
1035,36.7700166,43.86832598
1036,48.87611715,51.32397178
1037,51.93667114,53.78847593
1038,30.68882231,40.7863397
1039,85.65059984,74.06240551
1040,19.80610507,13.91761265
1041,12.72580989,19.83980337
1042,52.17456952,53.31156834
1043,85.02159703,73.39846575
1044,56.82815356,56.27138236
1045,28.35320927,38.67360898
1046,39.48253492,44.9820263
1047,80.21707739,70.13855845
1048,86.94029549,74.71626491
1049,31.53870315,40.56489893
1050,81.16695993,70.68190414
1051,23.94272312,35.55262671
1052,82.37558353,71.56039106
1053,78.71217402,69.32428887
1054,60.43949038,58.8692511
1055,48.51994045,50.31347077
1056,90.04287766,76.47409222
1057,29.51551701,39.91327623
1058,32.49643146,41.1219959
1059,31.44957261,41.54663567
1060,83.29659884,73.00237162
1061,84.15435527,72.60322399
1062,24.56944242,36.27147567
1063,24.60388703,36.76484198
1064,43.23233783,47.69646088
1065,56.04558522,55.06537239
1066,40.96403992,46.41393582
1067,90.55121368,76.14921157
1068,72.51652174,65.47793853
1069,11.7066493,15.33027175
1070,50.919787,51.84743539
1071,85.20128758,73.17925642
1072,19.88792575,21.64009605
1073,88.81851793,75.94134584
1074,42.48051558,47.42683796
1075,51.70307649,52.92475136
1076,92.15242986,77.84068215
1077,96.87010365,80.51765978
1078,33.12269912,41.61072688
1079,90.52847597,76.70579552
1080,41.77252347,46.50676368
1081,50.35485514,52.96132213
1082,32.91918821,41.95421028
1083,88.46767708,76.05167646
1084,42.60471354,47.27138198
1085,55.07654547,55.0324357
1086,60.18006524,58.51765908
1087,85.03933459,73.21879104
1088,57.94227881,56.97317925
1089,21.58550016,34.65230914
1090,70.03795569,63.45436847
1091,79.8471974,69.92181808
1092,41.69552032,46.93382884
1093,47.97887224,50.84139545
1094,71.42352645,65.28510727
1095,84.80533794,72.64776807
1096,66.29804046,61.92595999
1097,43.46343887,47.40525971
1098,94.15986774,79.64647141
1099,97.02563877,80.13862294
1100,36.42614468,43.75323039
1101,31.01871686,40.02450741
1102,83.87765261,72.42249175
1103,84.06615981,72.79686219
1104,48.12859079,50.68311042
1105,45.02463348,48.84261373
1106,22.32938928,34.7466139
1107,94.78137554,78.81758241
1108,12.88218712,10.24903099
1109,11.37926499,9.42221552
1110,37.69014685,44.34387821
1111,81.85452553,70.9213741
1112,29.01024657,39.12886343
1113,70.18864219,65.02696879
1114,98.82092164,82.36488478
1115,68.48094406,63.704225
1116,28.99307992,38.95803182
1117,44.93281221,48.60097028
1118,73.39131102,66.60037797
1119,63.21250481,60.38463458
1120,27.15944409,37.58857299
1121,67.54906736,62.63827991
1122,53.5137284,54.64813132
1123,31.87536509,40.30473805
1124,59.45373981,58.06254572
1125,43.81603711,48.02126312
1126,93.84032936,78.64815694
1127,47.22660111,50.2098985
1128,37.65412672,44.1411893
1129,97.88329706,81.20620772
1130,32.00704755,41.34300594
1131,89.98709444,76.11399133
1132,20.50844228,31.10991401
1133,89.88304513,77.26270316
1134,88.13013073,75.22321841
1135,22.3460112,34.85526304
1136,37.01552521,44.50599848
1137,99.60149234,81.99917468
1138,21.46911824,34.41588531
1139,39.88184126,45.73248898
1140,15.75629393,17.18001623
1141,15.91675239,20.74241476
1142,88.12431949,74.4422555
1143,88.12031327,75.17615464
1144,35.18379693,43.19218806
1145,23.60472655,35.97930729
1146,16.32324755,15.23083069
1147,75.26621023,67.44465662
1148,73.54674732,66.23508753
1149,19.61640819,21.62209199
1150,53.21608874,54.14316155
1151,70.51482475,64.72161369
1152,47.14930658,49.87212179
1153,73.99393154,66.39911112
1154,81.50388332,71.29232752
1155,59.45831712,58.02544369
1156,60.500082,57.98463223
1157,62.1904897,59.89070339
1158,97.70686445,80.9121367
1159,51.06526846,52.13618112
1160,56.06435217,55.3017215
1161,40.41318498,46.08193256
1162,43.33979246,47.85823653
1163,81.48281198,71.72487844
1164,94.87563349,79.23077391
1165,99.38523945,82.22632705
1166,37.59361359,44.30331098
1167,34.05799141,42.32187648
1168,54.73906314,55.00531362
1169,81.68165476,71.31166248
1170,76.4394394,68.33624177
1171,53.14326159,53.76322376
1172,29.92079158,39.37889957
1173,28.85661303,38.69912313
1174,22.46389253,34.80503771
1175,31.12601135,40.16775188
1176,71.42732394,64.85968601
1177,99.30360386,82.4690016
1178,37.30585842,44.25121889
1179,64.51481801,61.23143821
1180,98.47476001,81.7408663
1181,56.79350287,56.52409316
1182,73.43695651,66.0969597
1183,20.32902248,32.2618169
1184,73.46063451,66.36322808
1185,45.58176205,48.9776562
1186,81.26573337,71.01786096
1187,93.35153751,78.91865158
1188,38.98223788,45.04155132
1189,24.6753993,36.26565507
1190,32.92037735,40.8897398
1191,32.97920002,42.31439497
1192,57.59288591,56.95717552
1193,99.90623432,82.30148429
1194,34.75233777,42.13602542
1195,29.60700502,39.52869886
1196,58.49166939,56.96560902
1197,14.09963312,19.63247359
1198,25.07541901,36.61125796
1199,29.0302211,39.05114852
1200,28.59774292,38.74664068
1201,42.53871841,47.38975664
1202,93.68372769,79.20816843
1203,99.75898518,82.79061172
1204,24.66520486,36.53983202
1205,41.64195243,46.35361175
1206,20.01166956,29.29419335
1207,70.63669172,64.42689
1208,45.98516876,49.6726665
1209,83.98093179,72.85318982
1210,70.81572982,65.07152173
1211,65.47275374,61.56791326
1212,23.41669793,35.72781004
1213,46.25095601,50.1630588
1214,30.67010745,40.07767908
1215,93.37020222,78.98178651
1216,63.57635907,60.30102889
1217,59.37613865,58.32332795
1218,22.88059172,35.40569026
1219,94.68162714,79.8721383
1220,53.99882168,54.11487772
1221,68.1602506,63.20296953
1222,47.52759702,50.46224962
1223,58.16701603,57.52071343
1224,24.58964729,36.54142334
1225,47.36309072,51.12667384
1226,42.21822717,47.17150166
1227,73.95419284,66.55365634
1228,42.20088265,46.67830735
1229,46.4354336,49.46129668
1230,97.70432074,80.98968551
1231,36.69453409,43.1363721
1232,93.11291471,77.98347409
1233,20.28752498,18.35624162
1234,53.91314306,54.63672085
1235,94.58534367,79.56246641
1236,42.00836687,46.76953342
1237,92.55809084,78.10811135
1238,82.97086923,71.5059282
1239,72.78718609,66.07139743
1240,63.29443056,60.171455
1241,93.87496288,78.0626815
1242,39.13684266,45.16312301
1243,55.04742236,54.76922498
1244,59.5838329,58.34007573
1245,19.54608897,20.51938135
1246,48.33166396,50.8706322
1247,59.90119043,57.95291279
1248,58.72143998,57.39798587
1249,50.96540064,51.87431083
1250,53.55824852,54.22512054
1251,11.1685544,7.00318704
1252,19.75192739,17.25550871
1253,88.91267596,75.49328065
1254,48.20007159,50.75640133
1255,63.9156572,60.81812218
1256,18.43180111,15.01386589
1257,40.01281164,45.37791956
1258,72.21775781,65.1568308
1259,13.13180085,18.37771788
1260,59.44739632,57.86164572
1261,79.83312581,70.45754781
1262,94.1572079,79.5675281
1263,86.89002045,74.31732309
1264,21.68517941,12.8472221
1265,28.89520018,38.83334602
1266,79.62779154,70.81374519
1267,40.07812065,45.83237187
1268,16.03690593,25.39952157
1269,91.37469377,76.52145759
1270,95.09184169,79.81512695
1271,48.02918833,50.77332712
1272,63.33127412,60.45215624
1273,95.73893016,79.5461229
1274,79.96743656,70.09144204
1275,74.88582181,66.6899332
1276,29.36944849,40.03538036
1277,54.41801289,55.10285858
1278,97.11088508,80.34147137
1279,99.88039263,82.64861661
1280,66.77682458,62.81573262
1281,52.4340434,53.5923005
1282,65.52125229,61.03990335
1283,99.50486039,82.26111972
1284,90.18376916,75.61742976
1285,13.86469569,13.12155489
1286,74.41310013,66.57892052
1287,83.46426871,72.94558493
1288,57.28718457,55.49007997
1289,18.81547078,21.14909918
1290,25.81753259,36.96873169
1291,40.35303273,46.44628806
1292,75.3764219,67.93679728
1293,40.19305263,46.31365074
1294,86.76825951,74.64609521
1295,93.73050248,78.76060139
1296,82.1971692,71.85060927
1297,31.26461121,40.73001034
1298,15.634967,15.17198264
1299,33.39652414,41.23225604
1300,49.86671221,51.64220509
1301,31.12185501,40.257297
1302,96.15973467,80.00872763
1303,67.69708934,62.85484789
1304,10.9053354,6.76582695
1305,24.2165615,36.04897757
1306,67.34682483,62.60415382
1307,31.72995289,41.15754258
1308,22.19794124,35.13061209
1309,53.88763618,54.13662918
1310,88.34271608,75.39720844
1311,43.29137985,47.94600359
1312,90.87245898,76.76138264
1313,49.02320109,51.30845416
1314,61.74895084,58.71030158
1315,60.18680674,59.09443464
1316,43.43153815,48.22254538
1317,67.86335743,63.28592507
1318,87.93349616,75.26512181
1319,49.05411826,51.90661386
1320,20.21893376,31.32781635
1321,99.64029617,82.77378773
1322,31.17455001,40.20248508
1323,76.72051873,68.80526264
1324,51.9472817,52.96192468
1325,69.51115966,63.13180706
1326,82.90178245,73.01983917
1327,44.3944789,48.76514471
1328,72.04645706,64.85673507
1329,92.77488116,78.23383878
1330,43.2722681,47.65258897
1331,31.4908529,40.68783324
1332,86.11121796,74.53718543
1333,71.42345779,64.48975919
1334,65.37562645,61.23715578
1335,88.06357306,75.41371804
1336,81.27826419,71.9656321
1337,76.58734457,68.68526518
1338,30.92908202,40.61665886
1339,19.06688195,22.72057725
1340,12.34237987,9.72673021
1341,67.69556112,63.1995947
1342,65.54343282,61.53984258
1343,34.82226044,42.53688973
1344,84.91284016,73.25015651
1345,79.1688368,70.0079986
1346,16.25041207,21.43072313
1347,52.49395354,53.464482
1348,26.68343399,37.594657
1349,64.79008054,60.63101976
1350,68.4935388,63.17153895
1351,52.28805266,53.96973028
1352,27.42209188,38.77028071
1353,76.77024857,68.90459437
1354,87.96038909,74.48736985
1355,76.55889176,68.00472975
1356,98.56470912,81.79346314
1357,72.59049235,65.22904655
1358,61.00717073,59.34833757
1359,49.28744175,51.67211681
1360,83.07524283,72.33436096
1361,33.02306063,42.08556554
1362,47.466249,50.20790627
1363,75.64670182,67.30479534
1364,83.58056392,72.59682914
1365,31.87523904,40.45515759
1366,23.01240027,35.49709984
1367,23.07947866,35.78797982
1368,53.37670788,53.84035582
1369,49.14450729,51.41288122
1370,90.99212332,76.7698661
1371,51.22087022,52.52509219
1372,53.78339502,53.81893213
1373,48.31519245,50.71814942
1374,99.08112292,81.50759795
1375,88.61654362,76.31063832
1376,81.56586767,71.42781579
1377,35.94958402,43.11775222
1378,43.74545889,48.07836545
1379,38.96059229,44.75954081
1380,60.54632032,58.61740891
1381,73.13440114,65.79249248
1382,34.39113917,42.19973735
1383,77.97867879,68.8956801
1384,85.22357383,72.83655561
1385,13.06579161,13.6369354
1386,71.07608313,64.23917119
1387,81.08880583,71.46714533
1388,55.89354974,55.30439901
1389,17.98773117,26.30872275
1390,29.30328776,39.41814331
1391,77.38664291,68.52531603
1392,41.08615824,46.67232731
1393,14.10031006,14.57366671
1394,89.55630244,75.99575188
1395,86.48400011,74.56164666
1396,77.77966763,69.19955444
1397,26.1321229,36.98952088
1398,97.608373,80.77641714
1399,63.76534271,61.02018061
1400,79.05928779,69.05701706
1401,96.01809009,80.2207098
1402,28.99877369,39.12399455
1403,25.87135456,37.18663815
1404,69.32974908,64.12488863
1405,75.99839594,67.94610614
1406,60.11169138,58.53128206
1407,65.47590523,61.46465726
1408,25.84403174,37.38191857
1409,61.44425157,58.83455806
1410,95.17511274,79.14156575
1411,91.89660918,77.76842315
1412,70.92278655,65.13006431
1413,62.63112148,59.63277107
1414,16.90206039,18.9446056
1415,99.99896776,82.68544383
1416,55.50251933,54.87318896
1417,24.82862942,36.58269194
1418,12.06845223,13.1896943
1419,91.94892569,77.74102379
1420,24.55890962,36.05721292
1421,56.93595855,55.82341205
1422,95.76396014,80.18798517
1423,56.75077506,56.50272974
1424,27.68658927,38.00055838
1425,45.31655345,49.33186663
1426,47.14957465,49.8760685
1427,31.42934784,40.6829634
1428,32.10792232,40.69005046
1429,35.94333532,43.01893372
1430,96.03305191,80.7278639
1431,86.33139875,74.06603685
1432,62.87108604,59.82922831
1433,93.74882592,78.60709153
1434,79.11568011,69.29646261
1435,45.56206671,49.18845788
1436,68.61348175,63.50105019
1437,39.26926366,44.69289577
1438,13.74379342,11.68564767
1439,24.83362335,37.10179872
1440,98.41262393,82.36128868
1441,38.60479272,44.59893795
1442,28.82268156,39.25011249
1443,40.72121129,46.13255898
1444,37.55071037,43.89137984
1445,47.05118192,49.99190179
1446,38.64129125,44.83271534
1447,29.29640337,39.22426927
1448,33.94651883,42.57592649
1449,88.69064259,75.32562799
1450,53.13986681,53.67334304
1451,32.2253106,41.19218768
1452,96.3840232,80.3948575
1453,54.34173051,54.42698625
1454,32.09267182,41.48713426
1455,65.23917495,61.57913731
1456,76.06454295,67.81242634
1457,73.22578126,66.63804939
1458,57.48628113,56.62993493
1459,73.54864942,65.80619168
1460,46.97259712,50.70309649
1461,57.13519249,56.47960754
1462,64.52381478,60.79982981
1463,49.54393417,51.99637448
1464,14.11158725,21.01373518
1465,16.17192409,12.9386519
1466,98.3290853,81.84808786
1467,72.99978194,66.74193336
1468,81.67700184,70.88666169
1469,34.83782883,42.20582519
1470,84.05787444,72.58290953
1471,20.12668362,32.23311724
1472,89.98598835,76.6891178
1473,29.79358735,39.7954858
1474,69.79293145,64.06325041
1475,67.29539137,62.42031686
1476,53.12172962,54.31229722
1477,32.723271,41.20249452
1478,25.51675627,36.44696301
1479,68.01444985,63.09617244
1480,81.14602429,70.39520558
1481,19.5044978,11.60822135
1482,16.99163964,19.27866624
1483,83.83725846,73.19823566
1484,34.93147508,42.74514094
1485,37.76629376,43.97600146
1486,37.84620647,44.79775888
1487,55.53882022,54.81193786
1488,90.72351671,76.75462595
1489,66.73503887,62.04297821
1490,15.49356412,12.73604299
1491,22.07703168,34.76779591
1492,74.70762693,67.16273747
1493,34.80646006,42.66082272
1494,38.65949015,43.98049446
1495,84.80416241,72.95862719
1496,69.34743329,64.0925824
1497,93.70371457,78.61990929
1498,60.42910198,58.66481315
1499,46.14288154,49.74737506
1500,24.82323243,36.51428137
1501,40.58900282,46.65125006
1502,26.34540447,37.38344932
1503,29.49385576,39.15482962
1504,62.97543024,60.30850529
1505,98.4121957,81.1473842
1506,10.00888781,15.13780531
1507,18.92470752,14.27642927
1508,63.58890672,60.31433931
1509,74.48573261,66.4810122
1510,88.24752028,75.14820114
1511,78.61444165,70.11466326
1512,15.89477531,13.87100987
1513,99.77804825,81.87964164
1514,63.29980024,60.21661636
1515,53.53652374,54.39839578
1516,52.20674224,53.98344896
1517,24.69824845,36.21863654
1518,40.43886181,45.45718782
1519,56.26279704,55.57258074
1520,78.49591258,68.62984527
1521,59.34826147,57.4052398
1522,31.93931887,41.83551784
1523,26.44081196,37.27169239
1524,27.30146023,38.0214901
1525,34.2440178,41.77217047
1526,27.50927834,37.87828008
1527,29.97521899,39.44219196
1528,69.90285911,64.39322192
1529,52.4349914,53.25038809
1530,13.92637259,10.80288074
1531,65.21908163,61.43245983
1532,29.66914822,39.53345361
1533,82.92145521,72.52891712
1534,31.04786016,40.63417136
1535,96.73701226,80.66329329
1536,63.49943626,59.7816295
1537,50.63981133,52.72368105
1538,99.03480927,82.16803787
1539,72.19923965,65.44957792
1540,52.71941528,54.53889688
1541,85.67050837,74.00378065
1542,72.11726034,65.45931976
1543,64.22239188,61.16717217
1544,58.65533093,57.09238947
1545,42.736301,47.30393191
1546,38.2302028,44.67675225
1547,47.28333405,50.09252879
1548,55.20362054,54.96904936
1549,20.44311954,18.91066108
1550,31.60840332,41.50974253
1551,31.94874193,41.60144406
1552,91.33600871,77.17953012
1553,97.59555963,80.88603985
1554,85.2545842,73.92858826
1555,65.87963385,62.44089335
1556,28.65736397,38.99567339
1557,25.16657771,36.53995476
1558,44.06209062,48.13678418
1559,21.90037547,34.60213725
1560,91.35196995,77.41248185
1561,97.86768274,81.93965731
1562,37.29987623,44.42975661
1563,79.23174715,69.18378826
1564,53.17035034,53.13491911
1565,41.63588358,46.53772166
1566,15.19134143,23.2937623
1567,85.05339881,73.57230916
1568,36.8459762,43.92242261
1569,18.64208018,29.20960737
1570,60.85283313,58.3239086
1571,55.11952672,55.21474386
1572,38.58310601,44.26371261
1573,13.11005251,17.03111405
1574,84.45197991,73.00512021
1575,79.21270291,69.57675093
1576,62.09531444,59.21746855
1577,89.87684301,76.40250549
1578,43.748089,48.32128251
1579,41.59182171,47.33635615
1580,85.80511548,74.31896119
1581,96.92001442,81.01532692
1582,65.93917621,60.95241508
1583,76.91342863,68.2407434
1584,65.00469061,60.86806019
1585,73.49318428,66.65264247
1586,75.23426961,67.73601865
1587,82.31040369,71.32848589
1588,59.91545729,57.63045851
1589,99.16215994,82.09754586
1590,88.19407774,75.38540413
1591,18.57155979,24.10040472
1592,79.727303,69.39446936
1593,35.32626001,42.76129133
1594,59.56457732,57.95515712
1595,38.66569659,44.99952971
1596,90.20198382,76.97406951
1597,96.87761155,80.12409248
1598,33.08508363,40.8559976
1599,25.59258904,36.83668762
1600,97.04426053,80.49669607
1601,69.33397317,63.76967037
1602,60.63740362,58.94978649
1603,15.01149966,23.78880508
1604,19.00383254,29.33199931
1605,83.43814059,72.65357629
1606,29.51448888,39.22341994
1607,46.13181596,49.55321154
1608,30.75842275,39.58762674
1609,45.52508305,49.24931601
1610,99.75022702,82.51085863
1611,37.40783973,43.52151185
1612,67.93353802,62.18407745
1613,93.10151607,78.31918182
1614,98.09053724,82.55036362
1615,82.89777359,72.605476
1616,93.88416873,78.87671282
1617,23.61114892,35.69404779
1618,57.40878099,56.93148499
1619,41.78358403,47.26187075
1620,84.76333343,74.15290954
1621,39.38906147,45.34886328
1622,28.26941624,38.73809181
1623,87.14988666,75.37267345
1624,88.82918148,75.7125439
1625,32.18217741,41.16512035
1626,50.81110185,52.32119257
1627,26.65665698,37.34976179
1628,63.57456264,60.15168514
1629,39.67092435,45.15744826
1630,68.16498384,63.41434558
1631,53.76146807,54.42855142
1632,75.23224215,67.82120633
1633,28.50259154,38.61773868
1634,73.60947424,65.88832949
1635,20.05115477,31.94817372
1636,42.08400111,46.74760859
1637,55.87636549,55.10932123
1638,70.55891719,64.60191041
1639,38.54773515,44.42236216
1640,20.73571735,32.42198779
1641,32.21037409,41.20237034
1642,77.60372063,68.3003702
1643,13.16920164,12.51969319
1644,76.22633682,67.52987992
1645,76.29016224,68.37409747
1646,11.24805348,10.92128393
1647,35.52118753,43.41294257
1648,27.09868689,37.83536617
1649,17.70336995,12.05769754
1650,79.93990741,70.42098652
1651,11.00442521,16.56209034
1652,32.00494235,40.96287917
1653,19.08574561,12.60158007
1654,45.58876598,49.11845339
1655,12.00235746,15.52082609
1656,72.66705301,66.93930647
1657,67.17427391,62.79875282
1658,48.25575699,51.18902527
1659,34.77628645,43.09471703
1660,29.69764048,39.51598534
1661,86.05464384,73.88187401
1662,26.72469574,37.53770353
1663,32.02384494,41.1728522
1664,78.03956665,68.76113814
1665,98.67461239,81.21104623
1666,16.95779052,12.6327469
1667,55.1370025,55.06647049
1668,13.71687128,15.12290275
1669,17.04413221,22.15132161
1670,30.90145608,40.1602183
1671,76.39742778,68.15619879
1672,83.3900105,72.97900388
1673,37.60615154,44.32197794
1674,31.81647582,40.15053146
1675,81.63494884,71.11017476
1676,88.25312291,75.46374472
1677,21.1859063,19.88225621
1678,37.13332017,43.30508893
1679,80.56129624,70.53119276
1680,92.38186164,78.79641974
1681,99.93214169,82.88896283
1682,99.22852494,81.85280428
1683,94.21546122,78.34192436
1684,22.69967923,34.99976464
1685,50.88809135,52.56008778
1686,29.28149136,39.32434402
1687,75.74484206,67.1936976
1688,98.51068533,81.59126102
1689,32.54626177,40.38276647
1690,23.64487008,35.53100884
1691,90.13442341,76.64934423
1692,60.94497715,59.18196675
1693,21.90644304,35.06467603
1694,32.0744496,41.10352856
1695,24.77352067,36.53079645
1696,98.34942204,81.87084939
1697,30.82254245,40.16970836
1698,64.0825826,60.13178201
1699,81.21124813,71.44858512
1700,87.23949803,74.68508725
1701,75.60812781,67.8328278
1702,91.99908795,77.49497719
1703,49.04213457,51.84029583
1704,78.84426635,70.00416288
1705,98.08568597,81.3400369
1706,63.91891619,60.39654129
1707,81.05568596,70.43634998
1708,31.54706564,40.91892479
1709,88.85240218,75.75657957
1710,26.20434624,37.35059004
1711,61.73782207,59.38259912
1712,75.87981225,67.75982398
1713,28.49235476,38.93992347
1714,59.86949884,58.0065738
1715,90.54316252,77.69555476
1716,91.5095208,76.92506125
1717,76.87843501,68.32495913
1718,18.11321319,13.9518044
1719,94.50993243,79.43369138
1720,87.9087618,75.03528078
1721,67.85986625,62.7071816
1722,69.37591434,64.33917847
1723,63.70544763,60.62759421
1724,79.67871226,69.90021408
1725,98.01022705,81.86793254
1726,41.00811364,46.11735929
1727,13.68487707,13.60500682
1728,65.81380176,61.85695265
1729,49.72475624,51.92155088
1730,34.7914106,42.54858595
1731,62.47297027,58.79520791
1732,29.17898112,38.79335217
1733,75.2993529,67.97365936
1734,34.99857859,43.12180778
1735,35.48388337,43.39394558
1736,96.52704259,80.39926657
1737,79.91063892,70.12691828
1738,12.86401583,11.3118547
1739,82.25403662,72.03126917
1740,68.35097769,63.15914064
1741,39.09285078,45.24330807
1742,47.55576647,50.26409627
1743,95.30835586,78.9421322
1744,29.30573707,38.97030244
1745,87.06618856,74.43190155
1746,47.91845598,50.02356796
1747,40.01375159,45.73294638
1748,92.22251054,77.81030088
1749,68.46782261,63.20134577
1750,95.13488489,78.89642411
1751,31.23728766,39.74242877
1752,51.80817852,52.95690566
1753,32.83076799,41.61447481
1754,68.61250773,62.88867079
1755,57.7128105,57.14836597
1756,80.13164457,70.80402213
1757,82.43609749,72.25611941
1758,96.21284074,80.93874601
1759,67.34605406,62.76724148
1760,83.71240089,72.7303562
1761,65.38086518,61.59214743
1762,53.29170572,53.42620327
1763,72.35755247,65.97289309
1764,98.11674776,81.21420886
1765,87.52492817,74.38642675
1766,90.37807338,76.38319192
1767,65.69067484,61.44364153
1768,73.20938731,66.35191675
1769,91.49814303,77.74612585
1770,60.83663556,58.90659652
1771,60.48375077,58.48391599
1772,89.65086717,76.20457914
1773,89.78485884,76.73973891
1774,97.06857622,80.94012194
1775,12.51541433,9.50971204
1776,29.10284186,39.26567272
1777,68.8016757,62.84416181
1778,16.19123251,13.53087114
1779,38.72846602,45.44267936
1780,85.43798996,73.893938
1781,26.27286983,37.12522855
1782,72.73634246,65.49801149
1783,99.56199747,82.21201627
1784,12.08964827,8.71507905
1785,85.91131323,74.70655445
1786,25.95500785,37.45372925
1787,62.71870866,59.82365112
1788,51.49528238,52.47004693
1789,28.18326492,38.6531766
1790,45.17679528,48.55313576
1791,19.13831796,12.15064734
1792,98.70464602,82.42164315
1793,38.12687443,44.65337611
1794,96.76252422,80.99178979
1795,28.8948531,38.95333086
1796,94.17200257,79.83810637
1797,95.37285704,79.75546951
1798,65.6213987,61.37275881
1799,53.46571198,53.86792538
1800,67.76916626,63.37943323
1801,20.39896458,26.69131777
1802,31.01011477,40.71490914
1803,97.99737759,81.81686631
1804,16.21875265,19.70659812
1805,13.53318272,21.68950124
1806,50.75606108,52.28242414
1807,61.8609619,59.65263012
1808,90.02854868,76.46609216
1809,58.71598732,57.36075601
1810,17.24047764,27.54069204
1811,76.60996585,69.23439419
1812,87.28035684,74.49582907
1813,16.14788426,18.47301794
1814,61.58544737,59.3299831
1815,47.39396005,50.64962201
1816,28.80270732,38.87830328
1817,66.36498362,61.48097072
1818,63.8119151,60.46980535
1819,48.41784443,50.15102703
1820,65.28860277,60.86717316
1821,20.82127943,15.08532771
1822,43.71420774,47.30886516
1823,61.76153875,59.08615971
1824,87.58189029,74.66769434
1825,40.18788874,45.99166037
1826,91.46981366,77.16853943
1827,77.77059604,69.67729322
1828,46.93591676,50.78184561
1829,59.81801013,57.99395601
1830,40.36766628,45.92346511
1831,64.55041575,60.97820404
1832,71.82629407,65.28445813
1833,34.02463584,42.14041192
1834,79.08752631,69.28651739
1835,40.95970466,46.2770826
1836,45.59507338,49.71980965
1837,23.14244945,35.01327194
1838,76.505989,68.06527284
1839,78.92123571,69.5932748
1840,95.80510359,79.90641786
1841,85.39684839,73.79832509
1842,42.84218832,48.09733771
1843,88.00688219,75.40648705
1844,45.65970052,48.98648179
1845,55.76481509,55.40903554
1846,81.59469919,71.44636086
1847,96.42614221,79.90845575
1848,60.85041615,58.49164795
1849,42.00840841,47.10781777
1850,68.43332808,63.04789398
1851,99.84413979,83.29139935
1852,19.76205364,20.46301022
1853,45.83461521,49.22365315
1854,25.26828409,36.86529183
1855,25.29234192,36.84050011
1856,27.94601831,38.70290768
1857,16.96326903,22.9280365
1858,55.24864647,55.34195852
1859,26.13640917,37.00538705
1860,85.21363112,73.51810704
1861,41.22765579,47.30450466
1862,29.64155437,39.1029856
1863,20.25941209,21.21446188
1864,67.40644736,62.20005849
1865,47.14505768,50.01896479
1866,30.93882316,40.51445783
1867,12.36612535,15.47187977
1868,35.76338423,43.41247521
1869,48.80401416,51.05530498
1870,72.35551751,65.34775511
1871,67.25593006,62.482297
1872,43.48350004,47.5669596
1873,26.00855725,37.59480387
1874,79.23225232,69.15191381
1875,31.294814,40.60558895
1876,71.26566178,65.1275915
1877,93.16820749,78.78212217
1878,52.20492096,53.17846996
1879,49.5636833,51.87957257
1880,19.34991483,28.97215861
1881,83.74125342,73.31587941
1882,13.26738768,7.21961233
1883,67.40119339,62.69449206
1884,36.7184364,44.03124906
1885,38.60420445,44.68336892
1886,58.08629777,57.54653916
1887,39.32113871,45.00263594
1888,30.7908674,40.12604138
1889,93.627444,78.16878681
1890,48.90239059,51.3644658
1891,97.4766532,80.87037737
1892,61.84548527,59.01015321
1893,90.71313669,77.39943948
1894,23.96150063,36.84735604
1895,62.36061758,60.36914972
1896,80.36272992,70.11681957
1897,45.73214495,48.76736152
1898,34.95786586,42.91608388
1899,70.38655336,64.48644643
1900,31.00328782,40.16563526
1901,44.33126901,48.50030589
1902,95.83860384,80.20371004
1903,45.93919861,49.10881286
1904,24.37102905,36.11820854
1905,56.8000457,56.1962731
1906,85.80112868,73.71780589
1907,80.08654574,70.98526653
1908,21.46147372,34.04963427
1909,95.87936592,80.26741451
1910,65.99845559,61.52071921
1911,28.10217307,38.55677193
1912,65.0116001,60.59479296
1913,41.6636175,46.22714156
1914,35.40734143,42.19513456
1915,10.06189608,15.11852014
1916,54.73162268,54.98281553
1917,83.65474198,71.69215665
1918,53.97808093,54.22249821
1919,21.92011953,34.57920431
1920,41.31462037,46.34280245
1921,68.78055836,63.12632599
1922,24.29918984,36.55521425
1923,95.23134227,79.52510479
1924,17.84706863,10.62842481
1925,92.57779561,78.74103377
1926,14.96397758,20.31122647
1927,69.14390668,64.17570755
1928,69.91074986,64.07566402
1929,52.03432443,53.64200646
1930,56.72067101,56.19798421
1931,90.33514703,76.80516762
1932,72.10923614,65.14182257
1933,57.08309769,56.59091908
1934,31.39603979,40.63070892
1935,68.90233279,63.3885735
1936,27.42478512,38.19655634
1937,11.32137975,10.07659273
1938,73.15727398,66.01142682
1939,81.82619388,71.13869094
1940,93.53485985,78.90374381
1941,70.63054399,65.01692127
1942,38.52373322,44.57759789
1943,52.33592468,52.99486891
1944,98.74643975,82.14405005
1945,20.70673809,18.54973527
1946,29.6664048,39.45498713
1947,69.24536004,63.45645539
1948,82.10523716,71.30275209
1949,44.79965068,48.41336604
1950,56.10556405,55.40791818
1951,35.95331703,43.20483593
1952,73.00575753,65.93456176
1953,89.82571891,76.51222099
1954,56.88392232,56.05223308
1955,13.30412831,8.38603921
1956,60.67724311,59.09147481
1957,51.93803288,53.59980682
1958,63.14105606,59.3322416
1959,47.69634017,50.02356605
1960,87.75551845,75.18257086
1961,81.7483583,71.12094264
1962,57.38466372,56.64778577
1963,68.03799765,63.3324705
1964,72.72742574,65.76246968
1965,88.10137445,75.20740225
1966,88.62748976,75.58406024
1967,15.33785845,19.89297235
1968,52.35309473,53.7443761
1969,97.26807854,81.63891659
1970,91.5177777,77.16331508
1971,45.97052203,49.14037829
1972,73.86746544,66.43232964
1973,90.22243155,76.85616798
1974,78.20852936,68.84454308
1975,66.38604644,61.78709974
1976,38.69444383,45.71049053
1977,36.13369559,43.32468562
1978,71.30037077,65.68078174
1979,51.69640443,52.78643177
1980,13.6029474,14.02048619
1981,42.88614043,46.82703442
1982,32.17466561,41.08999742
1983,83.32946083,72.57894505
1984,31.19675987,40.51556626
1985,77.26702976,69.3808074
1986,95.26526481,79.68036935
1987,93.0944759,78.37757759
1988,47.04163544,49.89559332
1989,83.96705801,73.03990928
1990,18.26859279,21.67122356
1991,49.87202404,52.05725855
1992,21.60618572,34.49108444
1993,76.19978373,67.92226307
1994,94.0546108,79.33942143
1995,27.96898406,38.30791876
1996,15.90758241,20.27050309
1997,73.78242256,66.7508879
1998,66.20229146,61.87246343
1999,70.76952958,64.65748715
2000,61.41256638,60.19932874
2001,25.55928863,37.52632164
2002,65.99820543,61.88938592
2003,87.50262634,75.39505023
2004,70.60940399,65.65145803
2005,86.94124209,74.81138674
2006,50.41848553,51.90911352
2007,83.61630972,72.09273078
2008,82.69268482,72.3463108
2009,84.91535539,73.27642521
2010,85.25379686,72.79326206
2011,97.78700087,81.30854268
2012,56.9781106,56.80189117
2013,75.70451306,67.53112901
2014,62.48663721,59.75642273
2015,24.41147402,35.9745051
2016,77.27393832,68.75836462
2017,26.23790692,37.30014394
2018,37.94839001,44.76006408
2019,70.27557431,64.52451625
2020,11.73255194,13.75491528
2021,19.46154985,24.25603666
2022,53.84161358,53.95555447
2023,95.06962125,79.41876674
2024,17.64319999,14.97085477
2025,92.09341694,77.88352066
2026,66.68820571,62.25638611
2027,70.02269503,64.61288576
2028,15.86154979,19.8843642
2029,36.33746146,43.50062079
2030,24.88001802,36.52747489
2031,25.61956573,36.63991136
2032,97.89034713,81.26282257
2033,27.42746176,38.20273953
2034,66.53383271,62.18600672
2035,22.5349337,34.97147797
2036,91.4504469,77.93341749
2037,49.66436028,51.83452383
2038,51.80597201,53.36238894
2039,14.35925757,15.13968725
2040,51.76635413,53.13479418
2041,45.13366835,49.03506648
2042,75.36225313,67.91726209
2043,73.52648458,66.15198678
2044,21.21103428,29.31708299
2045,88.26006009,76.08399978
2046,90.51568548,77.02122217
2047,32.81127366,41.4951395
2048,67.57939002,63.21922834
2049,96.24251305,80.79135333
2050,47.39971022,49.63396473
2051,43.01002821,47.7720628
2052,41.79836248,46.87017257
2053,85.52691509,73.7869771
2054,91.7320081,77.18110103
2055,99.23937354,81.9515755
2056,71.5842105,65.32867026
2057,82.29423383,71.6610799
2058,83.41688728,71.99540959
2059,54.7576359,54.9767847
2060,21.55839465,34.58905871
2061,98.20074641,82.39306484
2062,87.53762604,75.49166242
2063,91.67505305,77.6978473
2064,15.84022801,14.49487142
2065,29.90771605,39.42866897
2066,86.95712025,74.50996605
2067,72.27048045,66.3018486
2068,19.90539097,15.24118843
2069,15.33931805,18.95365742
2070,18.28947598,11.07119559
2071,46.03710667,49.587728
2072,10.10197166,13.3760186
2073,30.93641243,40.51847453
2074,36.7217654,43.5559589
2075,45.71942007,49.76820911
2076,69.71607602,63.3389717
2077,65.14397882,60.58055023
2078,42.89672148,47.18902013
2079,64.96457551,60.94688134
2080,15.21913297,23.90611817
2081,29.21863495,39.12596747
2082,58.93086389,58.58359872
2083,84.64676752,72.91038459
2084,82.78162483,72.52803509
2085,52.23798342,53.26488219
2086,81.54348571,71.25887406
2087,53.86979062,54.65321248
2088,43.47735304,47.66627856
2089,80.31195839,70.96758084
2090,72.16516891,65.34820331
2091,40.08398994,45.90240319
2092,19.71947823,16.69072451
2093,83.00801486,72.24319605
2094,18.34856962,26.26710844
2095,83.17658392,72.62842489
2096,98.30744577,81.37783361
2097,41.94673469,46.68929962
2098,71.15043102,64.36333782
2099,94.84169019,78.73886602
2100,35.37770548,44.19123634
2101,66.92927839,61.63373809
2102,61.59284871,58.73002041
2103,63.37438122,60.15894326
2104,18.59057809,23.97234683
2105,91.06217371,77.39064415
2106,67.71276216,63.16319673
2107,96.44087162,80.65196548
2108,29.1750007,39.36925655
2109,39.3868161,45.26565146
2110,31.05658942,39.88509567
2111,10.73172662,7.09100315
2112,42.83743815,47.09755717
2113,56.2861869,55.83540163
2114,88.44636161,75.62512156
2115,40.80377066,46.4626349
2116,30.03090089,40.19559129
2117,44.32451641,47.78662279
2118,15.79598076,18.07918099
2119,14.27630265,13.52938842
2120,58.93269771,57.40214747
2121,57.59771846,56.41739547
2122,79.83951885,70.84303642
2123,14.78450324,11.25309369
2124,79.60570224,70.23972083
2125,50.23188404,52.44837831
2126,62.3757726,59.04870888
2127,94.63418138,78.84459946
2128,57.1712697,55.97797024
2129,86.68369859,74.63765495
2130,65.32051815,61.32448729
2131,97.15685675,80.78057643
2132,15.87492553,23.98815313
2133,73.08645372,65.74836349
2134,59.68161874,58.04950334
2135,69.49255508,64.30263707
2136,47.02456069,49.7169601
2137,88.96194956,76.61289433
2138,53.25488743,54.37497645
2139,85.73095538,73.80303072
2140,70.00902254,63.8054891
2141,56.41155186,55.98448821
2142,28.34381755,38.43993956
2143,95.01731962,79.22525192
2144,72.54149857,66.08891836
2145,71.17952667,64.43351744
2146,33.88841057,41.87316492
2147,57.24367004,56.05803122
2148,53.01200131,54.49670951
2149,75.56758896,67.16904926
2150,19.40779638,18.89652113
2151,81.91874157,71.55668744
2152,92.08839872,77.61768645
2153,57.64418445,56.37980608
2154,21.53161046,34.01767387
2155,41.13948236,46.49523334
2156,73.29096652,66.983123
2157,58.63807699,56.81538122
2158,26.9875198,37.97425796
2159,90.65486007,77.0021239
2160,38.44006704,45.32851054
2161,14.70245484,12.2061189
2162,27.93923406,38.56571809
2163,94.06756476,79.12265288
2164,46.94786867,50.07101361
2165,68.26651292,63.05544697
2166,55.1800032,55.74244252
2167,77.38687817,68.26956387
2168,68.01729424,63.61743566
2169,64.93665483,60.50401658
2170,60.20192029,58.32630563
2171,79.35969018,70.52854779
2172,74.43233109,67.55041935
2173,85.14099988,73.50111661
2174,95.83382313,79.92028427
2175,90.42552284,76.38902409
2176,32.14794485,41.65934098
2177,41.01333844,46.59801546
2178,88.55213322,76.02573529
2179,20.13584631,28.53846777
2180,88.05811809,74.93694973
2181,95.58677981,79.62764056
2182,74.02618969,66.31145751
2183,49.79647067,51.6224484
2184,62.92683462,59.72540768
2185,60.33739243,58.20760435
2186,21.3235184,34.29217371
2187,79.7647793,70.40780417
2188,41.12765371,46.43222105
2189,23.25955915,36.18873824
2190,98.98163537,81.92776636
2191,95.18118378,79.50507412
2192,14.68346147,10.06307365
2193,56.76826973,56.52778292
2194,54.51351953,55.271322
2195,36.32922423,43.77772054
2196,94.38688252,78.66951862
2197,84.00982159,71.94950415
2198,80.50211339,70.99132299
2199,52.27130944,52.78183867
2200,50.55057826,52.17761639
2201,60.68418156,58.28674727
2202,10.17653339,11.68599296
2203,93.11631349,78.20904945
2204,52.20191041,53.08214061
2205,99.85698375,82.38377806
2206,67.32107543,63.36323935
2207,10.11153367,12.92018201
2208,98.34060382,81.47586244
2209,54.81335517,55.03299485
2210,68.62569226,62.5698917
2211,68.13120432,63.15625162
2212,52.0176,53.73848118
2213,79.46976026,70.35318449
2214,74.05012873,67.03679353
2215,40.37431851,46.43161161
2216,33.28712431,41.31887129
2217,38.74137557,44.28845173
2218,75.46409062,67.3635643
2219,10.4364126,13.40960144
2220,41.15930334,46.87222387
2221,50.9625767,52.5347518
2222,78.57393939,69.59386487
2223,36.64981548,44.0200437
2224,49.0010405,51.68591288
2225,53.42512341,53.237661
2226,13.44545458,10.3085275
2227,19.19852591,18.46953563
2228,92.8801258,78.63721241
2229,89.47151421,76.04687499
2230,91.38161036,77.35867709
2231,74.19140975,67.27510558
2232,56.97949224,56.60915266
2233,91.61946536,76.98274329
2234,45.93022816,49.48463491
2235,66.01257906,60.87695338
2236,40.77905121,45.25177329
2237,88.66708516,76.1654751
2238,46.02218318,49.36493887
2239,44.98111691,48.02298585
2240,97.41332853,80.66068592
2241,77.81354907,69.70181732
2242,14.31957358,10.6258647
2243,35.58733139,43.69273449
2244,49.13314497,51.06356745
2245,26.7843978,37.52823292
2246,94.31850331,79.77369036
2247,56.92359501,56.36148105
2248,93.65452432,79.38163964
2249,98.19539738,80.86387078
2250,33.74033062,42.01624669
2251,53.30102686,54.1827161
2252,68.97858266,63.77656229
2253,85.81294565,73.75565187
2254,90.93303237,77.00431391
2255,12.06258691,8.7838922
2256,31.33673788,39.55074195
2257,29.49864407,39.33791587
2258,93.70150402,78.80834089
2259,77.11049185,69.07254324
2260,98.96456637,81.94177552
2261,13.84668577,12.44356661
2262,75.19973527,67.30108288
2263,44.77157201,48.8144079
2264,98.78382052,81.41981507
2265,32.18708974,40.70201342
2266,87.4564683,74.93603815
2267,76.35647755,68.03287615
2268,27.18245909,37.81472243
2269,58.92787145,57.6379746
2270,99.79170565,82.32923389
2271,42.02315684,47.23879319
2272,24.3873465,35.92623632
2273,65.05966632,60.74084961
2274,18.38102879,27.04696589
2275,69.09610493,63.4738292
2276,58.72503567,56.88420433
2277,25.21950436,36.9866252
2278,86.36587792,74.25371934
2279,87.05133682,74.1602394
2280,56.17289658,56.08735271
2281,75.05042441,66.78106484
2282,92.11660733,77.92928016
2283,77.23615226,68.70625631
2284,33.85912002,41.55715471
2285,95.23686829,79.11425054
2286,82.8768793,71.71135034
2287,30.1543472,39.69466058
2288,37.09059394,44.57006214
2289,88.71358806,75.95170663
2290,97.93618391,81.32010381
2291,49.19129087,51.31770604
2292,61.94335777,58.50307178
2293,82.09902554,71.45441567
2294,47.44696877,50.35366774
2295,97.63654863,80.92005212
2296,93.79789914,78.99836557
2297,94.05186458,78.81549179
2298,65.55315253,61.08357644
2299,32.38805672,41.40959763
2300,47.65833527,50.3564036
2301,95.96109879,79.44540494
2302,68.1800509,62.65734594
2303,48.42152382,50.54116309
2304,52.01590626,52.99038882
2305,35.30244756,43.50941305
2306,13.89267423,13.77014545
2307,80.17199021,70.6297432
2308,66.55309218,61.55138301
2309,63.13855951,59.85915196
2310,52.31603042,53.90824425
2311,50.17499507,52.15393167
2312,59.28447387,57.51762737
2313,30.72872539,39.96589987
2314,29.32038245,39.08037579
2315,39.9005749,45.48147597
2316,57.67182621,56.373345
2317,79.99396008,70.66948851
2318,78.4626277,69.33257925
2319,63.04336653,60.25888174
2320,72.29418789,65.46350338
2321,20.33406866,11.44630825
2322,38.64403349,44.58150308
2323,82.65969076,72.34371736
2324,40.06377673,45.61209648
2325,18.20831244,18.0207915
2326,57.43690501,56.14970305
2327,51.53907661,52.79056278
2328,50.705252,52.52213608
2329,27.78420038,38.32152516
2330,86.37214863,74.07629114
2331,15.998415,22.49503687
2332,29.13452802,39.32672165
2333,64.63870918,61.6756162
2334,11.17938821,15.33718339
2335,33.14769587,41.65565748
2336,99.06604441,82.21772112
2337,84.34209571,73.30730709
2338,74.93368852,66.43283879
2339,48.44132679,50.51388943
2340,52.70208852,53.13548912
2341,51.90163898,53.57541904
2342,75.74733746,67.90364002
2343,21.70895286,34.85533689
2344,62.42854351,59.35686977
2345,65.72236978,62.29124855
2346,70.09397334,64.40249321
2347,35.69036507,43.44305831
2348,43.96615029,47.82929391
2349,79.88173773,70.61429915
2350,92.79769686,78.26588915
2351,20.24962389,30.25531651
2352,64.9726725,61.37529962
2353,71.50011802,65.24568864
2354,11.33442939,18.0243193
2355,62.55057489,60.34638831
2356,80.74250588,70.77209962
2357,77.7953501,69.53534412
2358,50.89310155,52.60271883
2359,54.76608453,55.06030225
2360,55.76094445,55.62866339
2361,74.31800846,66.88633185
2362,12.12622292,16.80839042
2363,43.31862129,47.34827652
2364,12.53836002,12.2031356
2365,63.57511611,60.21847086
2366,94.22391012,79.31117508
2367,62.35792179,59.84335642
2368,32.41439411,41.06651009
2369,64.51694529,60.95180935
2370,20.14781403,12.58022954
2371,83.02242414,72.61212089
2372,67.66562447,62.87368374
2373,89.72454414,76.76503186
2374,68.15799732,62.73646421
2375,29.554899,39.4306523
2376,31.67456043,40.49878176
2377,84.8622124,73.43154277
2378,11.34718484,15.33002883
2379,11.25465961,14.11437562
2380,74.9695046,68.09845047
2381,93.39977144,78.60923879
2382,69.34034561,63.75030012
2383,49.77334317,52.41064934
2384,32.44850545,40.73722402
2385,40.78745595,45.89116623
2386,53.53861456,54.01258823
2387,28.44757856,38.41565688
2388,78.38434992,68.89356889
2389,51.86217157,53.34025242
2390,75.92027195,67.92277811
2391,44.96841877,48.88843008
2392,26.73295981,37.6382993
2393,40.67065039,46.31162971
2394,48.16931079,50.94612956
2395,16.74206254,13.37248649
2396,77.4041566,68.152747
2397,24.78367518,36.43918304
2398,61.3450378,58.95917036
2399,67.46919636,63.07144976
2400,73.45850402,66.52435738
2401,72.88271099,66.18641361
2402,21.8593548,34.66615663
2403,35.15761053,42.98568146
2404,87.02902454,74.65944151
2405,98.37967396,81.82488186
2406,98.49727407,81.84785262
2407,22.25580835,34.83766333
2408,64.94946805,61.24284345
2409,99.08877047,81.85542528
2410,82.00181693,71.54179246
2411,29.16744614,39.32712987
2412,33.49364368,41.69038778
2413,71.57604701,65.39590446
2414,48.98955792,51.35949479
2415,99.45472225,82.72980531
2416,97.93466175,81.44596174
2417,62.78098012,59.84396411
2418,19.68190153,28.21067613
2419,97.7533263,82.00644444
2420,26.90035788,37.5452806
2421,49.16077646,51.24155733
2422,41.92982621,46.76607349
2423,47.94912164,51.06491
2424,81.75387171,71.38526133
2425,63.3439531,60.1922736
2426,93.43960389,78.06502152
2427,59.31065231,58.22047943
2428,86.20050281,74.57935111
2429,78.11184975,69.42012301
2430,69.44396085,63.45325877
2431,30.29676536,39.89121607
2432,31.8959038,40.77280247
2433,32.15644015,41.29985395
2434,12.15504485,16.88293166
2435,83.62460386,72.46129813
2436,58.6555124,57.14723852
2437,82.89080426,71.57997105
2438,37.89098634,45.05283838
2439,38.34934447,44.63854892
2440,88.44647501,75.58548885
2441,10.34659989,14.17123221
2442,29.01497175,38.77590588
2443,53.60547283,53.68887453
2444,11.9175514,13.75520872
2445,51.5527134,53.2759767
2446,74.00015209,66.93728074
2447,77.47142509,68.78706236
2448,41.6110408,47.15045185
2449,77.13939278,69.0016143
2450,22.07405645,34.75440138
2451,91.59911997,78.15305798
2452,13.46661593,20.24657973
2453,55.35016226,55.03954255
2454,16.51560519,17.52431545
2455,75.10119364,67.33958618
2456,78.07828292,68.78369808
2457,93.10873195,78.6524429
2458,13.46177351,21.31876951
2459,29.98342464,39.59026613
2460,71.84041471,65.16001677
2461,61.05141015,58.29374381
2462,37.7918791,45.19261049
2463,90.03849968,76.43685214
2464,99.23434936,81.58641079
2465,81.91298275,71.69551167
2466,88.43082031,75.27887207
2467,38.26657883,44.84243177
2468,44.95726746,49.02486642
2469,29.60380603,39.36380363
2470,37.4246539,44.25358158
2471,43.3575006,48.03070155
2472,68.02735244,62.6286594
2473,12.13520377,18.00474224
2474,48.56126893,50.77977136
2475,92.73068,77.63906208
2476,57.33142614,56.38875255
2477,83.82739388,73.09582501
2478,27.73020177,38.21219507
2479,52.77056332,53.79508265
2480,21.68326911,34.48750996
2481,33.930732,41.9426375
2482,90.2779164,77.23945781
2483,68.14024945,63.09940263
2484,34.19095204,42.4956265
2485,91.48033568,77.82985844
2486,89.17237795,75.8795986
2487,19.1456542,27.37884985
2488,81.99703807,71.25693592
2489,10.90465627,9.14064995
2490,44.70475378,48.30924924
2491,34.62635215,42.52712215
2492,41.39263624,46.47919409
2493,76.01546527,67.92036314
2494,12.33187193,6.71729144
2495,12.49463606,11.63718376
2496,47.15979894,49.3380746
2497,36.79373614,43.72134984
2498,89.8650689,76.58392511
2499,78.48573507,69.07210357
2500,11.67938774,18.11558568
2501,84.30657735,73.82597273
2502,33.00581212,41.7062531
2503,12.17766885,13.21999046
2504,36.32763621,43.59265447
2505,95.24762964,79.16988312
2506,25.70588008,37.05769411
2507,37.29346621,44.35154079
2508,24.50940522,36.62809496
2509,47.06605884,50.20990724
2510,82.61551587,72.38732713
2511,67.24944796,62.6386874
2512,83.22654615,72.53689936
2513,62.57175867,59.70174426
2514,75.75054184,68.3774734
2515,87.64937327,74.81137833
2516,32.38603455,41.45529339
2517,23.77622908,36.35426474
2518,83.42144163,72.24969707
2519,66.11207977,62.25769839
2520,91.40994378,77.78863494
2521,11.24621792,14.53886422
2522,63.92814942,60.08242669
2523,15.54231013,11.46298592
2524,19.44806693,13.0113971
2525,41.34401672,47.50554988
2526,51.81915078,53.24059306
2527,67.99482391,62.44711515
2528,56.13934944,55.53916861
2529,59.3005815,57.45793895
2530,30.15003315,39.96660811
2531,85.50597035,73.51702897
2532,46.78701134,49.76169794
2533,93.02705579,79.11099317
2534,13.99465991,20.53881644
2535,80.50379423,70.19396647
2536,38.63026485,45.3136652
2537,83.62000075,72.42289387
2538,29.39959641,39.60832069
2539,69.19446536,63.52440171
2540,34.65728915,42.53139105
2541,73.71898757,66.25806907
2542,56.0069698,55.97909885
2543,35.44620388,42.97567145
2544,89.06834081,76.43639478
2545,14.70930459,14.66933336
2546,24.51431231,36.47444516
2547,66.08345799,61.11940368
2548,99.03846835,81.88552509
2549,75.35815681,66.89176055
2550,49.22598022,51.51232706
2551,83.57773992,72.57141705
2552,76.04482384,67.84850603
2553,14.03002312,19.55449709
2554,32.447158,41.38407651
2555,33.63357507,41.51257304
2556,70.31686738,64.22240473
2557,64.22345182,61.02438037
2558,73.30166578,66.8036236
2559,26.05293803,37.47806157
2560,51.05445319,52.64525384
2561,86.45101386,74.35525246
2562,38.79446413,45.64259183
2563,17.67156025,18.52327081
2564,79.44091319,70.27778263
2565,25.55622816,37.33022672
2566,10.83862441,6.28373806
2567,14.85628397,21.69201793
2568,93.68659649,78.39136438
2569,54.88471576,55.08653227
2570,20.53072089,15.1639118
2571,46.64968081,49.28573476
2572,95.59874345,80.60950647
2573,81.20846625,71.09936805
2574,58.14221198,56.44735419
2575,93.8538096,78.65805699
2576,90.76325595,76.69047904
2577,82.91000155,71.61708661
2578,34.48577266,41.95634879
2579,59.89231462,58.44296165
2580,40.74200805,46.78877513
2581,16.17270559,23.53361294
2582,66.62742848,62.15675678
2583,56.59282768,56.42406344
2584,59.77308213,58.53238532
2585,59.70323842,58.28986063
2586,53.01944131,53.06356399
2587,26.23170858,37.07622749
2588,49.07999276,51.08896009
2589,96.08481715,79.99445305
2590,61.31524549,59.11109675
2591,36.18173809,43.2719114
2592,99.90486,82.66127343
2593,10.74423484,12.28141312
2594,84.80328876,73.21459182
2595,75.31146115,67.21453582
2596,51.82376994,52.97695999
2597,93.15486013,78.373271
2598,89.83036803,76.10956744
2599,75.08788497,66.6759852
2600,13.94308881,20.71829446
2601,54.82173068,54.59383803
2602,56.50430726,56.05695955
2603,82.40159493,71.50727149
2604,48.06890263,50.50711628
2605,48.37454952,50.59454268
2606,60.26512173,57.77900083
2607,77.63148916,68.45489287
2608,42.0110055,46.95635711
2609,39.33045673,45.70474551
2610,70.05407764,64.21880811
2611,63.60018571,60.9501729
2612,82.88435005,72.21117836
2613,27.95948111,38.43010989
2614,13.94685919,7.89071306
2615,13.60283774,19.46541234
2616,72.2899317,65.73192463
2617,72.1762686,65.55649015
2618,84.95984105,73.41319637
2619,14.98262862,17.18334629
2620,55.7695591,55.47486799
2621,34.84595705,42.1156436
2622,65.41707559,61.014899
2623,54.32277964,54.7574418
2624,49.55396285,51.78510688
2625,26.67936324,37.60624437
2626,93.37206091,78.65266737
2627,20.9604962,27.70314458
2628,29.50865162,38.95309722
2629,86.53415002,74.43359158
2630,87.46684882,74.83023418
2631,19.43167399,30.62484819
2632,84.51804258,73.06818631
2633,27.93627446,38.40147249
2634,85.11073231,73.79037968
2635,94.77009421,79.547528
2636,66.10546991,62.54462927
2637,21.49316166,34.06392798
2638,62.94364639,59.93530198
2639,82.66872183,72.07016328
2640,51.45025879,52.78156676
2641,61.62744753,59.69342387
2642,57.66681672,56.20115014
2643,14.23319955,14.67247232
2644,23.36265225,35.71277139
2645,70.80282603,64.82414512
2646,64.98613762,61.20665878
2647,78.15605516,68.98791986
2648,71.19736548,65.21550964
2649,64.54904023,60.26715136
2650,17.73077483,17.03267373
2651,20.28142461,28.9165664
2652,22.46237537,35.53400815
2653,89.18025976,75.72996117
2654,58.58158477,57.6463152
2655,36.95235424,44.35972493
2656,43.39554351,48.10796625
2657,18.24918273,15.12334946
2658,51.51807782,53.1016089
2659,62.91630433,59.77071034
2660,98.13421248,81.68498613
2661,56.43768326,55.11358119
2662,11.10751265,15.62599149
2663,88.47261256,75.61175667
2664,82.12472394,72.52564223
2665,50.73424348,52.46839006
2666,20.90857367,18.75555567
2667,85.52313626,74.92596513
2668,24.99687443,36.39284055
2669,58.19567724,56.75155163
2670,20.21177767,12.04184575
2671,57.55902346,56.8716444
2672,30.63299928,40.82435581
2673,40.82852017,46.42485223
2674,14.93405631,21.24135446
2675,76.49165411,67.72099405
2676,12.59397473,17.85643586
2677,88.38901943,75.91166137
2678,51.2987403,52.45718936
2679,59.46044336,58.20912575
2680,72.51763881,65.74109465
2681,49.65268122,51.92045164
2682,74.95021134,66.76533629
2683,14.44444785,8.52123362
2684,65.58954248,61.78716639
2685,73.55069882,67.47550515
2686,24.15216483,35.93685437
2687,76.58810293,68.10127159
2688,34.39885688,42.21433282
2689,79.21183316,69.60498405
2690,13.96998712,8.31456381
2691,40.34176561,46.05926894
2692,57.86892475,57.11690298
2693,93.96850834,78.60196372
2694,46.02810989,50.3025737
2695,63.68247908,60.30192351
2696,65.74142776,61.89498043
2697,25.66244931,37.41831812
2698,27.98048375,38.26993785
2699,47.76952187,50.9567983
2700,48.64573379,51.42562872
2701,10.87588809,12.63858088
2702,34.35698722,42.64329547
2703,60.81232347,58.03194238
2704,13.98109227,17.97001004
2705,54.27792758,54.11358786
2706,50.29353269,52.5145758
2707,44.17439613,47.87089847
2708,99.29483657,82.57027077
2709,17.19040965,17.18966911
2710,39.65178997,46.17670761
2711,79.31198104,69.96730113
2712,27.51181751,38.44462708
2713,78.2547633,68.81166661
2714,24.3782121,36.23331768
2715,30.36413765,40.54739691
2716,24.46407924,36.8012035
2717,13.18010797,12.53687973
2718,88.46718609,74.99164971
2719,13.98091789,20.15620156
2720,45.98287547,49.55068181
2721,58.91244372,57.38794177
2722,58.77499715,56.74338593
2723,36.48182822,44.30984475
2724,77.02729188,68.5217671
2725,20.05406972,18.9523846
2726,30.34002385,39.64460093
2727,91.90486993,78.32087005
2728,28.7277621,38.8811361
2729,38.79837882,45.10200913
2730,96.54222068,80.95959051
2731,15.30340847,13.32158675
2732,92.89196261,78.09868146
2733,94.81472651,79.30765791
2734,61.04480137,58.85082738
2735,91.28388936,77.5335429
2736,38.98400918,44.48198657
2737,61.89696677,59.58196556
2738,42.96209168,47.04815332
2739,29.58947606,39.57557874
2740,32.46893642,41.07094339
2741,71.57273323,65.72594058
2742,63.01404446,59.39183134
2743,20.28658493,26.64980743
2744,75.90677293,67.66330608
2745,86.69929356,74.52834801
2746,73.47166789,66.65755025
2747,80.9876527,70.72012423
2748,87.56475229,74.97018145
2749,57.01762483,55.61045923
2750,35.23863968,42.28610509
2751,10.71973142,12.51694085
2752,60.15909754,58.52093301
2753,73.30490878,66.62343682
2754,36.47821009,43.81030869
2755,73.44783847,66.3530026
2756,97.13879263,80.68079874
2757,74.17690951,67.57489716
2758,10.25425395,9.68306396
2759,87.50209074,74.89818991
2760,44.6921857,48.41586527
2761,95.24005543,79.84289033
2762,27.78867179,38.29364546
2763,63.23981842,59.55244116
2764,92.65433442,77.46480112
2765,17.54656381,17.70836977
2766,83.6577533,72.85550286
2767,85.75156667,73.67756889
2768,85.76848458,73.91520102
2769,30.76414056,39.93272237
2770,83.87077711,72.65041348
2771,86.60747974,75.23459208
2772,81.36324268,71.81993638
2773,92.93020013,78.18742191
2774,61.31277653,59.1399766
2775,47.39688201,50.58857117
2776,81.76864847,71.13340146
2777,57.57886721,57.08607677
2778,37.70767447,44.58876464
2779,72.7034943,66.25101265
2780,68.42032188,63.22104664
2781,76.77458115,68.66305076
2782,65.92975576,61.05043531
2783,39.76956615,46.20668437
2784,26.82109546,37.74491669
2785,76.41355562,68.99735137
2786,29.29906216,39.2411901
2787,56.57025194,55.66526354
2788,80.12489334,70.10111782
2789,28.45966364,38.92084469
2790,26.63461494,37.96794559
2791,59.17752892,58.15804789
2792,27.27497309,38.07156251
2793,49.00874758,51.76564799
2794,26.43244704,37.09375209
2795,41.22316982,46.75709098
2796,58.78741526,57.28909502
2797,49.03224617,51.62786348
2798,97.32426561,81.48715033
2799,17.2998852,13.67551423
2800,38.09563132,44.36091835
2801,95.30504024,79.35896832
2802,66.32524812,62.49617305
2803,93.64724908,78.17585764
2804,13.98440473,15.43278306
2805,64.75876509,60.50808823
2806,10.26565899,6.96825755
2807,72.26713589,65.9531547
2808,68.28536956,63.12481779
2809,61.5598366,59.31822142
2810,37.18140632,44.23426164
2811,75.51997349,67.25271896
2812,82.72818672,71.97238633
2813,65.15673699,61.37325528
2814,49.37095681,51.79036691
2815,59.89235693,58.65082467
2816,33.06488747,41.47312357
2817,54.51368299,54.68867916
2818,87.95074476,75.57674579
2819,46.329348,49.74042288
2820,20.48092336,23.56383349
2821,72.9839613,66.07361062
2822,94.64698089,79.74577242
2823,84.63638022,73.10419896
2824,70.57450754,65.4422107
2825,87.83476502,75.44447525
2826,87.42895784,74.85254317
2827,48.84840148,51.55523464
2828,80.21794177,70.83712454
2829,89.69737407,75.62259636
2830,85.47600283,73.20946506
2831,18.55642641,11.0195675
2832,63.01533341,59.38932619
2833,20.33736388,15.45068876
2834,56.89483307,56.58562432
2835,13.85196897,22.22769319
2836,74.93873912,67.26329173
2837,64.49586741,60.72918341
2838,57.47514739,56.48499383
2839,56.10384375,55.52930741
2840,64.01804924,60.90835475
2841,67.60645624,62.76098842
2842,80.73135956,70.83056952
2843,36.8401613,43.37866723
2844,37.66947654,44.14889397
2845,66.64121603,62.85566638
2846,21.27986954,28.64755245
2847,88.80120154,75.34326434
2848,18.75200349,11.33748306
2849,12.3277271,15.66045795
2850,29.07575005,38.92427284
2851,75.39644684,67.64073355
2852,10.96313405,11.82205867
2853,77.25932707,68.92563421
2854,51.97604634,52.66604497
2855,24.54984283,36.02682416
2856,47.13773587,50.09273352
2857,62.02963536,59.26847883
2858,84.45028744,72.72298809
2859,61.0515595,59.15208487
2860,93.13705828,78.20328543
2861,93.37014836,78.204405
2862,33.39784018,42.04756018
2863,79.32903169,70.03320386
2864,47.85723678,50.77495389
2865,33.19431273,41.79529827
2866,98.32519022,81.55003665
2867,12.36212378,14.07577066
2868,43.30350578,48.47124309
2869,84.80188929,72.59051949
2870,44.75097173,49.08673043
2871,37.86699896,44.68388101
2872,27.74409253,37.91805706
2873,48.68055099,50.43733657
2874,31.39673241,41.18327693
2875,64.50618204,60.54980966
2876,84.25234969,73.06679286
2877,28.7395946,38.63170323
2878,11.20414,8.31046335
2879,45.25950741,49.29554528
2880,12.85024857,17.06146649
2881,51.08648572,52.92575712
2882,87.37901126,75.78908453
2883,45.59418927,48.97053869
2884,33.66707741,41.44315617
2885,53.36015286,54.27770392
2886,30.04589217,39.39944678
2887,68.880293,63.96282234
2888,75.4204189,68.05693267
2889,36.17074336,44.06259998
2890,93.90270769,78.76072548
2891,79.83582556,70.03626494
2892,54.2271983,54.90545186
2893,19.70151723,26.27231208
2894,94.16994841,78.4267109
2895,17.4855586,19.37361525
2896,49.60899847,51.3525735
2897,11.52580517,11.6355389
2898,70.3107472,64.68112864
2899,50.83028221,52.48132608
2900,22.39712187,35.1508894
2901,41.86776168,47.1169288
2902,44.9207368,49.76842685
2903,34.79488277,43.48486609
2904,81.16556093,71.43383098
2905,92.03271265,77.52448414
2906,19.96308042,29.68008507
2907,42.97952659,47.34105426
2908,97.64573601,80.49890238
2909,81.01097689,70.49532801
2910,37.85888391,44.49988149
2911,11.50835242,18.25418649
2912,41.05604563,46.1869386
2913,69.27829715,64.19447175
2914,15.82220163,21.49874757
2915,40.72789188,46.30974336
2916,72.07372453,65.567976
2917,55.45166725,55.49362703
2918,90.00378049,77.13696759
2919,91.35293952,78.1075545
2920,92.88619205,78.32119204
2921,85.69585531,74.14560835
2922,88.66240274,75.16493426
2923,37.05959299,43.8128516
2924,90.68915444,76.82850555
2925,54.2538136,55.2059269
2926,25.81214787,37.54974362
2927,60.72944429,58.58989303
2928,20.78644973,26.09834137
2929,61.34589033,58.92200384
2930,59.94593788,58.47680382
2931,35.49014982,43.47758724
2932,38.56718906,45.81338263
2933,36.65895224,43.82828151
2934,13.58424717,18.07184372
2935,52.31014147,53.11504408
2936,26.12195842,36.9412325
2937,59.19746457,57.00367866
2938,75.68534817,67.58102896
2939,75.33667842,68.02741719
2940,26.78021883,37.87085307
2941,90.62927227,76.77974959
2942,22.25960803,34.8944173
2943,44.76232729,48.67190848
2944,27.61538895,38.27019776
2945,91.16934688,76.24808995
2946,92.82129653,77.99673973
2947,54.04668767,54.62711122
2948,98.95383838,81.81245807
2949,68.06743099,62.59679962
2950,47.44669022,50.07646796
2951,40.1170535,45.9715131
2952,88.44554554,76.03969318
2953,18.68208185,12.40642807
2954,20.93520777,13.3816195
2955,75.53152909,67.24532432
2956,53.36677964,54.22424131
2957,18.55606946,10.59649266
2958,75.87144103,67.62257044
2959,21.20313479,12.88820434
2960,58.45174926,57.20924684
2961,43.84929325,48.03017234
2962,72.491418,65.51332448
2963,40.85297429,45.63746433
2964,88.84452129,76.12867294
2965,62.70158657,59.69603417
2966,89.99748927,76.62021479
2967,33.46424579,41.67394119
2968,41.17812365,45.88857807
2969,20.72796622,29.36739557
2970,33.68167887,41.58682042
2971,41.91035173,46.91918672
2972,71.91408504,65.52221143
2973,90.94613978,77.2482954
2974,51.38718371,52.93286189
2975,97.41250106,80.89177535
2976,33.6446862,42.05306495
2977,90.82833785,76.48209171
2978,72.62923284,66.27067905
2979,95.63728519,80.21353138
2980,39.91099687,45.34696104
2981,98.20976081,81.6154977
2982,20.57643947,11.92413641
2983,20.83080144,25.21518444
2984,81.33463807,70.90674919
2985,17.15065243,10.97873706
2986,38.66075285,44.70199782
2987,16.12527121,15.12982215
2988,88.14086857,75.24576364
2989,86.89997074,74.02901823
2990,36.60177324,44.17433327
2991,18.39327827,22.98769867
2992,48.06029074,50.97436372
2993,42.24662665,47.1242262
2994,72.40176396,65.8347533
2995,33.75375312,42.25781372
2996,18.64249582,23.19506826
2997,42.51540887,46.64679226
2998,71.55847842,65.22963778
2999,76.28892179,68.54342454
3000,30.18180557,39.83774816
3001,65.20683123,61.16832438
3002,33.42858634,41.7171036
3003,36.14425206,43.30531214
3004,21.05685754,25.41216175
3005,54.13734763,54.55763065
3006,33.39978787,41.89532191
3007,74.22815947,67.045048
3008,36.59760677,43.65745943
3009,86.53026413,74.46241617
3010,11.96250479,15.25972579
3011,32.49941102,41.91421901
3012,88.11929193,75.59801364
3013,55.42496436,55.77987383
3014,74.89473219,67.16494068
3015,61.15341018,58.4850769
3016,93.34468828,77.83874369
3017,86.25245728,74.48648376
3018,78.98747588,70.00090537
3019,65.86119078,61.51468037
3020,64.37712948,60.72565059
3021,73.28953315,65.79170225
3022,69.99394274,64.37360635
3023,28.81754601,39.28300654
3024,18.41415421,22.36312124
3025,25.3610708,36.74171509
3026,64.35413917,61.18315759
3027,95.07519892,79.42116554
3028,23.8326018,36.19608308
3029,29.43392153,39.67571499
3030,24.13318005,36.14862916
3031,38.580211,44.78506288
3032,13.68350322,11.42766429
3033,68.49955719,63.46895175
3034,86.49073441,73.95437465
3035,20.8878775,32.96467344
3036,73.79474726,66.48667128
3037,59.57825302,57.6657087
3038,71.6145796,65.51529404
3039,48.62988551,50.80725291
3040,59.75587246,58.80175725
3041,75.65002997,67.57166759
3042,76.17855549,67.48400577
3043,89.32500142,75.91468246
3044,74.41545162,65.93956072
3045,63.74500938,60.02318481
3046,17.04292744,19.33726922
3047,46.02465306,49.52976497
3048,62.48842225,59.44203508
3049,69.009225,62.56972755
3050,86.50729561,74.19637021
3051,25.73700846,36.69365162
3052,34.25033077,42.46527155
3053,48.91225456,50.94750692
3054,29.17826301,39.63067293
3055,52.62294896,53.75196926
3056,89.63815001,75.86474157
3057,32.80869897,41.39425615
3058,20.48402961,14.03094483
3059,28.03413822,38.16298597
3060,73.4794468,66.14731023
3061,78.5608444,69.67160166
3062,35.0215841,43.10067299
3063,27.23990394,37.85725046
3064,84.21733961,72.6016768
3065,24.6478342,36.51725309
3066,48.45948402,51.34769889
3067,69.68757033,63.70857035
3068,21.02775666,27.03019432
3069,70.6068759,64.45370249
3070,29.02035215,38.93072001
3071,51.45463694,53.5507309
3072,15.77260082,11.88252747
3073,32.60551528,41.72560697
3074,69.37972811,64.50237619
3075,21.16520197,18.6723009
3076,66.59899161,62.47509776
3077,37.40317004,44.27416233
3078,39.5447847,45.91997784
3079,31.89207616,40.54580499
3080,41.78550178,47.27922513
3081,92.56333598,78.00785281
3082,22.23061319,35.13378177
3083,32.51188004,40.82854761
3084,24.28990207,36.2060787
3085,53.57200055,54.09046703
3086,72.94963297,66.22563113
3087,78.7594392,69.84156647
3088,97.85637469,81.78894013
3089,93.53952314,77.99671249
3090,53.86593121,54.10871064
3091,19.69861982,18.98323336
3092,80.99973277,70.71479348
3093,38.53873508,44.4552661
3094,30.14148004,40.60399907
3095,59.9829293,57.30161998
3096,24.57170137,36.98814394
3097,90.20535823,77.17059454
3098,60.25926037,59.05013065
3099,56.6106811,56.57624298
3100,78.53683397,69.22055639
3101,83.82394149,73.13023901
3102,61.50990954,58.89322204
3103,40.67395937,46.17647501
3104,99.33169098,82.40847793
3105,60.58563707,58.7967863
3106,49.03807988,51.44774736
3107,26.93594333,37.75950359
3108,31.3993528,40.27723745
3109,99.53762296,82.63750204
3110,90.89913741,77.05654455
3111,88.9113728,75.66447993
3112,62.17775523,58.75368993
3113,28.51113064,38.5651383
3114,18.67801466,24.74465654
3115,57.16282706,56.1607804
3116,18.03857769,23.90148664
3117,52.63553326,53.38514221
3118,25.09819246,36.39124456
3119,62.91949375,59.37607239
3120,95.04810231,79.71446752
3121,29.42719018,39.80189034
3122,32.00692111,40.89448798
3123,78.11751164,69.46938572
3124,28.61360087,38.63665896
3125,72.34143175,65.49624125
3126,16.78283293,19.9255485
3127,95.97888192,80.14104783
3128,29.88826565,39.28219302
3129,46.35018915,49.79873349
3130,55.71055043,55.79182966
3131,22.54618713,35.08824654
3132,96.16557587,80.3441367
3133,46.64590506,50.43455966
3134,77.44193207,69.38198248
3135,58.08271334,57.10639917
3136,35.11455555,42.58637499
3137,42.67115965,47.44170121
3138,36.98241856,43.30091639
3139,16.2355047,20.64134708
3140,54.22159371,54.60894004
3141,57.73184499,56.52744745
3142,35.6518752,43.50676142
3143,52.79951507,54.05764148
3144,19.44111961,12.44537865
3145,73.92354493,66.95281235
3146,65.66948069,61.28959657
3147,99.78826364,82.53454349
3148,34.01701716,41.94805586
3149,22.13467682,35.03127144
3150,74.2830444,67.24002521
3151,43.52114525,48.16450437
3152,29.92692893,39.58702091
3153,80.21475295,70.243142
3154,21.35762608,18.20403634
3155,81.76182674,71.48761669
3156,73.58671716,66.06597443
3157,24.31358542,36.08103264
3158,48.38569445,50.22389486
3159,54.06523338,54.76040981
3160,56.67816584,55.88844471
3161,63.08122341,60.19762101
3162,66.0782974,62.49400629
3163,84.02408181,72.95620777
3164,88.58550653,75.56993238
3165,89.07758367,75.72669587
3166,42.63361589,47.78671384
3167,72.43730712,65.81234472
3168,67.85534435,62.39461865
3169,62.96496274,59.98356462
3170,21.99916495,34.64520751
3171,79.71774979,70.38061623
3172,66.85386352,62.4131697
3173,40.74363187,46.15351985
3174,80.26832693,70.90553852
3175,75.38153686,67.92837695
3176,63.64980866,60.35478922
3177,38.10805934,44.33197114
3178,37.13740802,44.13826439
3179,90.30541673,76.5501087
3180,71.89040198,64.99858036
3181,60.16189406,58.22867559
3182,86.18574367,74.60436175
3183,29.32156802,39.36962772
3184,74.02938327,66.04583125
3185,97.48873692,81.11185131
3186,26.89253475,37.55361776
3187,29.85474417,39.63000807
3188,87.61166168,75.37159281
3189,29.1262974,39.20123369
3190,59.25015973,57.75960224
3191,12.87271889,9.15334102
3192,25.7794223,37.24890154
3193,63.47750628,60.49412902
3194,35.01071035,42.118687
3195,19.04192475,18.35628227
3196,15.15857029,21.87387359
3197,39.21938469,45.04824731
3198,31.39070212,40.92566567
3199,14.12372052,13.5518561
3200,51.29212816,52.83358132
3201,65.47165411,61.76631955
3202,92.93663137,78.30268124
3203,18.09760664,11.55933088
3204,46.17852061,50.30825972
3205,38.60351992,45.49956309
3206,28.76247759,39.21395184
3207,24.69404919,36.18035494
3208,33.02557774,41.32578205
3209,67.55569636,62.81920849
3210,53.22857982,54.56547991
3211,78.95569209,69.06082788
3212,58.19640487,56.72321714
3213,60.6117768,58.82689552
3214,59.37709279,57.65641562
3215,46.76666709,49.68670249
3216,96.02007921,80.58460017
3217,38.08828374,44.56000462
3218,58.49703624,57.5212967
3219,71.56063565,64.77374387
3220,11.88503575,15.29983262
3221,63.86489133,60.11851046
3222,24.14093033,36.06397989
3223,77.23144828,67.83966089
3224,39.73306157,46.06890499
3225,63.78054951,60.22582812
3226,67.20180138,62.61832356
3227,58.19693055,56.73740782
3228,10.28362913,10.30401621
3229,83.10849898,71.74475135
3230,39.57976742,46.26024721
3231,82.40920624,72.52581595
3232,17.85169542,21.69522962
3233,37.7919636,45.1456451
3234,93.20505455,78.37012687
3235,74.99801898,67.1506327
3236,25.59439914,36.91895872
3237,38.28890589,44.76073297
3238,32.0847963,41.24954648
3239,30.40209192,40.14358976
3240,43.69206147,47.97105464
3241,73.34152362,66.8465975
3242,23.18558504,35.64568572
3243,20.13423228,11.47261951
3244,31.94915151,41.15214757
3245,30.62072667,39.93543775
3246,52.79950085,53.01020049
3247,52.79660989,53.74228304
3248,62.38038547,59.88638895
3249,57.12088426,56.48078755
3250,30.12664037,39.81566625
3251,79.80821573,69.95929482
3252,74.43580451,67.06979492
3253,58.32892931,56.76782073
3254,55.39032013,55.3005192
3255,46.06127335,49.05976406
3256,90.18587269,76.78485699
3257,68.80832021,63.76950685
3258,18.43583943,20.63512796
3259,71.87911191,65.22571337
3260,48.85338186,50.890692
3261,21.96812883,34.56998951
3262,82.97497226,72.40198359
3263,19.44253984,29.42270708
3264,29.64224141,39.75024344
3265,91.56031404,77.60146706
3266,50.29761059,51.41273517
3267,25.02925693,36.84033812
3268,66.93383514,61.95514086
3269,68.27238746,62.85522583
3270,31.77548635,41.12972742
3271,38.74844013,45.15919769
3272,61.96277841,59.15094059
3273,14.87288348,18.84051153
3274,87.70842473,75.20631218
3275,30.8853277,40.31592374
3276,53.85346087,54.1688531
3277,24.27882719,36.17109807
3278,74.15934666,66.40077785
3279,13.14067579,10.69986202
3280,18.97133695,18.81988351
3281,84.11684388,73.07962731
3282,26.81607877,37.67823606
3283,10.29332325,15.97439375
3284,77.31430446,68.48685516
3285,11.89775524,15.91545919
3286,37.63248948,44.80570036
3287,61.67755326,58.97296035
3288,62.98988647,59.88887553
3289,90.30456992,76.92847766
3290,37.10392932,44.34711576
3291,66.19566847,61.75458034
3292,57.58018185,56.61238927
3293,21.17304413,33.88691109
3294,37.60429916,44.41950555
3295,95.20626095,79.78953955
3296,83.73536294,73.06759991
3297,82.7393504,72.14242423
3298,27.74281705,38.44262616
3299,59.51633397,57.26397933
3300,60.77043211,59.43099302
3301,60.3592947,58.05698599
3302,21.20966883,30.09690207
3303,72.1950123,65.5417055
3304,73.34798105,67.25132501
3305,54.71164534,54.90243657
3306,59.67391807,57.79904045
3307,19.37507479,18.56179228
3308,31.32268749,39.95975672
3309,40.75290774,46.58949812
3310,19.05866092,26.33518135
3311,91.28166652,77.28936887
3312,23.42017942,35.41751583
3313,38.67063234,44.67133041
3314,25.51359472,36.98517513
3315,32.5798369,41.45170551
3316,28.30721065,38.44094064
3317,89.80845128,76.53635355
3318,43.94608063,48.15152651
3319,46.52288274,49.29121827
3320,21.53743166,12.14615947
3321,79.6150026,69.21297133
3322,58.81996884,57.61931823
3323,53.90678227,53.5046314
3324,12.56266429,12.91225666
3325,64.74471085,61.29173569
3326,72.66196686,66.17455166
3327,86.03200936,73.67087909
3328,12.68755833,11.45035767
3329,52.14128738,52.61847526
3330,90.92803898,77.00237506
3331,43.82019282,48.43227047
3332,23.64716587,35.89237805
3333,17.5898402,20.57562103
3334,59.65239963,57.72128918
3335,93.24655927,78.61095509
3336,73.22179218,65.83134046
3337,25.46864161,36.97871908
3338,18.55220363,23.0977183
3339,45.94702715,49.22343248
3340,93.30201958,78.51267598
3341,13.48185197,14.20909612
3342,30.77710514,39.86828383
3343,24.58971853,36.20971868
3344,11.17771209,17.5205577
3345,41.28015883,46.36035684
3346,36.26573907,43.69702286
3347,92.92758814,78.0242471
3348,12.84335963,18.54923763
3349,68.16716006,63.53617505
3350,99.60649836,81.84841327
3351,89.63565956,76.19179721
3352,60.91909446,58.23457049
3353,54.04264408,54.71626631
3354,72.00799401,65.41471695
3355,72.073172,65.71164485
3356,43.32935056,48.14542298
3357,66.96862132,62.47985715
3358,93.68691917,78.7448671
3359,10.46219674,6.44669675
3360,13.81224724,21.22659949
3361,85.11624504,73.07241604
3362,49.01981898,51.01903263
3363,23.48788081,35.33365539
3364,94.9931749,79.68501938
3365,97.44417837,81.50032446
3366,49.11655621,51.75974525
3367,95.52065194,80.35057636
3368,30.85288799,40.51492577
3369,94.45557572,79.45333087
3370,54.6896559,55.79822307
3371,90.69321205,77.47217772
3372,32.33868889,40.95736361
3373,88.65025681,75.97539604
3374,40.01110518,46.55724928
3375,72.39569116,65.99112679
3376,20.37414999,15.93128904
3377,69.20843715,63.24320399
3378,74.59166023,67.06825524
3379,40.50657059,46.14382937
3380,14.60662899,17.75122396
3381,24.48321063,36.25991421
3382,96.85084135,80.99850666
3383,48.88519702,51.39136692
3384,89.70105928,76.28939331
3385,70.72717032,63.99147584
3386,78.96115,69.20411795
3387,57.44905313,55.97337392
3388,19.84889206,18.11771251
3389,82.74669454,72.76686368
3390,30.23699186,38.86878348
3391,12.26623287,15.24052121
3392,50.15989988,52.62333328
3393,50.88542667,52.37846353
3394,19.22919853,10.89146922
3395,50.15952156,52.17177824
3396,61.00590936,59.5856453
3397,76.88279842,68.52401589
3398,51.28860895,53.08221584
3399,41.86704102,47.00500942
3400,48.24635428,50.3257766
3401,56.96046707,56.09507801
3402,52.94772042,53.19344535
3403,42.71279191,47.66853581
3404,18.7928737,29.85201658
3405,32.1919228,40.93505494
3406,62.35795737,59.85633188
3407,56.1316108,55.83452449
3408,64.97032593,61.64257858
3409,29.20030864,39.16291016
3410,59.85036221,57.88038183
3411,47.24912776,49.88893578
3412,26.1380053,37.16636002
3413,94.20986726,79.13128758
3414,52.53753632,52.68959425
3415,47.81583814,50.14938316
3416,80.41685367,70.16827757
3417,19.93720168,16.47222762
3418,91.96349388,78.1251004
3419,56.52841484,55.69997251
3420,56.87036965,56.73732334
3421,13.39253965,13.11574446
3422,61.0709657,58.47109274
3423,64.93626539,61.16421281
3424,96.88379792,81.15516625
3425,59.44840812,57.524549
3426,12.82489317,11.64706659
3427,19.98633661,24.56676673
3428,92.10906628,77.91567381
3429,80.37240795,70.903623
3430,41.55859354,47.03173572
3431,98.86875919,82.01163235
3432,91.38524831,77.14494153
3433,46.11969179,49.25224849
3434,10.22036152,9.92467612
3435,46.14521621,49.54303852
3436,62.942022,59.78841246
3437,99.09258905,82.20731049
3438,49.64392063,51.98055892
3439,56.31955696,55.78938933
3440,58.13519953,57.00786546
3441,52.39370337,53.73680542
3442,18.15377344,13.65421277
3443,97.15672796,80.79967491
3444,27.4174227,38.13734786
3445,88.67306957,75.71430497
3446,94.92015778,79.80289818
3447,22.67677684,35.24953445
3448,30.87326213,40.66009733
3449,69.8530308,64.43657574
3450,84.83177116,73.09278214
3451,30.87498566,39.30754557
3452,31.89556133,40.87174856
3453,99.26012995,81.88810783
3454,89.29731109,76.30519056
3455,17.39260664,16.07475677
3456,47.91485167,50.83770215
3457,44.58765647,47.98607686
3458,42.93851945,47.35553608
3459,89.14715311,76.23592847
3460,63.43302083,59.92669444
3461,30.27373289,39.6133183
3462,60.45044905,58.6634661
3463,47.38313168,49.59632815
3464,23.37638947,35.81707028
3465,78.12560473,68.60014071
3466,41.68610058,46.60008208
3467,91.48931632,76.79158604
3468,47.1418999,50.7216532
3469,11.83864557,8.54923917
3470,12.96612591,9.15760262
3471,67.08127175,62.96962177
3472,57.54206545,56.42611503
3473,40.83326308,45.78698106
3474,92.53913151,78.57840295
3475,42.09294836,46.85953518
3476,43.5401212,48.56777607
3477,72.30413028,65.17148064
3478,77.54874784,68.08611299
3479,51.07132659,52.31268675
3480,54.37934921,54.16200728
3481,38.51447773,45.1929098
3482,49.40065267,51.18785804
3483,54.23405671,55.15644717
3484,80.59328453,71.20701411
3485,48.32953387,51.27663056
3486,57.56775484,56.41453698
3487,44.99739385,48.80472397
3488,69.70789115,64.28821348
3489,93.02481954,78.2809036
3490,50.27561709,51.60160023
3491,24.90363266,36.68602087
3492,93.10461469,78.35977789
3493,32.9397681,41.53650505
3494,42.60112759,47.0705855
3495,27.80664083,38.2934843
3496,27.83771928,37.93511839
3497,16.52897552,22.05533474
3498,25.99565712,37.08071628
3499,59.42376489,57.76983247
3500,14.093735,17.3492054
3501,72.22228068,65.37691934
3502,16.38303121,15.78112295
3503,94.78593377,78.76518696
3504,41.69087048,46.41970611
3505,91.56292048,77.30832868
3506,25.41668488,37.13542614
3507,25.69887157,37.17519535
3508,97.91268875,81.31630476
3509,77.33904636,68.75767741
3510,43.17336843,48.02472071
3511,58.30032348,56.31585817
3512,10.4979819,8.60278373
3513,74.77904751,67.61923412
3514,36.41375367,43.47191929
3515,36.25797125,43.38385412
3516,56.55801549,55.57490274
3517,37.87109156,44.73811675
3518,29.89473517,39.86289218
3519,50.00154141,51.40375507
3520,39.33371101,45.06797085
3521,81.83492783,71.29190774
3522,81.34959636,71.61917984
3523,36.9711263,43.71572754
3524,84.88203568,73.78584468
3525,36.80465503,44.5296112
3526,42.29748817,47.69900985
3527,89.85159168,77.16882425
3528,31.58291067,41.11710008
3529,98.38635482,81.41728705
3530,26.6358373,37.57094711
3531,86.01678736,74.22603196
3532,55.04135602,55.17616977
3533,86.78685373,74.04115298
3534,58.34709547,57.62785739
3535,35.75248751,43.62975382
3536,83.88227023,73.24969145
3537,13.36032721,20.10361672
3538,11.26815359,7.7685268
3539,30.97140383,40.5046732
3540,22.97368694,35.07388471
3541,33.66158393,41.63699473
3542,68.66803877,63.42385831
3543,26.50634686,37.98526975
3544,86.76207825,75.36285507
3545,19.82666152,16.60455266
3546,80.0143056,69.67421617
3547,58.98734974,57.05870026
3548,81.99678996,72.46406279
3549,81.41158388,71.22213751
3550,91.92795293,77.64816126
3551,60.64003766,58.96669522
3552,21.34293095,30.06546284
3553,22.11325301,34.94689466
3554,89.09641683,76.21250099
3555,83.26441487,72.52324839
3556,23.21737332,35.66690147
3557,68.04492769,62.57941336
3558,47.73715875,50.92346471
3559,32.82781169,41.6712993
3560,26.76472763,37.9401785
3561,77.3327292,68.90768823
3562,14.02388363,8.16963343
3563,87.06471697,74.53328143
3564,84.77675847,74.14215507
3565,49.49207418,52.14521618
3566,68.18391019,62.82534504
3567,86.16087368,74.58048923
3568,47.17469438,50.37569338
3569,75.17775639,67.43463956
3570,42.60992724,46.73975521
3571,34.70766655,42.55460325
3572,19.85820235,16.54334974
3573,24.32828508,36.20153597
3574,47.05831136,49.7311082
3575,19.4473873,15.23920006
3576,97.93602393,81.38680207
3577,36.81384638,43.87285067
3578,97.42487319,81.14304294
3579,90.56833251,77.1799951
3580,89.57875079,75.8067016
3581,17.68378532,10.47134653
3582,64.94015286,60.67133868
3583,28.44321723,38.67665806
3584,70.12957051,64.95441111
3585,67.6230776,62.81782253
3586,76.89294794,67.71293722
3587,94.66227364,79.2540166
3588,90.82214411,76.80274916
3589,57.41519656,56.64038085
3590,61.63367458,58.4915973
3591,83.21655236,72.54383922
3592,21.26531724,32.84408731
3593,59.15005313,57.6905497
3594,67.14569392,62.69541484
3595,50.58939787,52.03963088
3596,39.3631538,45.172041
3597,20.61008067,12.75699005
3598,70.33988106,64.37507107
3599,46.70968248,48.99043948
3600,58.82327316,57.41080566
3601,30.42410472,39.84097685
3602,52.75400644,52.9451016
3603,95.10408534,79.52849298
3604,58.01174663,56.95725893
3605,25.17646859,36.75820314
3606,19.91590332,14.38222881
3607,83.80484924,72.85735759
3608,12.61195425,17.73754914
3609,71.6399026,65.31948701
3610,13.0696949,14.18211857
3611,80.17018313,70.458625
3612,29.00496271,39.36002487
3613,76.51228066,67.72877334
3614,85.09223445,73.37532588
3615,60.64593705,58.74446693
3616,73.65514815,66.30275943
3617,50.64202132,52.50050845
3618,59.09883166,57.19229368
3619,33.15300288,41.9569597
3620,70.27560806,64.81624007
3621,11.64226619,18.48760133
3622,26.56268334,37.24610106
3623,37.20181698,43.82235889
3624,89.98302043,77.3669375
3625,58.40234387,56.82374458
3626,54.1776528,54.74715412
3627,64.29319893,60.21278745
3628,51.63478848,53.79429733
3629,32.62612979,41.18316228
3630,87.55728585,75.18354903
3631,84.08664968,73.36354037
3632,76.525564,69.09872079
3633,91.13834006,76.97585633
3634,10.05394763,15.69236601
3635,26.72694692,37.58297016
3636,32.8051583,41.72743791
3637,80.74963084,70.8305673
3638,88.34041416,76.08292338
3639,81.87337149,71.57287978
3640,89.43287328,75.94703796
3641,53.66469867,54.35546865
3642,13.55284825,10.54995233
3643,82.56419242,71.94305541
3644,43.12551305,47.22347046
3645,12.56568885,8.28256671
3646,62.65653802,60.14760969
3647,21.6393526,34.46010089
3648,33.38473113,42.09042441
3649,17.47147661,20.69114524
3650,46.31064297,49.65498925
3651,32.71840944,40.91316565
3652,40.32886725,46.73666025
3653,91.18818208,77.2897785
3654,60.93186986,58.21102134
3655,99.30839759,82.5523852
3656,29.30534327,39.13052061
3657,74.2313235,66.73178895
3658,16.53981781,9.92229256
3659,61.43462374,59.10809443
3660,21.28879061,34.26924651
3661,41.7398426,46.26890762
3662,90.03374956,76.7863697
3663,52.76119545,53.89417037
3664,15.80312868,15.9604281
3665,71.9522662,65.34006616
3666,30.98329672,39.87365642
3667,86.36464332,74.5994574
3668,47.21418971,49.66441925
3669,33.9303059,42.56328912
3670,44.65769845,48.61667547
3671,51.48788836,53.3282857
3672,55.71157191,55.17312181
3673,78.7481068,69.15567596
3674,58.3089642,56.90416983
3675,64.49205981,60.08245378
3676,99.51953321,81.80748633
3677,11.99187946,15.46450196
3678,88.94094016,76.51645463
3679,56.68094204,55.83281639
3680,57.13593999,56.22265135
3681,64.21318705,60.75753843
3682,37.04072945,43.84737358
3683,91.88371293,77.88130089
3684,89.46208113,75.78684697
3685,55.18775847,54.94291352
3686,37.26488895,43.52713975
3687,78.93918951,70.3366488
3688,53.81164539,54.09953052
3689,46.43973003,49.62511941
3690,79.60006668,71.19469105
3691,65.84400478,61.08438345
3692,49.98178386,51.65754733
3693,90.30683948,76.5108458
3694,62.94994265,60.43999976
3695,74.42247242,66.89955291
3696,11.4016164,16.2575392
3697,16.59724127,24.58110348
3698,93.64412769,78.04584955
3699,86.19033824,74.16796014
3700,33.19015641,42.27172798
3701,94.97654678,79.21161479
3702,63.31041031,60.67650154
3703,45.85134261,49.28454904
3704,86.36474558,74.44754808
3705,43.13488173,47.67354766
3706,45.11164058,49.86689421
3707,97.64182057,81.52513328
3708,87.15762649,74.63913786
3709,12.0856967,17.71879788
3710,27.84434627,38.42154781
3711,68.05822931,64.18525969
3712,74.9377087,66.93814473
3713,71.83933665,64.61914271
3714,42.98454048,47.590265
3715,83.45068446,72.34544905
3716,20.98797508,22.10555746
3717,54.61053892,54.62199314
3718,45.49027273,48.72717025
3719,87.42419075,74.68817008
3720,99.05436721,81.84004422
3721,46.27352698,50.3924755
3722,46.99276341,50.82096014
3723,24.00688134,35.70730762
3724,25.74499184,36.70048545
3725,11.55590196,17.85139605
3726,85.68044614,74.06953004
3727,60.68866754,58.27533147
3728,61.49351956,59.29488686
3729,23.83774175,35.76245122
3730,24.91256817,36.35036577
3731,40.11953981,46.06094395
3732,16.77987454,12.14987049
3733,57.31984745,57.02688427
3734,27.09913487,37.74059613
3735,53.22133664,53.86028057
3736,97.93130759,80.83088118
3737,23.41584679,35.39526123
3738,75.52630077,67.78272073
3739,34.62614533,42.17256601
3740,66.02952141,61.01683723
3741,76.73894342,68.31312726
3742,88.74711746,75.67678541
3743,15.4130866,18.8471251
3744,99.89038297,82.22377398
3745,65.29887254,61.25853145
3746,43.9468715,48.41530931
3747,99.07626633,82.13110472
3748,40.04187027,45.58016449
3749,14.74103311,16.74085449
3750,40.00562513,45.67624479
3751,89.82273184,75.98074728
3752,78.94081219,68.64150351
3753,81.00457348,70.70830838
3754,37.77464377,44.60026013
3755,11.82069515,8.65757724
3756,85.03295702,74.22241091
3757,31.75562204,41.05578882
3758,53.66855688,53.59696457
3759,60.91086003,58.04340256
3760,45.92531488,49.26982065
3761,56.22249095,55.57823011
3762,50.07139946,52.45953523
3763,73.01683148,66.01555585
3764,30.58144441,40.09624148
3765,94.93094975,79.00121998
3766,19.31343304,24.7661397
3767,90.65540144,76.94248366
3768,28.40547205,39.23309648
3769,33.83434227,42.18680692
3770,53.43233224,54.59578879
3771,31.82043698,40.49114141
3772,18.20349577,25.46809558
3773,70.7060493,64.36982281
3774,83.1712995,72.5912296
3775,45.20893132,49.12625922
3776,14.23457415,16.21201355
3777,98.3129222,81.24920321
3778,96.11004416,79.85294634
3779,59.31779703,57.82615545
3780,35.73359336,42.87868309
3781,10.67160916,13.07491716
3782,68.8424717,63.8212437
3783,42.08947911,47.09191879
3784,88.01685369,75.22493832
3785,26.65448963,37.65599969
3786,38.13196123,44.9691634
3787,16.14546606,14.95545889
3788,93.92323324,78.67490373
3789,77.58925161,69.60678466
3790,44.657398,47.9292567
3791,84.49886023,73.43946232
3792,20.72424101,19.94606197
3793,81.55471819,71.43161523
3794,86.69846487,74.69785443
3795,74.87507521,66.83062923
3796,26.713862,37.59893204
3797,22.11576482,34.87529579
3798,70.04459025,64.03798209
3799,25.5346476,37.30540069
3800,35.84245703,42.98581132
3801,45.85386014,50.38879334
3802,53.78926886,54.42249016
3803,34.61245839,42.85283122
3804,88.9064026,75.24115567
3805,36.38679246,43.77333889
3806,73.66428084,66.65456458
3807,74.94568064,66.64295513
3808,98.81317644,81.808498
3809,29.03437091,39.11006374
3810,80.39957265,70.00641255
3811,28.61484579,38.58935891
3812,55.56791654,55.81040555
3813,94.80872498,79.58628737
3814,54.3489001,54.0721318
3815,34.51672372,42.41930797
3816,77.8772594,68.62997412
3817,44.30140447,47.93848306
3818,92.12790776,77.80321758
3819,41.93410185,46.56418179
3820,43.88079608,48.47805473
3821,87.13764482,73.86983352
3822,83.68235732,71.91901135
3823,78.4197107,69.22004905
3824,29.02456731,38.65882627
3825,87.55746034,74.34647453
3826,64.80578472,61.31690788
3827,46.09658453,49.65568303
3828,29.04680736,38.79238542
3829,54.30561467,54.8186994
3830,79.35366185,69.96471256
3831,38.6242292,45.44613825
3832,97.49167331,80.68412741
3833,44.40409808,48.56075456
3834,22.40345011,34.9980717
3835,31.39705434,40.80144797
3836,86.93736877,75.09360106
3837,88.80967318,75.67637864
3838,87.51434948,74.39491875
3839,16.35813521,17.99982371
3840,24.49185585,36.45625276
3841,11.43854657,14.19119285
3842,99.47298044,82.34469873
3843,67.68253081,63.27947742
3844,51.47762492,52.73002387
3845,90.87817442,77.7340034
3846,28.722168,39.31701379
3847,61.95796805,59.0141405
3848,18.73705588,16.84304416
3849,60.36940435,58.374935
3850,29.25212893,38.86148228
3851,59.96440429,58.3551398
3852,81.21327471,71.54472603
3853,31.4651713,40.62628202
3854,24.3747484,36.53848761
3855,43.68834209,48.67109282
3856,14.3074904,22.76939141
3857,31.14147818,40.12978873
3858,74.39067181,67.12076168
3859,66.32753624,62.36458833
3860,35.14645276,42.46800784
3861,10.74530344,10.64499163
3862,84.74411628,73.21884693
3863,40.0988053,45.19020067
3864,33.54139897,42.30638002
3865,34.78119706,42.9021288
3866,18.05172783,16.21143217
3867,15.84787726,20.20166267
3868,64.64523994,61.82792705
3869,87.83791805,74.88914914
3870,25.50609646,36.47055401
3871,91.94621352,77.92600402
3872,47.37727614,49.91984894
3873,73.79031259,66.46663688
3874,52.55448614,53.77342509
3875,98.69361727,81.70296914
3876,58.42360274,57.08113365
3877,14.69978179,16.26018834
3878,11.64217334,12.11149118
3879,70.75419012,64.8011309
3880,68.30342645,63.20077793
3881,57.31022897,56.85465506
3882,92.87129355,77.86165757
3883,96.07174033,80.40671415
3884,51.361187,52.59140705
3885,50.4150554,52.28539373
3886,68.46880299,63.79666406
3887,90.33663268,76.76015918
3888,91.80572579,78.24276379
3889,21.32804449,33.98773419
3890,49.50750372,51.43519453
3891,85.74477648,74.38474334
3892,43.39234328,48.59285735
3893,96.58961024,80.79076168
3894,18.46702738,28.56932325
3895,21.65341374,34.25094129
3896,75.18557121,66.97536205
3897,38.28781956,44.53888112
3898,85.35131415,74.20356709
3899,33.76080706,41.62798214
3900,39.83409982,46.42996704
3901,57.60073331,56.01728235
3902,71.69143637,65.5477763
3903,68.57094267,62.99465677
3904,24.31097679,35.83745336
3905,74.50732299,67.58892321
3906,20.67646766,17.91913474
3907,12.89085856,7.37656734
3908,44.94686942,48.85379065
3909,86.83296067,74.31414317
3910,32.52582258,40.27435796
3911,77.87151085,68.66130404
3912,92.15119517,77.28606299
3913,77.07430447,68.06119489
3914,90.93070855,77.0443362
3915,27.81162389,38.3529937
3916,28.8119516,39.02630145
3917,17.41363778,18.156129
3918,20.64564471,22.96521712
3919,15.91355603,21.66722415
3920,28.52261666,38.26927006
3921,45.25155391,48.51909561
3922,16.79168033,12.59597214
3923,24.42169858,36.17445572
3924,91.78144946,77.44331556
3925,42.75471541,47.32049959
3926,68.26468089,63.78193508
3927,61.38317056,58.57013573
3928,43.39189888,47.93820042
3929,52.7124464,53.7489822
3930,42.66309259,47.4517816
3931,14.76094522,9.47722988
3932,15.15632152,12.80588949
3933,28.40947432,38.49847126
3934,20.31729596,32.34165318
3935,18.62434951,24.62263869
3936,27.07221789,37.89223766
3937,32.45673463,40.68185034
3938,90.35282467,76.47859232
3939,86.21404353,74.75403004
3940,13.1082301,14.03363238
3941,41.86309586,47.35248681
3942,57.09550066,56.53130365
3943,78.4734676,68.82843003
3944,97.47006578,80.67327328
3945,11.13882269,11.62009093
3946,15.01152456,18.96601069
3947,42.75865113,48.11309745
3948,39.49652474,45.6772441
3949,88.14807835,75.71269477
3950,59.08722121,57.35927204
3951,60.11084151,58.52311802
3952,60.06203804,58.34717708
3953,22.12483039,34.91460194
3954,91.42965339,77.22312265
3955,84.18250135,73.45474299
3956,65.32930495,61.38227621
3957,25.04116054,36.80551566
3958,58.47205314,57.26745151
3959,56.3550709,55.24408564
3960,48.4749267,51.24646088
3961,91.94719613,77.42303257
3962,15.59917812,14.30729023
3963,78.23324958,69.27496182
3964,10.80990422,13.79923058
3965,58.53969928,57.990042
3966,43.63264742,47.84352619
3967,20.10114297,17.43401486
3968,23.00791577,35.36886897
3969,87.14970178,75.44478568
3970,24.62961982,36.33136163
3971,16.60082951,20.54680525
3972,18.64871577,17.92190335
3973,18.66800655,13.94565838
3974,19.24718579,21.13996566
3975,56.52491972,55.78617783
3976,63.83826409,61.1020753
3977,89.98520035,76.44038122
3978,67.72689887,63.41414765
3979,18.20948375,12.65256055
3980,34.59641515,42.75716374
3981,20.3139169,20.19584285
3982,20.13416236,30.46500037
3983,13.88925107,13.41577075
3984,60.71249195,58.67332127
3985,26.30428698,37.3284155
3986,94.33007657,78.99132918
3987,22.53098932,34.90637766
3988,75.95888019,67.28599469
3989,97.73752286,81.01418479
3990,53.3992493,54.90101732
3991,20.48821737,17.38830074
3992,30.99330564,40.52984024
3993,65.07363207,61.41537089
3994,47.31485257,50.31077691
3995,36.93403815,43.72278894
3996,69.23772193,63.41376038
3997,77.8464383,69.45564231
3998,54.61817275,54.36075209
3999,80.54820791,71.12754972
4000,93.19351507,78.11015489
4001,53.7649059,53.83704196
4002,71.73437396,65.37036131
4003,85.04022464,73.15760691
4004,21.37620686,34.41449458
4005,88.77706323,75.66789024
4006,44.13043755,48.70004437
4007,88.28624029,75.56519082
4008,48.45361172,50.85906359
4009,73.4312756,67.12614033
4010,43.40939659,48.32259506
4011,26.84907428,37.47558013
4012,24.41212771,36.0937142
4013,97.52595494,80.53752154
4014,90.56284538,77.15589371
4015,15.25275476,11.41534669
4016,59.27386788,57.30294714
4017,66.45017108,62.48300671
4018,43.77047869,47.59765495
4019,63.73913081,60.68820113
4020,48.85701417,51.91874496
4021,15.15394269,18.09368314
4022,65.69944333,61.95020729
4023,33.28529525,42.14289946
4024,81.04722015,70.64037188
4025,94.79462168,79.08187023
4026,50.49096393,52.76285743
4027,49.36592743,51.39794766
4028,59.05677594,58.32022479
4029,92.50650562,78.10667315
4030,81.19618126,71.75793086
4031,16.11124571,21.83969985
4032,55.56422441,55.35258505
4033,86.42935089,74.42686614
4034,59.21902572,58.53032156
4035,27.91023661,38.50533516
4036,44.63847214,48.68405733
4037,39.12028012,45.66378107
4038,41.04635579,46.51601237
4039,46.52032856,50.10143474
4040,81.49325962,70.66880327
4041,61.22805547,58.73019958
4042,56.43999901,55.48798374
4043,65.31040004,61.66598918
4044,12.2671486,17.26236274
4045,34.45635117,42.33985677
4046,93.23585518,78.85434012
4047,60.57879243,58.65167122
4048,30.55184791,39.9883804
4049,12.5161572,14.31405221
4050,27.31540129,37.54245234
4051,31.43742789,40.4932342
4052,77.07640997,68.83579002
4053,36.01177336,43.43626589
4054,77.39924552,69.08239153
4055,52.94733724,53.50826369
4056,45.40267258,48.44012971
4057,21.97433369,34.76967012
4058,79.00033752,69.87768455
4059,32.01927223,41.68138587
4060,72.44539601,65.22641654
4061,67.27246252,62.44730749
4062,36.20184365,43.10317788
4063,79.53064605,70.14499766
4064,69.03225162,63.47254214
4065,49.37344961,51.68075886
4066,35.00999754,43.38282332
4067,16.4020749,12.83862578
4068,44.95350328,48.58951739
4069,37.43263222,44.73370429
4070,92.8296442,78.43321629
4071,70.45326568,64.32690977
4072,16.24778096,14.42395425
4073,84.63387775,73.29641233
4074,26.46236019,37.14700898
4075,95.98638409,79.80843277
4076,48.78823058,50.93863941
4077,91.35107502,77.54581135
4078,84.13024413,72.60210613
4079,79.18513003,69.64727702
4080,38.9874464,45.17389507
4081,13.56759546,21.17166549
4082,39.51709239,45.38820995
4083,99.61325323,82.13401355
4084,15.42976408,12.84767106
4085,81.25046094,71.41780306
4086,30.02769224,40.36642946
4087,40.75754199,45.49894007
4088,36.75036002,44.11575125
4089,83.060734,72.40951303
4090,40.76475632,46.1474015
4091,91.64233564,78.19696076
4092,91.5038534,77.04324868
4093,38.94885554,45.35422404
4094,44.26694331,47.81924431
4095,88.1233462,75.22911726
4096,70.81380784,65.19219227
4097,75.67675069,67.68825804
4098,71.03164379,65.8204939
4099,51.64741092,52.40531321
4100,71.18953573,64.27838554
4101,56.74491017,55.68451434
4102,89.30567582,76.96039527
4103,17.68151441,20.57367703
4104,45.82734598,49.5316559
4105,24.11490137,36.66501639
4106,60.85451823,58.46728985
4107,30.12367202,39.39719045
4108,71.93411337,65.53898997
4109,53.06854198,53.79477107
4110,46.3069497,49.57242353
4111,49.52928746,51.70313268
4112,47.15972354,50.44218146
4113,83.28441084,72.19153844
4114,23.07481039,35.30375313
4115,41.14629961,46.20536768
4116,85.20633639,73.44063707
4117,96.48216341,79.4366912
4118,80.10812986,70.39136481
4119,36.43836834,43.41677315
4120,47.7310529,50.60750161
4121,26.70014063,38.02157538
4122,87.6606599,75.30317471
4123,18.18769729,23.13227701
4124,86.15434438,74.4061363
4125,30.73885783,40.49769183
4126,22.93040681,35.10276654
4127,45.68471615,49.08944329
4128,85.0899051,73.72859471
4129,43.03102211,46.74596701
4130,53.6085952,54.65748467
4131,42.97427593,48.64845275
4132,77.82254197,69.19006038
4133,31.5792773,40.7189737
4134,79.73915658,70.09157391
4135,21.04899296,33.84297894
4136,83.91173872,72.71425143
4137,81.72011963,71.34101307
4138,64.6053133,61.50135977
4139,82.00130217,71.5221483
4140,12.54128368,8.72218598
4141,50.37221492,52.81511306
4142,47.38129627,49.89633889
4143,32.08743395,40.42215739
4144,66.43900917,61.84331381
4145,18.67437609,12.52804256
4146,37.52729094,43.91887019
4147,76.99238776,68.63058234
4148,25.73538749,37.01736465
4149,13.01574318,19.65917557
4150,79.37651906,69.35183718
4151,39.14807938,46.03352592
4152,32.47999027,41.18085515
4153,37.13930465,44.29939375
4154,60.77066075,58.80726849
4155,10.93998839,15.97530452
4156,40.45147207,46.49615808
4157,58.53260192,57.58098001
4158,83.49951607,72.78693934
4159,96.18135559,80.30904921
4160,12.10795014,9.18173838
4161,85.101059,73.89079784
4162,10.68689646,10.23737022
4163,86.77003631,74.7090573
4164,74.61364595,67.54309892
4165,55.15963463,55.19936214
4166,60.15406398,57.69571107
4167,26.85845893,37.87090375
4168,70.33201146,64.95703962
4169,46.86183407,50.47482144
4170,38.71027012,44.87911678
4171,84.34757224,73.09987643
4172,96.80648066,80.57597087
4173,18.39666092,27.32370737
4174,10.97633218,8.78718431
4175,83.58911298,72.71773083
4176,67.75063752,63.40757319
4177,15.47713729,10.54035986
4178,75.46415946,66.91263636
4179,36.57790012,43.88843667
4180,53.11038415,54.34582215
4181,34.62687167,42.96627407
4182,68.81863316,63.18524862
4183,74.55045907,66.34709127
4184,66.86041813,62.4548279
4185,91.0003325,77.21977059
4186,86.09245932,73.63101038
4187,13.58915199,7.49727276
4188,83.40612781,72.24054241
4189,20.58813386,19.04079015
4190,91.78483192,78.02544741
4191,42.72547033,46.99603056
4192,63.37159088,60.03361807
4193,83.19430721,73.02168498
4194,93.86596162,79.10463314
4195,98.06057906,81.85863222
4196,70.59926836,64.46028802
4197,24.95115879,36.65734214
4198,26.19105406,37.17779472
4199,38.5644773,44.51419958
4200,36.18929935,43.1506124
4201,44.11928736,48.43348399
4202,72.94733799,65.93078119
4203,74.74099865,66.85219729
4204,44.58494158,48.58815709
4205,29.75938967,39.81966129
4206,50.83046408,52.46950374
4207,38.11003359,44.91990667
4208,74.90361966,67.15869194
4209,36.42664214,44.50038834
4210,97.00422312,81.12368071
4211,92.98681934,78.473375
4212,12.62929881,18.01528194
4213,19.00775566,22.02028669
4214,32.99999624,41.26977225
4215,73.33067109,65.93470271
4216,36.31618413,44.20147292
4217,80.14677593,70.99787397
4218,15.9070178,20.56550151
4219,11.39817761,8.04113481
4220,74.39557114,66.10298419
4221,56.45552076,55.62113877
4222,85.56287811,73.76835762
4223,28.04122402,38.35635261
4224,58.22111427,57.01690544
4225,45.56155665,48.97246235
4226,81.52278052,71.35316956
4227,87.79142562,75.78605789
4228,73.24593613,65.75488608
4229,60.10462119,58.34269043
4230,22.98136091,35.42278058
4231,24.23797459,36.44509496
4232,59.34757829,57.35101381
4233,69.03433383,64.00096135
4234,49.33254358,51.18694638
4235,22.40342465,35.36612207
4236,16.71528251,16.82252153
4237,61.20478585,58.74859382
4238,99.18676653,81.82041503
4239,97.04265742,80.54154826
4240,66.66812706,62.0493484
4241,46.81375358,50.01551362
4242,16.46988038,16.33389866
4243,29.90744084,39.53444754
4244,17.45371489,13.16742827
4245,54.88214494,54.39434045
4246,26.11717661,37.10531743
4247,45.16988691,49.50517045
4248,24.35378892,35.91854857
4249,48.22357676,51.03560484
4250,77.94215111,68.31574741
4251,94.78728296,78.96318704
4252,98.86174232,82.68272011
4253,93.20799893,78.85812671
4254,63.88726292,60.30778839
4255,17.31282475,19.32022339
4256,82.36065214,71.31869641
4257,11.6449301,13.68606957
4258,66.66197004,62.0952437
4259,70.56649364,64.40550498
4260,67.96072833,63.0219946
4261,48.96563171,51.44509491
4262,70.84071331,64.00918652
4263,72.28511287,65.70974598
4264,79.82950108,70.41428501
4265,43.02239133,47.73573384
4266,48.79195569,51.28843208
4267,95.81581516,79.97443539
4268,42.59032044,48.21811928
4269,69.46783894,63.98788304
4270,91.80619179,77.64567969
4271,62.12897019,59.06377383
4272,93.46983615,78.75420547
4273,74.37083135,66.68641499
4274,42.80547273,47.93287282
4275,79.81498481,70.46101907
4276,19.07606563,18.05676527
4277,31.09514964,40.1905577
4278,97.93344144,81.10103816
4279,39.27147787,45.1105955
4280,61.97439558,59.62731282
4281,33.53613265,41.05894866
4282,76.069423,67.59871391
4283,94.2666081,78.9032372
4284,81.53446507,71.04684962
4285,33.02632953,41.64539609
4286,63.51690311,60.0901455
4287,25.64942656,37.03078327
4288,54.18648036,54.76589504
4289,51.42975083,53.49392957
4290,40.25068601,45.93241445
4291,10.01509174,13.16397491
4292,94.32645149,78.43830714
4293,22.46517215,35.12126998
4294,16.29078583,21.61605424
4295,90.96522853,76.51795947
4296,16.80981606,22.86707846
4297,99.83170863,82.59570227
4298,52.65887799,53.09645325
4299,45.07751612,49.04170269
4300,15.53203179,8.40310737
4301,24.1062829,35.95536653
4302,86.5552274,74.54861549
4303,85.98383121,73.8778085
4304,85.84786949,74.57161016
4305,28.16320985,38.35039854
4306,90.80609659,76.95591201
4307,99.84941071,82.06913933
4308,40.54400777,45.51765348
4309,49.78312268,51.6202311
4310,22.85283811,35.09697243
4311,72.69040317,65.94057636
4312,36.91446253,43.33156209
4313,77.6701533,68.69291776
4314,35.56342822,42.88826404
4315,48.70149397,51.76007796
4316,97.98458609,81.98502707
4317,75.88826852,67.10816077
4318,74.92859462,66.97180838
4319,68.31620308,62.89659892
4320,18.06170961,14.07537037
4321,84.3090059,72.85994975
4322,68.50999602,63.84167569
4323,87.0592698,74.37545581
4324,11.74945137,11.4175593
4325,53.63971985,54.51349118
4326,73.773154,66.76325707
4327,93.23478135,78.767133
4328,18.68844944,18.5345689
4329,34.80844262,42.10587457
4330,83.41745825,72.31291419
4331,74.01680461,66.72614557
4332,33.55957181,42.28665484
4333,22.86003857,35.3741056
4334,10.31254009,10.10011024
4335,62.3386136,59.17610204
4336,73.07905576,66.33810119
4337,42.23917652,47.01590537
4338,52.15678032,52.65292486
4339,58.86764489,57.08465626
4340,52.73946156,53.58716578
4341,52.38202323,53.46369382
4342,89.53921132,75.97596494
4343,97.39701836,81.2803941
4344,27.77150595,38.26937303
4345,63.93757257,61.0669555
4346,90.83624703,77.44215914
4347,96.179528,80.07773057
4348,55.97955259,55.5352832
4349,97.59134041,81.80146981
4350,88.17389868,75.42334149
4351,58.10601766,57.8097066
4352,12.70627733,15.77749223
4353,81.17136638,71.30575569
4354,21.23129328,17.5541536
4355,92.78045259,77.46005983
4356,72.96361157,65.59556632
4357,53.03419015,53.908099
4358,27.5741327,38.17932505
4359,67.95989406,63.0687625
4360,39.42695977,45.49450278
4361,41.82028541,46.63432805
4362,37.60914822,44.07648559
4363,70.59757108,65.03445994
4364,80.07564585,70.28515038
4365,14.5761915,22.89399372
4366,20.14988732,16.68582489
4367,51.0054985,52.51233432
4368,63.39209993,61.10451644
4369,47.41255051,50.04216022
4370,68.67513977,63.14787861
4371,55.59545033,55.30376281
4372,37.5064327,44.72053083
4373,38.84738905,45.14734219
4374,97.06615354,81.11962861
4375,27.32558183,37.71030274
4376,15.97843309,22.32074534
4377,13.23552994,14.59345612
4378,96.2788618,79.82127672
4379,33.64976247,41.5234013
4380,40.5607129,45.47076301
4381,86.91098357,74.71895068
4382,83.63462174,71.82383703
4383,25.95866889,37.07679544
4384,61.14177104,58.79043461
4385,28.32899874,38.66805797
4386,69.11924663,64.12249569
4387,70.49578579,64.11580439
4388,40.52467291,46.29868896
4389,42.11407111,47.13876718
4390,41.37417235,46.56079566
4391,41.55984969,46.21201042
4392,29.44419158,39.1819077
4393,53.26097998,53.79418869
4394,35.38284182,43.26267459
4395,19.99397998,24.56526922
4396,25.39811134,36.75048165
4397,62.23527742,58.94406143
4398,37.59826883,43.71719347
4399,13.70230007,10.53824498
4400,45.8996389,49.4071073
4401,20.98416718,28.20179586
4402,28.23500868,38.35854525
4403,61.5632218,59.59706262
4404,80.85773187,71.36683765
4405,96.64030722,80.57794138
4406,14.93526,12.39243078
4407,51.95674872,53.02669136
4408,22.13174095,34.81147731
4409,22.90355162,34.96525313
4410,27.26348283,37.68644753
4411,34.4383954,42.02938734
4412,31.93517136,41.12744608
4413,67.06331391,62.29155558
4414,15.81703352,23.75345462
4415,46.71204359,49.53969748
4416,77.63614544,68.87446109
4417,27.85647563,38.51810622
4418,64.19858508,60.81252039
4419,17.2186873,13.1474727
4420,85.19739007,73.83201812
4421,39.31011891,45.51492597
4422,96.16019159,80.13569311
4423,48.90655878,51.33183302
4424,65.63544609,61.3932113
4425,79.00075258,69.61102406
4426,86.83235521,74.45467792
4427,77.49731178,68.37217117
4428,37.20148758,44.01775048
4429,71.19171873,65.74671725
4430,80.46188241,70.5920845
4431,96.32542419,80.68686755
4432,62.48663409,59.0382588
4433,23.05485718,35.65807274
4434,48.29171907,50.25223421
4435,86.66694991,74.0236469
4436,34.91694922,43.39792366
4437,70.78812229,64.13940508
4438,67.70050019,63.10046804
4439,95.30076021,79.47762619
4440,12.61559,9.82228647
4441,28.38965483,38.76831311
4442,42.71671297,47.98898811
4443,24.48366179,36.81431548
4444,18.94674702,11.1649473
4445,37.80803844,44.58360736
4446,74.69760923,66.60831845
4447,70.76639206,64.7441019
4448,99.89178734,83.06056573
4449,37.90996051,43.49792924
4450,13.38719731,21.10640865
4451,23.27878134,35.50656487
4452,20.8471947,11.81898872
4453,86.8418892,75.26665085
4454,34.60083215,42.13511219
4455,46.19285742,50.01919083
4456,57.81936811,56.26109189
4457,38.32167835,43.93268346
4458,25.53785113,36.75779987
4459,11.61687259,13.03127961
4460,62.02564588,59.64220968
4461,20.08588247,14.45815985
4462,15.94508256,18.67470963
4463,73.55330811,67.34542257
4464,86.0916051,74.29644695
4465,44.30998084,48.61524464
4466,94.85522366,79.33111842
4467,59.59713677,57.56338995
4468,85.56381953,74.30814856
4469,29.72915418,39.63004383
4470,51.94355013,52.94461761
4471,24.43147616,36.37399648
4472,80.99118938,71.87263985
4473,69.16959283,63.479429
4474,19.22922872,20.35168758
4475,68.75915814,63.34342041
4476,93.55419493,78.20357445
4477,70.21665697,64.74404043
4478,30.22272156,39.27452896
4479,73.15746001,66.48812868
4480,58.08634368,56.62116877
4481,66.68336113,62.02286376
4482,12.0462931,6.7819481
4483,91.59114041,77.45110187
4484,45.20502083,48.84106778
4485,94.25460644,79.33640692
4486,64.4572619,60.70191868
4487,97.87988966,81.38127136
4488,48.23273742,51.07244926
4489,52.49430325,52.58867461
4490,61.82430074,58.94231208
4491,94.37022742,78.65826936
4492,56.49483354,55.87425428
4493,58.66041817,57.11958705
4494,35.15599834,43.19787668
4495,85.32789283,73.33561075
4496,35.56966821,43.43526193
4497,56.58498715,56.51102709
4498,70.60503712,64.40218816
4499,91.08628984,76.9684123
4500,95.48069202,80.24518837
4501,28.88835441,38.91886432
4502,32.12934083,40.33690585
4503,98.32566671,81.34957447
4504,57.3610553,57.21029585
4505,56.94972295,56.33618052
4506,23.18031328,35.21996041
4507,98.38667453,81.78316155
4508,80.53655054,71.43553537
4509,98.65673583,81.64054648
4510,23.11622508,35.51678341
4511,68.08962385,63.22912875
4512,71.42565366,64.74728613
4513,17.193071,20.09306132
4514,80.06329476,70.73831308
4515,22.16112724,35.56441076
4516,27.00860668,37.70819425
4517,26.83266468,37.5657959
4518,84.89644432,73.48983039
4519,15.60767259,19.49903133
4520,36.80128726,43.47001544
4521,18.5521062,21.80725572
4522,28.19051472,38.63504015
4523,60.68712817,58.53858737
4524,27.67195631,38.13967292
4525,63.45209706,60.41791144
4526,64.41849258,60.36940604
4527,94.88841365,79.70175239
4528,86.4183673,74.95913962
4529,55.41769954,55.29510622
4530,38.2928953,44.48213086
4531,43.38836931,48.52036153
4532,85.57581616,73.61071417
4533,94.49722422,80.39289722
4534,33.84414718,42.12865163
4535,13.19588059,14.52788378
4536,12.70098637,8.80841133
4537,63.78496122,60.52624557
4538,92.13622996,77.51289651
4539,73.73276079,66.91321991
4540,30.4489424,40.19182242
4541,40.04322384,46.06228541
4542,78.98839241,69.75005006
4543,64.15891361,61.19834619
4544,21.96760109,34.81893103
4545,20.52900913,14.3720075
4546,60.40581801,58.73532963
4547,89.85060795,76.58908931
4548,94.7385447,80.20396938
4549,49.18401413,51.556477
4550,41.08575595,45.59715096
4551,62.70173604,59.47764274
4552,83.13498889,72.33300541
4553,63.22306384,60.06481011
4554,20.19333511,26.72457323
4555,22.3710511,35.17679621
4556,18.83546129,19.58084172
4557,46.36244571,49.90203371
4558,53.49377852,53.91897313
4559,48.10131803,50.67164591
4560,19.63625692,17.79837628
4561,25.22282548,36.54902661
4562,69.65271715,63.60940218
4563,98.96363748,82.26220704
4564,50.5429207,53.56124923
4565,80.35238262,70.7384458
4566,44.99965547,49.15664953
4567,15.02545162,16.65359524
4568,10.3352714,10.76130054
4569,11.90152081,12.34153094
4570,54.7382661,55.1716648
4571,27.90477744,38.43995882
4572,44.632437,48.04880725
4573,85.55041353,73.85826053
4574,19.17910572,12.75699326
4575,21.89944858,34.64396499
4576,75.72650223,68.16905713
4577,30.16640471,39.84052679
4578,37.05367146,43.93596426
4579,47.66623571,51.215436
4580,67.82305139,62.32944568
4581,82.62111141,73.14551622
4582,67.81628252,63.05727033
4583,40.05130051,46.09969939
4584,20.56643505,32.90950517
4585,51.65688681,52.51771581
4586,97.44666054,81.91415725
4587,82.31992524,71.95821823
4588,84.7476092,73.256057
4589,65.605039,60.5996766
4590,94.65746694,79.49196413
4591,50.18053927,51.43150756
4592,92.03848745,78.45493181
4593,51.96144066,53.42404512
4594,30.83246769,40.49356287
4595,49.94969056,51.87139944
4596,16.02205303,25.17785791
4597,45.74092158,49.59696992
4598,14.64980247,11.60515377
4599,52.21934341,53.98917921
4600,83.576868,72.39895083
4601,61.15214995,59.0038196
4602,93.29786511,78.77382737
4603,92.26085886,77.48566606
4604,18.55935525,28.83677965
4605,71.41155406,65.31737813
4606,71.98234118,65.14384009
4607,44.22511436,48.32756465
4608,84.23166299,72.44166614
4609,88.64023312,76.23454733
4610,80.68900248,71.42879593
4611,90.43629755,76.24622743
4612,95.38676519,79.82907726
4613,73.63018642,66.48560366
4614,49.84693704,52.23740601
4615,98.81283778,81.4743668
4616,58.12824229,57.55778107
4617,10.91152714,12.19659363
4618,43.46716383,47.8089964
4619,48.7926061,50.87990957
4620,73.87024714,66.99309263
4621,29.12436931,39.02637208
4622,35.75054897,43.69028479
4623,38.0624898,44.4676888
4624,68.53535062,63.55955861
4625,71.34523844,65.15237611
4626,13.09646429,8.64084431
4627,76.65305535,68.21720679
4628,55.8749949,55.95112198
4629,99.55325844,82.22332134
4630,32.4344684,41.85510333
4631,68.86374371,63.6470814
4632,27.10250379,37.57330592
4633,97.50319719,80.75957815
4634,48.00957445,50.96434585
4635,48.51353199,50.74401608
4636,69.14968904,63.47417288
4637,17.12184439,14.2414605
4638,37.54695873,44.00458036
4639,88.40199992,75.1520875
4640,41.75862267,46.44132074
4641,78.05038111,68.54676682
4642,32.56633828,40.6876893
4643,52.6831434,52.85857664
4644,56.7230993,56.58384149
4645,75.62497031,68.12289522
4646,86.14578879,74.1861723
4647,38.02259629,44.21145234
4648,71.0835635,65.66528633
4649,99.14897477,82.19683712
4650,19.56565507,23.57251372
4651,44.62070212,48.23634598
4652,85.7172261,73.77677743
4653,59.93328165,57.60501118
4654,34.08305064,42.46941729
4655,53.14870228,54.50059346
4656,92.09634794,77.48662615
4657,59.10486943,57.62711662
4658,67.7303008,62.46505719
4659,13.78386697,9.26077646
4660,26.5940337,37.58134613
4661,83.95631211,72.25420292
4662,36.12309254,43.23030492
4663,79.24942354,69.4083914
4664,80.00295151,70.36329267
4665,17.88094569,28.20690716
4666,42.58957268,47.8951121
4667,25.0793939,36.88740724
4668,92.12753924,77.84733744
4669,88.16546794,75.52296094
4670,93.5647758,79.03811447
4671,38.10037,44.22969417
4672,17.65747061,24.62341251
4673,77.39732543,68.62917165
4674,29.01028604,39.16831946
4675,92.53214417,77.99790141
4676,46.50715782,49.43041667
4677,67.31634484,62.12420316
4678,26.39244385,37.77135358
4679,19.29222197,30.04189448
4680,91.46056347,77.67011024
4681,61.40440367,58.16958795
4682,91.62985381,77.93371744
4683,17.21453424,9.94926263
4684,28.75038501,38.84867423
4685,50.88725545,52.64862795
4686,73.80355707,65.97790056
4687,99.68671587,82.23460108
4688,52.45169985,53.7435848
4689,42.4548613,47.14186769
4690,77.21841653,68.26686502
4691,36.42012605,43.77620828
4692,59.18207871,57.97414047
4693,13.33630646,16.02367078
4694,78.67713746,70.00012075
4695,20.13148383,30.3881358
4696,95.92664524,80.2386062
4697,81.42016224,71.35794655
4698,37.667649,44.11014437
4699,96.27739598,80.39395358
4700,80.10599347,70.20359527
4701,56.12167373,55.58587896
4702,49.10225316,51.53857949
4703,53.68606655,54.21722947
4704,28.23718297,38.80042614
4705,19.90221843,27.15518046
4706,97.76499046,81.0124859
4707,89.79138519,76.25444149
4708,76.50306901,68.77375681
4709,54.54018546,54.41835043
4710,73.96167358,67.12172604
4711,69.14347767,64.01679826
4712,54.03971584,54.47875126
4713,69.01725728,62.69696418
4714,43.23234796,47.00328964
4715,97.26927946,80.84393418
4716,67.18517532,63.13915722
4717,83.04853979,72.43473164
4718,67.17720746,62.36380984
4719,60.28655703,57.40214484
4720,59.95300666,58.40603461
4721,36.4178394,43.17520521
4722,96.77820685,80.37557638
4723,38.47308062,44.50348365
4724,69.30770395,63.65183604
4725,54.29168517,55.28551322
4726,34.83664169,43.06757076
4727,23.96448801,36.01243452
4728,55.24157007,55.3823104
4729,65.96802456,62.30662163
4730,88.01722072,75.18079539
4731,27.89381215,38.04099858
4732,51.86601072,53.03650414
4733,12.02995148,9.82875123
4734,46.14067984,49.379164
4735,97.38879531,81.28213672
4736,75.26026658,66.65869922
4737,32.0270711,41.07673774
4738,26.66988078,38.00535222
4739,35.78125629,43.36521982
4740,31.95525051,40.66361982
4741,81.71235547,71.128612
4742,66.08097766,61.84796961
4743,12.19305426,6.6747181
4744,42.11723983,47.52023786
4745,66.25837318,61.39347285
4746,15.04924428,20.37106467
4747,71.60240489,65.44839517
4748,78.00832225,69.55466283
4749,49.7406416,51.59983583
4750,95.32717127,80.70573288
4751,63.63939896,60.11342929
4752,96.82004184,80.04170418
4753,14.08151934,12.1723394
4754,85.9942424,73.85872459
4755,43.81591792,48.34854855
4756,72.06627782,65.31214551
4757,69.56344463,64.07931529
4758,20.84697023,16.53367374
4759,49.66428155,52.33898553
4760,61.93470736,59.41689698
4761,42.5818431,47.40287399
4762,64.39084528,61.46776895
4763,82.63586446,71.91094699
4764,48.42180102,51.34809367
4765,30.2582954,40.45376555
4766,24.34522512,36.00119656
4767,17.49134944,10.58879963
4768,73.30973729,65.7484844
4769,53.5502455,54.59889762
4770,98.84411299,82.70024112
4771,69.7288485,64.40145048
4772,39.02008227,45.53018518
4773,27.87209429,38.27353829
4774,38.17710149,44.43223795
4775,33.18505184,41.90987097
4776,53.50431531,54.2085183
4777,32.41824214,40.47725295
4778,66.74190606,62.5375354
4779,46.72626134,49.42770342
4780,83.31047827,72.27997288
4781,83.93148972,72.60133766
4782,34.54005031,41.98103292
4783,63.97802969,60.43646126
4784,65.98193512,61.68925186
4785,83.88320987,72.96488748
4786,63.83500725,59.81300781
4787,64.2547236,60.83926005
4788,78.09743352,68.62557099
4789,81.99727936,70.79910103
4790,83.98189772,72.70256412
4791,42.46202708,47.16053187
4792,43.86365124,48.43760274
4793,57.78339867,56.67365614
4794,21.21496439,34.15294555
4795,98.48580118,81.49149173
4796,38.74626205,45.18671611
4797,74.9242818,67.151974
4798,71.37700551,65.46583214
4799,72.91780689,67.01959175
4800,65.88558989,61.5327364
4801,61.88197108,58.94178344
4802,37.86665365,45.19664887
4803,79.99060868,70.61263278
4804,33.35283061,41.27280269
4805,59.48428664,57.29373386
4806,92.29379937,77.08123751
4807,30.5617595,39.61962206
4808,72.60451784,65.51391194
4809,54.87031877,55.11460645
4810,47.15063671,50.83926913
4811,98.96167251,81.70374447
4812,21.4942654,34.45589091
4813,53.11581104,53.80297693
4814,32.86681675,41.13597314
4815,24.85884289,36.78458884
4816,81.12039763,71.39750817
4817,86.31096906,74.22917667
4818,29.75163021,39.46674212
4819,68.74333785,63.70139355
4820,32.55210126,41.02156464
4821,95.69816539,79.81847223
4822,66.88182073,62.44362766
4823,94.00700632,79.1547461
4824,62.90385359,59.70875608
4825,91.10203555,76.70308857
4826,60.88137629,58.44283608
4827,19.4075276,27.24089544
4828,72.75880762,65.94106976
4829,94.64765045,79.26905072
4830,19.88628263,28.15474579
4831,98.91080327,82.16479718
4832,90.39830614,76.24110984
4833,63.66937338,59.85623165
4834,84.7232278,73.43287137
4835,46.09951999,49.83328787
4836,79.53906542,70.36707888
4837,36.70607201,43.47749125
4838,88.27429357,75.1725856
4839,22.489365,35.17156653
4840,77.84989638,69.40533713
4841,47.84328326,49.97786495
4842,42.20834101,46.78106546
4843,36.62004199,43.52843038
4844,71.26813742,64.68758218
4845,88.73340019,76.06248943
4846,29.92737157,39.79908502
4847,40.38091213,46.27246763
4848,17.84860427,24.52745026
4849,38.07170098,44.40774714
4850,99.11834714,82.3133768
4851,17.67192654,20.24256594
4852,19.30380301,10.85100142
4853,63.37056133,59.74656676
4854,90.85612974,76.42418779
4855,30.44268161,40.21259111
4856,90.02336223,76.91112357
4857,45.97100709,49.79570593
4858,79.81158044,70.17173308
4859,65.8015814,61.70207491
4860,15.58901171,22.07995186
4861,97.36454157,81.28674786
4862,64.30354223,61.43602169
4863,38.16771533,44.63087991
4864,41.34577202,46.57277635
4865,67.72000098,62.74762201
4866,90.86389422,76.84608958
4867,95.30639279,79.61012347
4868,71.1186943,64.53869149
4869,72.19515125,66.0631173
4870,66.34437562,61.61366728
4871,13.56310247,15.65984545
4872,86.06327416,73.95905166
4873,46.0895819,49.4899935
4874,22.1645541,34.98776012
4875,85.13583766,73.93102534
4876,93.02076058,77.91521922
4877,40.96031869,46.64899822
4878,79.24096437,69.62497899
4879,97.9788842,81.24776985
4880,73.50082971,66.89912967
4881,84.70384552,73.73007337
4882,66.5548795,61.82844937
4883,85.50910669,73.37716313
4884,42.50352155,48.06562223
4885,42.85480509,47.85578585
4886,22.66130691,35.17583194
4887,72.94519737,66.17258586
4888,17.59216393,25.52974919
4889,51.26958843,53.27978734
4890,99.85056575,82.48775308
4891,76.31928449,67.85038957
4892,24.86433584,36.33757612
4893,34.11819178,42.22596525
4894,74.14829921,67.0202992
4895,72.26504181,65.21837198
4896,77.15087876,68.93480197
4897,47.8237253,51.25866495
4898,54.7399797,55.2829692
4899,14.7770313,20.77493179
4900,47.00410749,50.50775059
4901,34.26099604,42.48108895
4902,18.83378609,12.81033396
4903,63.84911365,60.38231706
4904,73.46682482,66.15275286
4905,32.43965159,40.84063422
4906,69.93951272,64.30182288
4907,72.25777961,65.65930265
4908,21.13697255,20.24197343
4909,19.77819691,30.23635598
4910,30.17509579,39.5906758
4911,74.47343465,67.03976795
4912,37.24984366,43.6513116
4913,64.20031392,60.14173961
4914,43.73803632,48.22040928
4915,40.36634021,46.25114466
4916,61.01257669,58.40668703
4917,57.2866335,56.40968558
4918,39.59591122,45.38308771
4919,99.57316707,82.4560598
4920,32.76350833,40.73581228
4921,99.0664731,81.72334656
4922,81.95991697,71.00980927
4923,70.57909121,64.15951243
4924,60.85455675,59.52923139
4925,12.65673835,16.08272949
4926,34.43816175,41.75230874
4927,49.60566941,51.88010448
4928,82.8545738,72.27947279
4929,31.46308772,39.93660545
4930,59.38151728,57.75864317
4931,65.56761703,61.12897834
4932,98.84561304,82.37797848
4933,52.49262639,53.89346971
4934,19.96642605,21.80619153
4935,15.46057625,8.88937819
4936,31.39798488,41.17540194
4937,23.19967932,35.05898203
4938,46.84011838,50.03070929
4939,68.14003583,62.70126207
4940,31.46890086,40.20119273
4941,53.01338037,53.85249495
4942,40.53242025,45.72901559
4943,79.23546329,69.86524782
4944,62.05906837,58.81784178
4945,71.10507912,65.00085225
4946,58.03343869,57.03007293
4947,11.54001725,9.4906611
4948,60.90933747,58.01293143
4949,99.76166087,82.93312696
4950,38.79071317,44.96531368
4951,40.824996,46.1277455
4952,12.0788653,12.19283361
4953,97.42986139,80.51973003
4954,16.24609064,11.62106139
4955,45.28929128,48.73763558
4956,46.10843276,49.16073851
4957,13.13953605,8.35505112
4958,41.85048887,47.77528094
4959,13.80917336,10.12071353
4960,42.9429744,47.46441453
4961,54.83073799,54.68517114
4962,42.81675778,47.96359651
4963,62.27260167,59.63774679
4964,52.80270926,53.47440063
4965,82.50556054,71.48280448
4966,66.8454913,62.26378469
4967,85.39920574,73.10208805
4968,90.34065334,77.07611698
4969,67.53421283,63.53126388
4970,71.88269942,65.52496096
4971,82.23187784,71.39788933
4972,38.54553394,45.19526824
4973,54.29467414,53.8428507
4974,43.98395116,48.39736571
4975,24.29991709,36.04487013
4976,54.40688492,54.72069485
4977,10.55506791,10.31056423
4978,18.75615981,25.93760177
4979,23.41114476,35.62758457
4980,21.90916329,35.15417868
4981,62.78911928,60.14205946
4982,13.00119872,14.19395796
4983,69.48151656,64.3659039
4984,63.63107213,60.64921166
4985,45.69772052,48.71798422
4986,50.25915984,51.98562305
4987,82.99388885,72.74675429
4988,35.68195355,43.39046257
4989,52.844598,54.0526715
4990,98.11520282,81.75244736
4991,28.05778537,38.71230074
4992,32.88083161,41.39921296
4993,67.40940765,63.18662559
4994,62.48070512,59.94157202
4995,10.50594902,14.96247614
4996,48.29403621,51.15717463
4997,12.87682793,9.470242
4998,88.74924969,75.5483288
4999,23.23660922,35.57961835
