Set,Accuracy,Recall,Precision,F1,MCC
0.0,1.0,1.0,0.9928057553956835,0.9963898916967509,0.9919382129416813
1.0,0.9910714285714286,0.9910714285714286,1.0,0.9955156950672646,0.9919382129416813
