8.080427650562439501e-01
7.690700725064362198e-01
7.123723119328756459e-01
7.739101102366695573e-01
6.583607958433803642e-01
7.822992434198445810e-01
9.166051348878800908e-01
8.977190675888563343e-01
8.481487035410516517e-01
6.985236295411848539e-01
6.998488600686338934e-01
6.110351224852260676e-01
8.290653327441226406e-01
8.638341428207491068e-01
6.204985339962180158e-01
7.456044959880382406e-01
9.155736964751303164e-01
7.987831305185424391e-01
6.885580580905324988e-01
8.527754353499182871e-01
8.203045501671130113e-01
8.482435029219976830e-01
7.497771222552261916e-01
6.890665360185135313e-01
7.285368320988155899e-01
8.631487896207306054e-01
5.912510090825201514e-01
8.097868935260920109e-01
8.387897420381715818e-01
5.806085990951361797e-01
8.061399912703666182e-01
7.131945595140115612e-01
7.961952402288372532e-01
8.247507847529654823e-01
7.474656476379217818e-01
8.735324854440073006e-01
7.737705791543721956e-01
8.086083772547102422e-01
7.650255695546518409e-01
7.826249695494806868e-01
7.021549334041705670e-01
8.074427461971741549e-01
7.918470714596400617e-01
8.622443193091142710e-01
8.418879520921268567e-01
7.382706035564006175e-01
7.554255893324146598e-01
6.967978199246842586e-01
7.074473655753029666e-01
8.694188100396621488e-01
7.805206524168415427e-01
7.044273884862433110e-01
8.040117844285568083e-01
8.014949934610150484e-01
7.880235002277092837e-01
7.298332315259649095e-01
7.477558862568104425e-01
6.643117765694113164e-01
7.158661756053943392e-01
7.750014913546017237e-01
7.304861581349655353e-01
8.327730766477248192e-01
8.285306620427567159e-01
7.439260529453592952e-01
7.081912502008316235e-01
7.247297970850324900e-01
6.790261199422275018e-01
6.818664339367604965e-01
7.557647285141807503e-01
6.148272022500659295e-01
6.781332336671404004e-01
7.752747848624340632e-01
6.953808092045818956e-01
8.692093149785579120e-01
6.756356070113964662e-01
6.379700001029618983e-01
7.590084138459248786e-01
7.283307731178922939e-01
5.768525012416786391e-01
7.801789660452088659e-01
8.673297181640376996e-01
8.237048388604997218e-01
7.746758603584931180e-01
8.644452649576866987e-01
8.306589841947529251e-01
7.815881510119888631e-01
5.921383391979151423e-01
8.351935742470795176e-01
9.164534589188785274e-01
7.775688766240735905e-01
7.763647203312417089e-01
6.814021238565680649e-01
7.185707483855482414e-01
6.381411239125507340e-01
7.742307147738481943e-01
6.319538614532752563e-01
8.249300460868637108e-01
6.938964359806359949e-01
7.752799253634424792e-01
7.006310544886381608e-01
6.771885113838560510e-01
8.358746849934808321e-01
8.312595494008394592e-01
8.485102144732368235e-01
7.227125599843524650e-01
8.036538511188147105e-01
7.193222111135372243e-01
7.590486338340809436e-01
8.908635690134228957e-01
7.267879462222869291e-01
8.059870409685044867e-01
7.491371403815276775e-01
6.582796859336884632e-01
7.094810506343561807e-01
8.315225778624197872e-01
7.774919899324910233e-01
8.342053109609562922e-01
7.673480729076040951e-01
7.534242096975748426e-01
7.508948316519402644e-01
6.741148215193546456e-01
6.626092366692215574e-01
6.969867369376026023e-01
8.107196129423005493e-01
7.857819365876427264e-01
8.771951525182187792e-01
8.088628673284289361e-01
7.234228121885015739e-01
8.916536656003913874e-01
8.067589939640523733e-01
6.879063944499096417e-01
7.612817798761505328e-01
6.654653480096136553e-01
7.933420478016320887e-01
8.093842409899304480e-01
8.158747220734335892e-01
7.759489905222785033e-01
6.155795908474485101e-01
7.015900574010383028e-01
6.003289833688223442e-01
6.058870761980778008e-01
7.732566887359740848e-01
6.913715135282030300e-01
8.815136507984264735e-01
7.695468058742438444e-01
6.940775635662032039e-01
7.236906084017478147e-01
6.256288771575621022e-01
7.961283223146896626e-01
8.062935991946251768e-01
7.416816585522296723e-01
6.008899236417105660e-01
7.700017674447765526e-01
6.899449883826703767e-01
8.123087317983451738e-01
6.959983987408798756e-01
7.497711812052582081e-01
8.212299413014128024e-01
6.768569458259295901e-01
7.615197252280118123e-01
6.625610388987278609e-01
7.724814805027937492e-01
7.942124332690739807e-01
7.209032624906539510e-01
8.820000249472994547e-01
7.564356659430867547e-01
7.245368069853067583e-01
7.269558410082359590e-01
7.837780993721136236e-01
6.727114453762623736e-01
7.354331284692606774e-01
8.501259549489489364e-01
6.153194212031320998e-01
8.510464394160908164e-01
7.385181563263585325e-01
7.753727763402136208e-01
8.347617424064700531e-01
8.116564175094983513e-01
8.117604405987886018e-01
7.718111159273486344e-01
7.736776157612517135e-01
6.949407783762757695e-01
7.205935073412660374e-01
7.898529566657213064e-01
6.020307524200362304e-01
9.023443183582606775e-01
7.951819286194776737e-01
7.190558300617623244e-01
6.451191719409421488e-01
7.787909476188995539e-01
9.067847523878008742e-01
7.651152683507801422e-01
6.795123243553045089e-01
8.861483087745539722e-01
7.743822997026620358e-01
8.121771119676602924e-01
8.191509354998512960e-01
8.004038008288959505e-01
9.069183048318831819e-01
7.495331221567139712e-01
6.589842012274759186e-01
8.834741961877058403e-01
8.543326312702701486e-01
6.954388410471313842e-01
7.475675110553411384e-01
6.996620889232079143e-01
6.243991483221200678e-01
8.310236525967025223e-01
8.737470652921242031e-01
6.226056445724308386e-01
8.044643877364565654e-01
6.883030227603114115e-01
6.951791690621799136e-01
6.665742856435663555e-01
7.767407352242633456e-01
6.979403813663258571e-01
8.763875063976196422e-01
7.229210650941181315e-01
8.253494590881845783e-01
7.191126181998623856e-01
8.138106927560343484e-01
8.478819897004070683e-01
6.781088986876312452e-01
8.076590807499989255e-01
6.712175538508482475e-01
7.397911319910587258e-01
7.630401959781771826e-01
7.380576688681428354e-01
6.773749801094781642e-01
8.363280877200884866e-01
7.099890676400042455e-01
7.593170292896468387e-01
6.280623124709389105e-01
7.190694988317382075e-01
6.226870413068334997e-01
7.888307234728815232e-01
8.087482533814697172e-01
8.432790238926833881e-01
7.704752230733605822e-01
6.768062745727312368e-01
6.467742123655363384e-01
7.437810847100848610e-01
8.252763101898329401e-01
8.762028205904907052e-01
7.931537713841197990e-01
6.719267761953219287e-01
6.810333909731191016e-01
6.659531633321565947e-01
7.468131180967781946e-01
7.714937929949604589e-01
9.177627501263735388e-01
6.555703606155609542e-01
7.254529949133436961e-01
7.395541875300117862e-01
9.043655411405463473e-01
9.079331889544064449e-01
7.703587524886305049e-01
8.788448756220359481e-01
8.410606949017592759e-01
6.255080890483817324e-01
7.293480303055543956e-01
7.552534820398649762e-01
8.642319756371177331e-01
6.467885861908979628e-01
6.731178951450096370e-01
7.471014894395420214e-01
8.200273527752315328e-01
8.559032610622629988e-01
7.869908099165479065e-01
8.229007474518728049e-01
7.598026580062634538e-01
7.625829824292975623e-01
6.630533760958281508e-01
7.049080102835445505e-01
8.119278775365564860e-01
8.840383330564027808e-01
7.809610586335901106e-01
7.376915150633903684e-01
5.759085118377044177e-01
8.370047111425779063e-01
8.263364706370661672e-01
8.566411778412493794e-01
8.954528843108117142e-01
8.499257734103635720e-01
6.788904689704834405e-01
8.936185408103272110e-01
7.214273786202691774e-01
7.288036356570710694e-01
7.256596239142204530e-01
7.492963437488190381e-01
7.241331986866079706e-01
7.838527164458908292e-01
7.515270555909219219e-01
8.447188844730225687e-01
8.418554997909892812e-01
8.331326683070511274e-01
6.982604396716982631e-01
7.114699897212871660e-01
7.520256373635794134e-01
6.461858448911700359e-01
7.858541353472641156e-01
8.789249825591254339e-01
7.710955186356539537e-01
8.219030190048811635e-01
8.592827289628836018e-01
6.814368710403058138e-01
8.204997227127109882e-01
7.391060857528436445e-01
6.741400014640004379e-01
6.717461406267905000e-01
7.351934996915853171e-01
7.577525979383351595e-01
9.028564553245838065e-01
6.587767991132764678e-01
7.372074239603205736e-01
6.135365888086476982e-01
6.149286484696711019e-01
8.668984774708050622e-01
8.659454100401914323e-01
7.884250652180668784e-01
9.055223070748141811e-01
7.207411428177086243e-01
7.976251737867459113e-01
7.181424967566839568e-01
7.435846238259861130e-01
9.024157420453491341e-01
8.282162383489717339e-01
7.070736648729490925e-01
8.986329873266091228e-01
6.653648033135587392e-01
6.781755085318924570e-01
7.836490021366641079e-01
7.650629107025571640e-01
8.759523448761055153e-01
8.200799990823637309e-01
7.746933225434077253e-01
7.605612960459314786e-01
7.768701573534109173e-01
7.929658232129755957e-01
8.727183097425382785e-01
6.892579514299237431e-01
6.985171860587626735e-01
8.462922286166973951e-01
7.350291652232531225e-01
6.848019249395848052e-01
6.731629934940595028e-01
7.139256247532458355e-01
8.585917890630579974e-01
6.775869169015705795e-01
8.640660548810471520e-01
8.161025978754183896e-01
7.579277047726931116e-01
6.950310792903846568e-01
6.747406129047089918e-01
7.274984256949418304e-01
7.026238404581456320e-01
7.940134375346533657e-01
6.919153143534709782e-01
7.293986608056067800e-01
8.042531355000991367e-01
6.302461156885342808e-01
7.557025995385103778e-01
7.322383604969814330e-01
8.047137082210406023e-01
7.192299158194445097e-01
7.557967432294060428e-01
6.753719622087490659e-01
7.572450058446524856e-01
5.713242221252844422e-01
8.670463828705020637e-01
7.007680063742820487e-01
8.337988761537871163e-01
7.196811498566905163e-01
6.775476227833214793e-01
7.232950070352971439e-01
8.031593614127506831e-01
7.208813629859013306e-01
8.112135116939426238e-01
6.511879759480616592e-01
7.616197183699661144e-01
7.711164479078544964e-01
7.963981934833481713e-01
8.344178095125110994e-01
7.554538868916510497e-01
6.155316264331828213e-01
8.196107730545926229e-01
7.582616348365976977e-01
8.200905290073582377e-01
7.409519972437735857e-01
8.237691471406770605e-01
7.370618796854329080e-01
6.979479845305311958e-01
6.967265051468571890e-01
7.142960685848707136e-01
7.884128436570846388e-01
8.522421225153090640e-01
7.305930548701893290e-01
7.352149546249129308e-01
6.728248742812726890e-01
8.693408518479714964e-01
7.897994476759572224e-01
7.055136488512815385e-01
6.759446788221178393e-01
7.174424395567321477e-01
8.587032438130636214e-01
6.864861352686761897e-01
6.934469306745697503e-01
8.459233662658938169e-01
7.040329259469242373e-01
6.755025899430754377e-01
7.762529145680379106e-01
7.326939201026390069e-01
7.448895368699088859e-01
6.989966203003991074e-01
8.694021071935172928e-01
7.040978000275774917e-01
7.458845595589974620e-01
7.696132916767354226e-01
7.643591011824514281e-01
7.270927006601365372e-01
8.370645760785485612e-01
7.049167746075264418e-01
6.958245254705336391e-01
8.864027631278260655e-01
5.841749146024995953e-01
8.941156934686346203e-01
7.148730807735997894e-01
7.990005831053654806e-01
8.517343958783338831e-01
8.031126604114827705e-01
8.242731781849911288e-01
9.124934568666296375e-01
8.113355525672978352e-01
8.729692304320727514e-01
9.314131606807191099e-01
6.854591919936238176e-01
7.371636429703906090e-01
8.771594101903360530e-01
7.067917298961301498e-01
6.628324760288520912e-01
7.620827990204960267e-01
8.204501567168016596e-01
7.071285222764724931e-01
7.969187823683163696e-01
7.135157144912674942e-01
6.429907638375425005e-01
7.336456239987542149e-01
8.346183143338544719e-01
6.835059800851958078e-01
7.875270989802219956e-01
7.730271266304143962e-01
7.505721490399532847e-01
6.004529494291854785e-01
8.433744942993047777e-01
6.264532105688503938e-01
7.906064168638871070e-01
8.248841650669300751e-01
6.954409999778158324e-01
7.576616264031477144e-01
8.064699910713880593e-01
6.857414292596947236e-01
6.897467950375432144e-01
6.458908214781003965e-01
7.935209249453695213e-01
6.915477012477718732e-01
8.160774107690624835e-01
8.575670091637558334e-01
7.609183689322946975e-01
6.990894505300084827e-01
7.451703249075752877e-01
7.758328536185289392e-01
8.237704225978620398e-01
8.386091788675088532e-01
7.280438809563558600e-01
8.257906025110836046e-01
7.346317153669743583e-01
6.687078977629720145e-01
8.153537739925691419e-01
7.116515904970562856e-01
7.012632563811711517e-01
7.821726734539504733e-01
6.582773167676456705e-01
8.039133927920505407e-01
7.491428137329060322e-01
7.443459169993627000e-01
6.801322459985760238e-01
7.164286798179339000e-01
8.798685758203392826e-01
7.616080859389381397e-01
6.606161066132330006e-01
5.998977924044810450e-01
7.182085292714481817e-01
6.453439661279931627e-01
6.916231351714068332e-01
6.720196505773734508e-01
8.258879817320843308e-01
6.371175935794949341e-01
8.660144207072041356e-01
8.106116718626620310e-01
8.251397966770296355e-01
7.768747472140197230e-01
7.075975116349303429e-01
7.673081716426353172e-01
7.054460503857659104e-01
6.980879879597454707e-01
7.041951342148438098e-01
7.546436328543236760e-01
9.069591446535590906e-01
8.343082373994517020e-01
7.487119953177799880e-01
6.779987430422462769e-01
7.242964327514577194e-01
7.715612042556457828e-01
7.677077686649992350e-01
7.730924989480448817e-01
8.536840476691052171e-01
7.061095846119846975e-01
7.904595769341165035e-01
7.838158613244858852e-01
8.183357075539394732e-01
8.072858774804844151e-01
6.956635576041492186e-01
6.588880452136209875e-01
6.690858493806747243e-01
7.891627393614184527e-01
7.077525157642055031e-01
7.305637638981627990e-01
6.225364973988880557e-01
7.582801304815013355e-01
6.810787181649188282e-01
7.109056713009465067e-01
7.646464067034937084e-01
7.519039986617065408e-01
7.359056861552047968e-01
8.094690812247385958e-01
6.730540541111289521e-01
7.425839180992311883e-01
7.340929154762285691e-01
6.817093230745132626e-01
6.742488981824186212e-01
6.802621282231643418e-01
6.059342211401558265e-01
6.772273448980570265e-01
6.380372857612918169e-01
6.609989342025210934e-01
8.009122345598023163e-01
7.963024414550463614e-01
7.310108151294547607e-01
7.953483096998816837e-01
7.279321914490222145e-01
6.678197823059378591e-01
8.258750995309457332e-01
6.826070597476864288e-01
9.046562871989161092e-01
8.314098610596734051e-01
8.226457100112873899e-01
6.413169542382367583e-01
8.680030132429420453e-01
6.156628914682440445e-01
8.734730689847755025e-01
7.422273667499043048e-01
7.154765560980484995e-01
7.919392871893288222e-01
6.266493121573354363e-01
9.012905552910465135e-01
6.252435625492746007e-01
6.844701972286891811e-01
6.527191759047041852e-01
8.241790300803715219e-01
7.867380755212435295e-01
7.863753158227908546e-01
7.872979062180262000e-01
6.954983953739342084e-01
7.019212095388083217e-01
8.089883563869630922e-01
7.228290891026091236e-01
9.105195455246039016e-01
7.874426605991367012e-01
8.181330680706599967e-01
7.169631893274684975e-01
7.158709241827576619e-01
7.246409749600140060e-01
8.377110119973719682e-01
7.768121434191436192e-01
6.715797172728491526e-01
5.731156140508921748e-01
8.119943361278264549e-01
6.440181453934153977e-01
6.914809996163774342e-01
7.687021466026237038e-01
5.886895620403947982e-01
6.063583450266695207e-01
7.918017302108347755e-01
8.897301774794302842e-01
7.680057498541351668e-01
6.768122292877145618e-01
6.484536171633187296e-01
8.156896253588439283e-01
8.643430427620591994e-01
7.099835457773552294e-01
7.506049185861155548e-01
8.470797612752487549e-01
7.614185316485302391e-01
7.734764955826884947e-01
7.849062352341091842e-01
6.908409042453583782e-01
7.672994436773816762e-01
7.779160059179178743e-01
8.686937928042993695e-01
8.160251726515512782e-01
7.209243597953144400e-01
7.638827795830668288e-01
6.235354312534316934e-01
5.962877635356947925e-01
6.819584887497293080e-01
7.971264678364746725e-01
5.960808963157558926e-01
7.185116274221737820e-01
7.423048610701179495e-01
8.513582366947788360e-01
7.116222825911007188e-01
7.572715761862719441e-01
7.262827505336978406e-01
7.595749541806289251e-01
7.951114830573285941e-01
6.748517213637089673e-01
8.141025737720898325e-01
6.902948325333779778e-01
7.648876373275415030e-01
5.997227511324249027e-01
7.175479660763572909e-01
7.616927567333903193e-01
7.854614702548232685e-01
9.355097154334807152e-01
6.506605436699762768e-01
7.886080513988974472e-01
7.604922741082212889e-01
8.442413530071442018e-01
7.357087296810906896e-01
8.238728351443278530e-01
8.232223696007704428e-01
8.260069243618378687e-01
7.633795878633086174e-01
8.793257979706078364e-01
7.143793422492409340e-01
7.679423427797432700e-01
7.306460637271751102e-01
6.651242727059946125e-01
8.844933686895990466e-01
5.843579101677082166e-01
7.713779427868062699e-01
8.183789783396705486e-01
7.252776796370861145e-01
9.237251582007975914e-01
7.282083286394248622e-01
8.242480666161385860e-01
7.388593421494314972e-01
6.544919744833345154e-01
7.998197702640503781e-01
7.008134605197087197e-01
8.504005817141639945e-01
6.236995639009372816e-01
7.379300312188381561e-01
7.494246326548263948e-01
8.363379869325608951e-01
7.931796093879529552e-01
7.328691007985892458e-01
8.443336508554197817e-01
7.193258029181883728e-01
6.622930878368672447e-01
7.231682915274920687e-01
7.836187510178134197e-01
7.403222934021852497e-01
6.671370869983926921e-01
6.020156301997088288e-01
7.653510713043530922e-01
7.296858724463068935e-01
7.152744010298970334e-01
7.157458076751518350e-01
6.993068483055819851e-01
6.649912505813712071e-01
7.660421234805617763e-01
9.072115183101523428e-01
8.052846607472788909e-01
7.516943675193443752e-01
8.954744325436971852e-01
6.707239047878361671e-01
7.967437940027952692e-01
7.190185909286977983e-01
7.308960158512126659e-01
7.188799264539006417e-01
6.521914478041255236e-01
7.112383029932807244e-01
8.067247492670496234e-01
7.527702126694869600e-01
7.555108055086066088e-01
7.395007153980672765e-01
8.006697615983776606e-01
6.222226062224222032e-01
6.707050338086338881e-01
8.042566601907996660e-01
7.019879963765744968e-01
8.250015543856248357e-01
7.201526157444072540e-01
7.911258860974941243e-01
8.047801296976843100e-01
8.800955576427572646e-01
7.143060175079545271e-01
8.205646664978686333e-01
8.198799622876878912e-01
6.901685012478580017e-01
7.666017818478587653e-01
7.161862592845212871e-01
8.221727553400662858e-01
8.627476763994369469e-01
7.649258209213567472e-01
7.489642527458292287e-01
8.180998390272296028e-01
8.027367535413971744e-01
8.441282281452270331e-01
7.827128707638763006e-01
8.110483883115994219e-01
7.207972127355576353e-01
6.784088416532118027e-01
6.430186206671186788e-01
8.611511588842880593e-01
8.213706156471517472e-01
7.674226922921388860e-01
7.374302740029686776e-01
8.104400224090453353e-01
8.305959663955353456e-01
7.504573447011942955e-01
7.487353728766736882e-01
6.660667117728861220e-01
8.438223717081672071e-01
7.283931761149518014e-01
7.496471905863070218e-01
8.380673940684199019e-01
9.101122416628442124e-01
7.659661843951823812e-01
7.490463017350136310e-01
7.411362492035975524e-01
7.867800530214722476e-01
7.539796367931698162e-01
6.598802370781767790e-01
6.647319595745464493e-01
7.128349385341300470e-01
8.248658625535755240e-01
6.580300972337258525e-01
6.990606527052316554e-01
8.575859635135832937e-01
6.482082239384961975e-01
7.284877772272243535e-01
6.465696787163502934e-01
6.997607756092911746e-01
8.485624530896009876e-01
8.843807095958171605e-01
6.397951750978587704e-01
5.976203997631512888e-01
8.103426390214616415e-01
7.824499156121288435e-01
8.252142782872990967e-01
6.900131150143399283e-01
6.371835333960632619e-01
8.379528674669963761e-01
8.540587593626404184e-01
6.310605066094522320e-01
7.377534565165406732e-01
7.394806287419873891e-01
7.529130192769540875e-01
6.147096300709655736e-01
7.152617374298891884e-01
6.954020669702888346e-01
7.263210868234487583e-01
7.641955448201245282e-01
7.128108761855294073e-01
7.383667948562009364e-01
7.284969526516472671e-01
7.701013032356652799e-01
7.914908413051614522e-01
7.262974997977439395e-01
9.231085848361771928e-01
8.012472172072016008e-01
8.774321049072378864e-01
8.096960718735578544e-01
7.671791798898025538e-01
8.108458318735858317e-01
7.965082045207618755e-01
8.639616551235889119e-01
8.067256963673737902e-01
7.240084385502179032e-01
8.214607246278609054e-01
6.634102545408705476e-01
6.566477035899768167e-01
7.551424363720312671e-01
7.884032726605977315e-01
7.483824365778305454e-01
6.701654979125246658e-01
8.352104501307708873e-01
8.241049481793638609e-01
8.319320757558593682e-01
7.411114416152836393e-01
8.384523211031730261e-01
6.597152205523829638e-01
6.717075329032488051e-01
7.603178404566044435e-01
7.228886838952806038e-01
7.461940682881806897e-01
7.841206206671944567e-01
6.586820993710109651e-01
8.149042304128520930e-01
7.518314225031154097e-01
7.770162402762288423e-01
8.280074975733349163e-01
8.188065775847587213e-01
6.676413419309005226e-01
8.939797668959277299e-01
6.741103532184268277e-01
5.995514713001839358e-01
8.809544265239445116e-01
6.859776430396934410e-01
7.890247177596675376e-01
6.386242826640986525e-01
5.788428130375896652e-01
7.830690494405834201e-01
7.643638393719618396e-01
8.144028072423161735e-01
7.657513355378140485e-01
7.341347553502743928e-01
7.698364361072268514e-01
7.974062992664163740e-01
7.971247849223357385e-01
7.576568192008836800e-01
6.301211913353937932e-01
7.014453240378065724e-01
7.483793300454324449e-01
7.668604592040908496e-01
6.978577708662827561e-01
7.896746068910258654e-01
6.844113743382055359e-01
7.282982407622581311e-01
6.837454679642164246e-01
7.692671969099164064e-01
8.035756807456730932e-01
7.573468157898453068e-01
7.232571741199714799e-01
7.351134401930826678e-01
9.048004073314487306e-01
7.278158947311236249e-01
6.860502146041336236e-01
8.323781994956216401e-01
8.045870369774615893e-01
7.572916080342447787e-01
7.733265597185763340e-01
9.286711352851159118e-01
7.262902365997870868e-01
7.668424755743975529e-01
6.720225926688355722e-01
7.070965596264001674e-01
7.601464221632646678e-01
8.215377488070297884e-01
9.047936881823300803e-01
7.488589300600829723e-01
7.408313458039933463e-01
6.590250164662093679e-01
8.170267076789616834e-01
7.089337644944163630e-01
5.812136687021629555e-01
7.269273394790144449e-01
7.431256449204248771e-01
7.436951328009340223e-01
7.427688437731928550e-01
7.073112311856395440e-01
8.495474328057779356e-01
7.068762185705315115e-01
7.832295534699521555e-01
8.511122782235607254e-01
7.537714991365976891e-01
7.012935864530965846e-01
8.273742146350469007e-01
7.026206901798869309e-01
7.729088815209397278e-01
7.377564246315532204e-01
8.184024413934244402e-01
8.407550275515219829e-01
7.375072982993686743e-01
6.142095133243721250e-01
8.135246407052058037e-01
6.893266242994410264e-01
6.924175396470503285e-01
7.395990992382359686e-01
9.011012616100105843e-01
7.607246290144145107e-01
7.905331809692881517e-01
6.385779489475233994e-01
8.146584132080630924e-01
6.772877970481631094e-01
7.471905447172931813e-01
6.375862029362193706e-01
7.905891797038547830e-01
7.351522154120245789e-01
8.710366926000373544e-01
7.213273463320312162e-01
8.349146652626305842e-01
7.969128071244886424e-01
7.435885842114856592e-01
7.762857885208296338e-01
6.725240437009113448e-01
6.106465792234085921e-01
7.632662037226000118e-01
6.920607013750671443e-01
6.890298866831323643e-01
8.739757408070571998e-01
7.228112909453453527e-01
7.928465362963567076e-01
7.240875808254605417e-01
7.266964626768714908e-01
7.630859598510142394e-01
7.248254714715214320e-01
8.668325560213280268e-01
6.915890337230469198e-01
8.856411568627494679e-01
7.084447150884413125e-01
8.496866598797128134e-01
7.917131322482529043e-01
6.925866795456674385e-01
6.732565280361255677e-01
6.933750481720593051e-01
7.647652764771663003e-01
8.420129949723957896e-01
8.166398781046039224e-01
6.689662545708603414e-01
8.134907932836408229e-01
9.232436551969265270e-01
5.823291803084846840e-01
9.404578005405629382e-01
7.800786863341122590e-01
6.349626914829499258e-01
8.836250642070128114e-01
7.058270226243664736e-01
6.428108052740949541e-01
7.668688947024876468e-01
8.043052386371329909e-01
6.181366618902888188e-01
6.339751229760373086e-01
6.381110926790893867e-01
7.327011743187745729e-01
7.363302416126635830e-01
7.902921338539609097e-01
8.324612021793125205e-01
7.323259092083210797e-01
7.102530475141481947e-01
6.668765821522458781e-01
7.445555403312116294e-01
8.104792814265675549e-01
7.956248555413321100e-01
7.684830899275165716e-01
8.504590488771477386e-01
7.109304874577409006e-01
7.322445718262887704e-01
7.386372046240826661e-01
6.767086385111366065e-01
8.226438076228631546e-01
8.172362589907464780e-01
8.720059570712022090e-01
7.609816798399513527e-01
7.991353326931289747e-01
8.698814737572575506e-01
6.651482451588334177e-01
8.727694028050273500e-01
8.007595666607583151e-01
7.478852486357848717e-01
8.030278834692631262e-01
7.976867465621813036e-01
6.197226813891675290e-01
8.844736461464391963e-01
8.664428666209982310e-01
8.385069177083043224e-01
6.581477902637555832e-01
6.804072824668084829e-01
6.541974701588758601e-01
7.849759759895614808e-01
6.705601556711885403e-01
7.752406447527073752e-01
7.042995589751380736e-01
7.394684751709053039e-01
7.453585744721318296e-01
8.254267820478476958e-01
7.469168157432238830e-01
8.688897264219918037e-01
6.103401119089816307e-01
8.712514217907558756e-01
7.424915636503184313e-01
6.439126304675014678e-01
8.690037896525887318e-01
6.150252503814142013e-01
7.835188925728907572e-01
7.002847196967059151e-01
7.425382959360034008e-01
7.974260251236054975e-01
8.221887413809525480e-01
6.932351856761116426e-01
8.123655812342805982e-01
6.718118440671834168e-01
7.465756165087095164e-01
6.852491574985783984e-01
7.078734385199041412e-01
5.984087436711388319e-01
6.815704641468219860e-01
6.760631541473024475e-01
7.882573704359535638e-01
7.125230683922939567e-01
8.855160388558090956e-01
6.766525824208523554e-01
7.531025758157919858e-01
6.871205884419796517e-01
6.810215992410563191e-01
7.517083079366972953e-01
8.025256121485783156e-01
8.488468489101979042e-01
7.822309381854579691e-01
6.915847711240818985e-01
7.676511988973759859e-01
8.662459959922937935e-01
6.213174877137009888e-01
7.960901153593421542e-01
8.669212238882209043e-01
7.956782308423431260e-01
8.807470303075531914e-01
7.541277958856512642e-01
7.476412332020353491e-01
7.660595809301639081e-01
6.877835720635556704e-01
8.235402791482434592e-01
8.033485436067436813e-01
7.265114424596660347e-01
6.723867271281728231e-01
7.253869044528009624e-01
8.528646883512088772e-01
8.563005224440040086e-01
8.339979380864199765e-01
6.788229262772489392e-01
8.095941275228195622e-01
6.151575227419103786e-01
7.152131485990101956e-01
8.233328221933240432e-01
8.600493735380890792e-01
7.412385991203350732e-01
5.875375941439299199e-01
8.122307416192610097e-01
7.157516312232757860e-01
6.425212309637351460e-01
9.020261700058634924e-01
8.736720730182452321e-01
8.346135544485495661e-01
6.525249823353970191e-01
7.340628259940371603e-01
7.546839930998974211e-01
6.106561338143060569e-01
7.931292734944535017e-01
7.323247258134499837e-01
7.413374535749405192e-01
7.110061531729093831e-01
8.216932848093986275e-01
8.625776282466951494e-01
6.763294623585994758e-01
7.825703464773977602e-01
7.900036007952098149e-01
6.747951535054351746e-01
7.221961901333715517e-01
8.222790461141696872e-01
7.667538601784958940e-01
6.769416272165612591e-01
7.851003121767385906e-01
7.921911373965733194e-01
8.228153862872820135e-01
7.744662648368948465e-01
6.548188058317433446e-01
7.537913804321424438e-01
7.767866940298466805e-01
7.736881173852022675e-01
7.110955697311509560e-01
5.854171975122814953e-01
6.108333340237641629e-01
7.948856841016902486e-01
7.964987326826167280e-01
6.588331743881209457e-01
8.136920090147964357e-01
8.285357427437440858e-01
8.021813700394473390e-01
8.280389950241291430e-01
7.868572108516673769e-01
8.246341159938533893e-01
7.873633599464694433e-01
8.742817274908226688e-01
7.703778297822436727e-01
8.867200410270388300e-01
8.261645595404688569e-01
7.973270905189017155e-01
6.943183300350276310e-01
8.739395893404865445e-01
7.990629020158155349e-01
7.471480400716107306e-01
6.496274994391919577e-01
8.477453802893769597e-01
6.882528421132427798e-01
8.247817159599691861e-01
7.559967827785127881e-01
6.824334824580925440e-01
7.540225898319690145e-01
6.854359156803938591e-01
8.032549120435668044e-01
8.547323966389790417e-01
6.698371195893222385e-01
6.932909077424069810e-01
7.100941106567035810e-01
7.978167263333741932e-01
6.787763925803095288e-01
5.882315621860971788e-01
7.620209869838617811e-01
7.058540534983615000e-01
7.140101080598996175e-01
7.085578120018352077e-01
7.208100069401414123e-01
8.591605648481908108e-01
6.365156613820549536e-01
6.883269008215362472e-01
6.982024765006593636e-01
8.842627169940157073e-01
8.808408714718979349e-01
7.458506562462092759e-01
7.550229867370460424e-01
8.732123616950988598e-01
7.018970107838550243e-01
7.629777628222451646e-01
6.828859241540218283e-01
8.146676141051859554e-01
7.748092850422463318e-01
8.234728876105092965e-01
7.265597347685758267e-01
7.300066254373104302e-01
7.381383808155572712e-01
7.525180477998361095e-01
7.406389866892707508e-01
7.864412293440526946e-01
7.476474367997347770e-01
7.054652259176071860e-01
6.750279056924858301e-01
6.758278707312557199e-01
6.833149371694492435e-01
6.404403183419792311e-01
7.353116085438644589e-01
7.194790253144776049e-01
6.972507756888371988e-01
8.807646866434862831e-01
7.059195434927765245e-01
7.296203991913379205e-01
6.879252580792398764e-01
6.380658926466312719e-01
6.319277628903327004e-01
6.563093580274990124e-01
7.749479601421929154e-01
7.766598042034608129e-01
8.604834937849998866e-01
7.333840814895659088e-01
8.113455058953762400e-01
6.726978384631449037e-01
7.693202851981361112e-01
8.517585868722203912e-01
7.731331022403432618e-01
7.789004873789363570e-01
8.128213285403267374e-01
7.516025551895094692e-01
6.316624583087873113e-01
7.334965459858122649e-01
7.483274270440717357e-01
8.461834224460058618e-01
6.601044011921691768e-01
6.891380211412282408e-01
6.291238115954881360e-01
7.270118537600278596e-01
7.764215630715159966e-01
7.655093055698443116e-01
6.483612477838757160e-01
6.583009120017813132e-01
6.940860457647201054e-01
6.584677107947060071e-01
6.988856776709541085e-01
6.790964521227255135e-01
6.254856697840796009e-01
7.634324628792681366e-01
7.307423335378024909e-01
7.935544865898225275e-01
6.709961936399941873e-01
7.987724836475608159e-01
7.250431507913952522e-01
7.376283888862740223e-01
8.232895638974619956e-01
7.753730199131750878e-01
7.063967058691608125e-01
6.632409116369823998e-01
8.688235722955742757e-01
8.233669155408597229e-01
8.534139998260362736e-01
7.237768618988752456e-01
7.304090165697245673e-01
7.390134648351021074e-01
7.843907298575832909e-01
6.926168865813839837e-01
7.574453078140406248e-01
6.889890989763425289e-01
7.093242204871914591e-01
7.001977649768650336e-01
6.414270513096782533e-01
6.697118560017087940e-01
6.420595188808878584e-01
7.406963580247367673e-01
7.443774538918317418e-01
7.072670782609494777e-01
6.815818394547565884e-01
8.428020510699192336e-01
7.594546994970988729e-01
7.117136152872627353e-01
6.991046464555408235e-01
7.994164521322376649e-01
7.513716250477112668e-01
7.017255057156333020e-01
7.888743648760940808e-01
7.569857070674692601e-01
8.803363049679305830e-01
7.309881213797998489e-01
8.063752985474943458e-01
7.986669873825440469e-01
8.834108514044574090e-01
8.127971324035190293e-01
8.753538265229546811e-01
7.521148013049653303e-01
6.832752138076426673e-01
8.168702108917373916e-01
7.351095832680888398e-01
8.039045152051166321e-01
7.069784645742226425e-01
6.738590758610982778e-01
8.682223818854568620e-01
8.708902694826416990e-01
7.187248456914651085e-01
8.654044682603557748e-01
7.528451108729029562e-01
8.140415855018744429e-01
7.266511517095325390e-01
9.339610003650418157e-01
8.676608232929526876e-01
7.099030795544731820e-01
7.586681726578121676e-01
7.249890885375309679e-01
7.137050160564705203e-01
7.282621482024167481e-01
6.162072099914417400e-01
7.902227312239247237e-01
8.529959040618847466e-01
8.773497427153406081e-01
6.122136337277530593e-01
6.888645898290729486e-01
8.167099923720468890e-01
7.537347089910878539e-01
7.922209743707860907e-01
7.756089878540474158e-01
8.187451258412279387e-01
7.959897993420803619e-01
6.945331562668107805e-01
7.447440372705266265e-01
8.220187510664241914e-01
7.164410423221984070e-01
6.439794859432534935e-01
8.216739599720217502e-01
7.520513617344146695e-01
7.667746837383503378e-01
8.018338995403033742e-01
7.334104184069222265e-01
8.228084013436687272e-01
7.470576423720107773e-01
7.257007067790013366e-01
7.771562988783830006e-01
5.873108262998120166e-01
7.398555640658009969e-01
6.002394758208838832e-01
6.147594948627439493e-01
7.040963305226608515e-01
7.508731622611948264e-01
7.834711780183482022e-01
7.192598619837183849e-01
7.048397036463786014e-01
8.012372799897607978e-01
8.482342960431935586e-01
8.390369509693356154e-01
7.233343217998858821e-01
9.238255727702738840e-01
7.176355655407089529e-01
7.756729831862854141e-01
7.614364097001671272e-01
8.816548356803421971e-01
7.235286189992956585e-01
6.738151951569852915e-01
8.568152900027181662e-01
8.024059739612690034e-01
7.210734861947414309e-01
8.576951046497616193e-01
8.060491811964811681e-01
7.685642572941547845e-01
8.611451315159461828e-01
9.100905634485373374e-01
7.713829755417669354e-01
8.213054209602889122e-01
7.080436528531238727e-01
8.341431637973419910e-01
7.413860167329894280e-01
7.602687052839237625e-01
6.220724955118434041e-01
7.042134915690549946e-01
7.649503957676434540e-01
8.071342687259142057e-01
6.946143532193329584e-01
9.115572504364759521e-01
8.971028748840722544e-01
8.846807458263213908e-01
6.385362479985143835e-01
7.413026061139443845e-01
6.768338321958256021e-01
7.072952305744520940e-01
8.112328802903242542e-01
8.109117134106265112e-01
6.958723377262642229e-01
7.636268339881844280e-01
7.664133481891857169e-01
6.669658048199396116e-01
7.551652002304402034e-01
8.339886670463898533e-01
8.435463731872165916e-01
6.219064414838281207e-01
7.248731505965005928e-01
8.144739661407603970e-01
6.331319650638101981e-01
7.154337830014335653e-01
6.688282485466413574e-01
8.035826044702744086e-01
7.213355385862124658e-01
6.951544913382430302e-01
6.966172537006279919e-01
7.891874537526473166e-01
6.488961289711669966e-01
7.162398409680534872e-01
7.584728709194148433e-01
7.499684879489485478e-01
8.127090625232417098e-01
6.597766364520482041e-01
6.330095086783483760e-01
7.797714070781306406e-01
6.787747812945891246e-01
8.179142749127340517e-01
7.907719845774452416e-01
9.267312842203467849e-01
7.387773247883467898e-01
6.542140862452755501e-01
5.760341242845479215e-01
6.919787956012309893e-01
6.449778401953633056e-01
8.814333378995967694e-01
8.422707745640989341e-01
7.750252770718440987e-01
8.413731108348243559e-01
6.670752822535580551e-01
8.804815729268793412e-01
9.102718287168969358e-01
7.120566107037540338e-01
9.220086721052455081e-01
7.187672567578708982e-01
7.103604569288514137e-01
8.665665480394579845e-01
8.009378012499485111e-01
8.500112358678214575e-01
7.206321218938760431e-01
7.522025659908800899e-01
8.424638827740618119e-01
7.148588032722485996e-01
7.758400531993533411e-01
8.859379787202449341e-01
8.102711084056459789e-01
6.983094356258906510e-01
7.056158722914577242e-01
8.003819324026014703e-01
6.538672434958198165e-01
8.099973511611427979e-01
7.345871557538196095e-01
7.016685808562437288e-01
8.393711349637890118e-01
7.208100679794584575e-01
6.246174789456101495e-01
6.565036731486662003e-01
8.874481298795204864e-01
7.072653894846062661e-01
8.461837845634724298e-01
7.794773501513354574e-01
7.437190037197239922e-01
7.082712964991836335e-01
7.390399345558107402e-01
7.059125017967747828e-01
6.342593473279086735e-01
6.488256166376552558e-01
8.467415872265086074e-01
8.097553416633450629e-01
8.186147501304885665e-01
7.748250234019499194e-01
6.920334982115013966e-01
6.891436440093853255e-01
7.955587903757982415e-01
8.573887398187429731e-01
7.104388020824599081e-01
8.439355718582072230e-01
8.356241249293836493e-01
8.283924680951620934e-01
6.676162647907903924e-01
7.622948006430908530e-01
7.782063352897008457e-01
8.175412868186072712e-01
8.741600988246830406e-01
6.165686710131310644e-01
7.532553061866134048e-01
7.752033370959278136e-01
6.814118771792232465e-01
7.092740755290739552e-01
7.274555508244465729e-01
6.587530736558575573e-01
7.504533080704477443e-01
6.443504598674557604e-01
6.872315852301603689e-01
8.515780198268692036e-01
7.526062622326207263e-01
7.189700180384565043e-01
7.981050655182807541e-01
6.705902177756141169e-01
7.784619754389296986e-01
6.315657953126062596e-01
6.980344551548977039e-01
7.554237468058067062e-01
7.853831990549878794e-01
8.485164559874431855e-01
7.216923649176015809e-01
7.648903067618676443e-01
6.156351737663597889e-01
7.525672252108747129e-01
8.344528687535589517e-01
8.223407649435247047e-01
7.968576646076542813e-01
8.652585270337243006e-01
7.576321186173656796e-01
7.921190261237056607e-01
7.347184538930133790e-01
8.037986251883947331e-01
8.701275616444925642e-01
8.058292425358235533e-01
7.436642155907986496e-01
7.067933878540729742e-01
7.635269716902464143e-01
7.134550466289796278e-01
7.880878221838401032e-01
7.798787414734960066e-01
8.298858051217821163e-01
7.154100053639373957e-01
7.945547156210160944e-01
8.407359815814196002e-01
7.177149053260037936e-01
6.901087844488525969e-01
7.363216355765718202e-01
8.051554718884947892e-01
6.769436059535848260e-01
5.880213513420688987e-01
7.428768188239031067e-01
8.284114110936345865e-01
8.011191672336648306e-01
7.456892847727470963e-01
6.991878622727308867e-01
7.089437254384968190e-01
7.824974311857811893e-01
9.088469847275862934e-01
9.032182615197262843e-01
7.380413477127509836e-01
8.324392528960702364e-01
8.890925547996066935e-01
7.591443087908948950e-01
6.908036954132352747e-01
6.981824272858487834e-01
7.257532034189320136e-01
7.772836723335461162e-01
7.722032122785327246e-01
6.381918664445265232e-01
6.642372766024901010e-01
7.256855103270991592e-01
7.103066450470681970e-01
9.326714791462196175e-01
6.333875816620275767e-01
8.057816770057267819e-01
7.172383518713872919e-01
8.157790421459056862e-01
7.631918018690795336e-01
7.367944552013495629e-01
7.530845725727349782e-01
6.947331512003104281e-01
7.822701850820935610e-01
7.628205474564564437e-01
7.675581641462854154e-01
8.897952253802883238e-01
7.294295589473277497e-01
7.019437587002496093e-01
7.444198570960335326e-01
6.162785026713013536e-01
6.244152238382955078e-01
7.291752506751647545e-01
7.058859742304779417e-01
8.494933863172120514e-01
7.269472425963209306e-01
6.768115268685319652e-01
6.405032332681024343e-01
7.834724642055281851e-01
8.660576882892770945e-01
6.719011680516540075e-01
5.841675626611818606e-01
7.916057307821317002e-01
6.003178751902962240e-01
8.143318637704273222e-01
7.725515177095415575e-01
8.234043550064277239e-01
7.338011982200085548e-01
8.025059716592525261e-01
7.352385709321143104e-01
7.232009462393838017e-01
9.267046781118677412e-01
7.851896972604717195e-01
7.622728607545152801e-01
8.104508425717371622e-01
7.920466383726226800e-01
8.675756765452518060e-01
7.893895420798086038e-01
7.584510016171356339e-01
6.642739319758290684e-01
7.046504817978959112e-01
7.158619845811291516e-01
7.364425489456837282e-01
6.006393453032942142e-01
5.621846585225731552e-01
8.121936114513009786e-01
6.966004950054125455e-01
7.891714908023742536e-01
6.675488264091100632e-01
6.960478938410086247e-01
8.459249945201094967e-01
8.819426076918873703e-01
6.364484624527081413e-01
8.462763725562243433e-01
7.454792330855699589e-01
5.667089621975451852e-01
6.098952454448833826e-01
7.757010740190765086e-01
7.086089671202628892e-01
6.980471067365378035e-01
7.802163905364118968e-01
7.579693778912084401e-01
9.041909681088775574e-01
8.652159680866046143e-01
7.421820362238652491e-01
6.371319184737549435e-01
7.912523281012512344e-01
6.272796171775728569e-01
7.768955293636767845e-01
6.596101790568015266e-01
6.363061697781920989e-01
6.959687041353217474e-01
7.301763942539888363e-01
6.727273424220849840e-01
8.322825270304410328e-01
7.474921789403773387e-01
7.547644674678829491e-01
6.182296747658203584e-01
7.494094764918861618e-01
7.695845739203945879e-01
6.912899966866703494e-01
8.388770211016083334e-01
7.934140877655851964e-01
7.789603952931162256e-01
8.384108702525068235e-01
7.260175500875963861e-01
7.687189405411882781e-01
8.747225155831398480e-01
8.281171855769347001e-01
8.424030308690453328e-01
7.426615817738830838e-01
8.352344437066013816e-01
7.868075261654066122e-01
7.523895213226994283e-01
6.596068827192881345e-01
8.095775119601567038e-01
7.433939509093230313e-01
6.991937459598075444e-01
7.121706899963995419e-01
7.162997177519793146e-01
8.184895868151621512e-01
6.979342908588549443e-01
8.070417968589916891e-01
8.674666584445804851e-01
7.801735678981429611e-01
7.257049225885650046e-01
7.101423511707412040e-01
7.112085221559337755e-01
7.919065332226321585e-01
7.088714085502277884e-01
8.324921032653748165e-01
7.700281523855084798e-01
8.476468360904694244e-01
7.722410437555966567e-01
8.983929140736170993e-01
7.259150873183223274e-01
7.849923044483990697e-01
7.861754206270332723e-01
7.071246173541660962e-01
7.876155139854352782e-01
8.658821327422174807e-01
7.643857280557768696e-01
6.355389415900584149e-01
7.747368747668104128e-01
7.921556325030130186e-01
6.998334036686271187e-01
6.279641758681248076e-01
8.113819221622342592e-01
8.025044329385764286e-01
8.106240304418352860e-01
6.539362486955822007e-01
7.134263931848491280e-01
6.031222876521010745e-01
6.444290832008398029e-01
6.671548374022259198e-01
6.825897177249710124e-01
9.172626770749123803e-01
7.386475641265809466e-01
7.052748433974096454e-01
7.700267199095848225e-01
7.606877831693559244e-01
6.643675980002233805e-01
6.757028318157785041e-01
7.263886611048817610e-01
7.841725114189079804e-01
8.230079313987955780e-01
8.549229249016142562e-01
6.727818616197415169e-01
7.053740244962676265e-01
7.035195721802020019e-01
8.622275559567332825e-01
6.167370921148228602e-01
6.721646761720131424e-01
6.784679724805007250e-01
7.354988961135608960e-01
8.972725415694462470e-01
7.599420768820065453e-01
7.082223089954103878e-01
5.978514448024364603e-01
7.656929259836688928e-01
6.993221231264694637e-01
6.746923278111144340e-01
7.999907112797890463e-01
8.222806043810489962e-01
7.297711433493467847e-01
8.329840685417168045e-01
8.943152329827134261e-01
7.348252881338909193e-01
6.559178182900902154e-01
7.038001094973077576e-01
6.424415978037930630e-01
7.751612794580261534e-01
7.549667736826587428e-01
7.803965735909482726e-01
7.901117570097420106e-01
8.274933083412033819e-01
7.262930274435328570e-01
7.305012491148469289e-01
9.041009314895028792e-01
7.670447031541379745e-01
8.651050245065629030e-01
6.412326464153784711e-01
8.029008609487424675e-01
7.024322349550138345e-01
6.778992391021868569e-01
7.811224714220369458e-01
5.931397181651690831e-01
5.841247558209066160e-01
8.281596865287885745e-01
6.927617166338643218e-01
7.684516086426752546e-01
7.020578132917859593e-01
7.476374882360629082e-01
7.484576587077648169e-01
6.430624187734285124e-01
7.781073401005471624e-01
7.117001748196178923e-01
7.852795339610810776e-01
7.132108658668777634e-01
8.285699946893834156e-01
7.296226238930140218e-01
6.977887654808143658e-01
8.121927347218079740e-01
7.287530509128421485e-01
8.287859194364187720e-01
7.170289797822136935e-01
7.400325264967198002e-01
8.184159325164510612e-01
6.319940487129473983e-01
6.136055437696730230e-01
7.468060270706091686e-01
7.363615399528119498e-01
7.216867084867312210e-01
8.204541360613358814e-01
7.558157515207861721e-01
7.478161855602561969e-01
8.259807898911376567e-01
6.917004741241272736e-01
8.666822114687232625e-01
6.646321809290658411e-01
6.768589761958818674e-01
7.072151576640287596e-01
7.778483265890500098e-01
8.463344903360099369e-01
7.461255240461167615e-01
8.190431406614337995e-01
7.192089007784358001e-01
8.316931097798592187e-01
6.656115939002688053e-01
8.662027132895108172e-01
6.442093718484990239e-01
6.876169788745405409e-01
8.116332757933875097e-01
7.559088835404149664e-01
8.090812500992896616e-01
6.383832663180278866e-01
7.593921862815158352e-01
7.531156948412391916e-01
8.638777520898460738e-01
6.859423530126972368e-01
7.806691446842131121e-01
8.704400948800918858e-01
6.308710863151941739e-01
7.549189630251161853e-01
7.353332122727815889e-01
7.753972230580389313e-01
8.069398565801426670e-01
8.153519773206375776e-01
6.429639363300695409e-01
6.703561758287844841e-01
7.609422455923968709e-01
8.688582068202665987e-01
6.269398155020787788e-01
7.056773118390168298e-01
8.169746111489399887e-01
8.843523927920816652e-01
8.309770053779658161e-01
7.853765669831634932e-01
6.067897636909409531e-01
7.417081797832323353e-01
6.957559206492055504e-01
7.966529886372636371e-01
6.391705624274336417e-01
8.393364462502903578e-01
6.509460568714187101e-01
6.843475049873417593e-01
7.000197035216441099e-01
8.013348871887092661e-01
6.677372191785170275e-01
7.814679578057180942e-01
7.836751425114277803e-01
7.122765213573262200e-01
8.579343928090293891e-01
7.036243906737835729e-01
6.034266091535762655e-01
7.727398034183058373e-01
8.259697978321676182e-01
5.881966396128063268e-01
8.331929498481909224e-01
7.205743323381466059e-01
7.063492500722950984e-01
7.340060270969371858e-01
7.333263488964733012e-01
9.077737973668613680e-01
7.675424617955167728e-01
8.070507068471783896e-01
7.327495230072778032e-01
8.254524780449186139e-01
8.146683871369805319e-01
6.539799416788946163e-01
7.109102081694973485e-01
8.580422669085001619e-01
6.933108975329722590e-01
7.055763499099906300e-01
7.579933801890815781e-01
8.806360193157991567e-01
7.953013309675537323e-01
6.216996243005744605e-01
7.713018441220627075e-01
7.053176810808587938e-01
7.394387194021735388e-01
7.667782194161137932e-01
8.733097232985608249e-01
8.661128473662037530e-01
7.434804835809718515e-01
7.771491059873767426e-01
8.597019540905287416e-01
8.416340363746562803e-01
7.592358261833261901e-01
8.219028852229459670e-01
7.582215715711279058e-01
7.987454854947141358e-01
8.643427730007791077e-01
6.002978965047222060e-01
7.478974216354712379e-01
7.983961145500125811e-01
7.164599853693663922e-01
7.826429171858991785e-01
7.501874231936281889e-01
7.870489549914269078e-01
6.711160935931174132e-01
8.210959634197276813e-01
7.477217740025895454e-01
7.569582061635835579e-01
7.393505768333900052e-01
5.902760860939143539e-01
7.318632753688774084e-01
7.225918075884310010e-01
8.159908708623602180e-01
7.667605292657843075e-01
7.860984567177156102e-01
8.208856976819802753e-01
8.889702870193610940e-01
7.799482191125324260e-01
7.990650342521415928e-01
7.913874389240451723e-01
7.849237232978056866e-01
8.448805990388817966e-01
8.497080969153133490e-01
7.284334518800943403e-01
7.699601202991981364e-01
7.231865932978337463e-01
7.114255449916114804e-01
6.338461056667575866e-01
7.425334072798681628e-01
6.054218453860653604e-01
6.844724250185737491e-01
6.954178427527782924e-01
7.555035703949726233e-01
9.161595586374046141e-01
8.815040331037833354e-01
7.956593664297356705e-01
7.379448628410812949e-01
7.844711717258939787e-01
8.274073754959834215e-01
8.220679222883018333e-01
7.339871930484369589e-01
7.353441258940469627e-01
7.292146846239067060e-01
6.761241203747607731e-01
6.435589960058129000e-01
8.530701289125698361e-01
7.641874541106769003e-01
7.388792007541047369e-01
6.153280819225457332e-01
7.138289512743614118e-01
7.395026437668996699e-01
7.789634192876235819e-01
6.047550336054571263e-01
6.813520820469999295e-01
6.699721261754881807e-01
8.565623692273237610e-01
8.047690253590761289e-01
7.398308294776749783e-01
7.167248781026320792e-01
8.114356347886332310e-01
7.853585575705923638e-01
8.597304712417707107e-01
6.800779698048776689e-01
8.261697861484241789e-01
8.073780703978904461e-01
6.211097483616496717e-01
8.515290593981100775e-01
7.882429079139595673e-01
7.938713749503364392e-01
6.297866927104673884e-01
7.582927924279831977e-01
7.050354624506909307e-01
8.638753390905508089e-01
7.466856299128453722e-01
7.943565934829608377e-01
8.274774269268462268e-01
7.929267395116842421e-01
8.243321449754905661e-01
8.033271383191612491e-01
7.076635989223525325e-01
8.266667456000400538e-01
5.908186738688557815e-01
6.794893693480937857e-01
7.409599793964434244e-01
6.715139528730242890e-01
6.698206450900738851e-01
7.033213584076266622e-01
8.434332197106739759e-01
7.782536426887828318e-01
8.203550349102373129e-01
7.401656410740887759e-01
7.132354165260950118e-01
6.671174212921366919e-01
6.953517057807089286e-01
7.763105606570199768e-01
6.136787938604544301e-01
9.195975483338040268e-01
7.636909026238520859e-01
7.846035883186157633e-01
9.343090290126074837e-01
8.242654007615719536e-01
6.289510048589178615e-01
9.294332755826958392e-01
6.731151412469451589e-01
6.320224739745693432e-01
7.735975674573095651e-01
6.519665144017654512e-01
8.067848655572535943e-01
6.010704211699401389e-01
6.448671526733334991e-01
7.559588182339644913e-01
7.379525304033011102e-01
8.134312143366675407e-01
5.943473452068044338e-01
6.833100597179235791e-01
8.260932503215860923e-01
6.231780537980718959e-01
7.893873229212621245e-01
7.622401915476385570e-01
7.339245439749720878e-01
6.856652951136493757e-01
7.006663020734585912e-01
7.282061323992108370e-01
8.210810019509824365e-01
8.089571164761668598e-01
6.596112371388795914e-01
6.672787666495266778e-01
8.490976218325932967e-01
7.186098416509337783e-01
6.922549325038968027e-01
6.401791312415591184e-01
7.635905907363904621e-01
7.469830279852832655e-01
9.182356916278663350e-01
6.238240659364222562e-01
7.667962284799521022e-01
6.760856437875550906e-01
9.033177651489964211e-01
7.443201753231966089e-01
7.299214633618527071e-01
8.527308162503172140e-01
7.920485974353441705e-01
7.679878255684556843e-01
8.824676968693396795e-01
7.828890954282717862e-01
7.996911050056791925e-01
8.023331368936000851e-01
7.650483870381623586e-01
7.344428709752197637e-01
8.113148481487858499e-01
8.101921042926530925e-01
6.908529373578312649e-01
7.021671919767719094e-01
7.597781182512295395e-01
6.305016249531133488e-01
6.924347677571708326e-01
8.490788622190802437e-01
8.877485623700445139e-01
7.176426068884298459e-01
7.797980655713890874e-01
8.114427479748252958e-01
8.638160677893208517e-01
7.975381503502332325e-01
6.695042849126686679e-01
6.433514844340493255e-01
7.119774986877119849e-01
8.244179641599296282e-01
8.450392670370299175e-01
7.269754148454777853e-01
7.324487139103548206e-01
6.506412191996531202e-01
7.269075238017113083e-01
7.374976226589056161e-01
6.620803822932025406e-01
8.386656992708096947e-01
8.297256054472755826e-01
7.397196086458036612e-01
7.903105312742843003e-01
8.515627071922624580e-01
7.508330593160041921e-01
9.189724420329945520e-01
7.517594753199654534e-01
6.790892323187204260e-01
6.420725707225070078e-01
8.147716159223420407e-01
7.126452668676368507e-01
7.672073231627107859e-01
7.850180558813855125e-01
7.359447213933070220e-01
6.792233621162415691e-01
7.733954811221771530e-01
7.608064004713960271e-01
7.692235208814960368e-01
7.293832291581165972e-01
8.322551282983801091e-01
7.160441770400988171e-01
7.685688609145125971e-01
5.948540014232819306e-01
7.824966659406749070e-01
7.199043254721919638e-01
7.734108756961349807e-01
6.765733264482430842e-01
7.580980803281368585e-01
7.298396480106317252e-01
8.187981888748735448e-01
7.933667133085430256e-01
7.085661303884814854e-01
8.841316850240782399e-01
8.462337219086666362e-01
9.000756458312020314e-01
7.630647271309266566e-01
7.672803013311533249e-01
7.416969818837212403e-01
8.137306862866886537e-01
8.117305454820517019e-01
8.275697550821098369e-01
7.397883219093601692e-01
7.028285999633805403e-01
7.507346988950449607e-01
8.720251608018804168e-01
7.895194942074014177e-01
5.698524397751565385e-01
7.721699227577770719e-01
8.425261780275212775e-01
6.829494194506654514e-01
7.140667196007336459e-01
7.793673705022520215e-01
9.211658706988087308e-01
7.332517052672041791e-01
7.860632260883863021e-01
7.849866163815365505e-01
8.516422961889907883e-01
7.345559955600179380e-01
7.699831540622292803e-01
7.616114933957046640e-01
7.617542753533422806e-01
9.282022385432933120e-01
6.942359833954259152e-01
6.879681820250789226e-01
8.033100091082213678e-01
7.041520829309725338e-01
8.049507551207352174e-01
9.032392426199643554e-01
8.230508393027545777e-01
7.921993905336236486e-01
6.628531024292837470e-01
7.176116529513735243e-01
6.504186857764416851e-01
7.117353513709487878e-01
7.763994946691471499e-01
6.777780277685360177e-01
6.981812671640692525e-01
8.003463479547372472e-01
8.220954658610147847e-01
7.742791402978340676e-01
7.436459076377791577e-01
8.014908270860892081e-01
7.219484117180221538e-01
7.712371471549631652e-01
7.306014907300261152e-01
7.157089310909454660e-01
6.837921173470017377e-01
7.716534159767085566e-01
7.172607614594076475e-01
8.251903834088587519e-01
6.574596748702339344e-01
7.964563286411616705e-01
7.924533543805239999e-01
7.708842331155499883e-01
8.237241215871132782e-01
7.052168817876635076e-01
7.769525984674391372e-01
7.433151747129903564e-01
8.450074305851859036e-01
6.498175196139794885e-01
7.300778404295079627e-01
6.932204139513485908e-01
9.044445799478409986e-01
7.547056767775368602e-01
7.531442556575280722e-01
7.092569137688263803e-01
8.790716904334714421e-01
8.998845254817424699e-01
9.095020862377671822e-01
8.013287174678146441e-01
8.733368738274672749e-01
8.544392332466625994e-01
7.262446825414784479e-01
7.560077766322920167e-01
9.192361246744309433e-01
7.933388060825751209e-01
6.984295798739973415e-01
7.898028657637087280e-01
8.369024879616467905e-01
7.340279111695126035e-01
8.157671203035024021e-01
7.460036364034492440e-01
6.839046111619224710e-01
6.959299810207153492e-01
7.706456252070509327e-01
6.555475180465064611e-01
7.710838426639613497e-01
7.259432009402873032e-01
7.477168806554657099e-01
8.774792570037122097e-01
7.696279159991652463e-01
6.523179375315723005e-01
7.672347059420355775e-01
8.739639348452472589e-01
7.640317482047225273e-01
7.952671100167105767e-01
6.636156549078305877e-01
7.756012198134928370e-01
7.327514009397829708e-01
5.788967366335944220e-01
6.504130140063868470e-01
6.726062964349458495e-01
9.047776637039338654e-01
8.514951705308045904e-01
7.200207884182788787e-01
7.279007958814993628e-01
8.756975864006713017e-01
6.337708660577505704e-01
7.339936673712135207e-01
8.473554431765155659e-01
8.166117067557633336e-01
8.786360917775221102e-01
7.607411395883153515e-01
7.309391674493823654e-01
7.259042818958012511e-01
7.993284064163871383e-01
6.212830025211765195e-01
7.155191598144934328e-01
7.358988946380877749e-01
9.001569619293838809e-01
7.146155453063273155e-01
6.267474319409305217e-01
8.111430771792037531e-01
8.631442065687114917e-01
7.428314504533993778e-01
7.402925714677558444e-01
6.595621480728751651e-01
6.909592552660116516e-01
6.945163129710185679e-01
6.305842837409944002e-01
7.984036683906267085e-01
7.981272258494802596e-01
7.597821350843789734e-01
7.361882106552954941e-01
8.411498801473484832e-01
7.257348850315483713e-01
7.620945158235441497e-01
8.555339646080678540e-01
6.872453194254797282e-01
6.195984761094595061e-01
7.024916097614659627e-01
7.609598559827731590e-01
7.273602474310608690e-01
7.101426483094731568e-01
8.134167460093327806e-01
6.198001407167963439e-01
7.791209114223144327e-01
7.359993105232515154e-01
8.450059463579137065e-01
8.449577141233343136e-01
8.637261141903790351e-01
7.749169569314863226e-01
7.485724290287495419e-01
7.567670278936081685e-01
8.584899644311926314e-01
6.622922981019234712e-01
8.556687938087050860e-01
7.917318100894400468e-01
6.106378236296059470e-01
7.683597541236054651e-01
6.814935022529973185e-01
6.093302001521010425e-01
7.433214595452838358e-01
6.440358862002958373e-01
7.004981251189107416e-01
7.379384292041987203e-01
8.897289548768664291e-01
8.940587944421301003e-01
6.802023355461602749e-01
8.270175523109285498e-01
7.018734702751160404e-01
7.126678605509679798e-01
8.295657779246752295e-01
6.630281589082827054e-01
6.671853616931807673e-01
7.010818033625539902e-01
7.373571656187123402e-01
7.082863145777067437e-01
7.569823027924160730e-01
8.203664957249249268e-01
6.741341161070003585e-01
7.016915913619496958e-01
8.471484393738162311e-01
8.120338736942882552e-01
6.922853389613067288e-01
7.951722351331776961e-01
5.895082721088701350e-01
7.331598391532430092e-01
6.241682885385043678e-01
8.852575085854200720e-01
9.045639111687850953e-01
7.278273192854353146e-01
7.343223740344593242e-01
7.998161984523158852e-01
7.050950559823823127e-01
7.095765099191309044e-01
7.738944470670319209e-01
7.882986288327121782e-01
8.063290001147392916e-01
7.771126595284926220e-01
6.859113669871429453e-01
7.136410960924209901e-01
7.837872992617562762e-01
8.586143215576237386e-01
7.027259715343149304e-01
7.320444248967689083e-01
7.334773967965314556e-01
7.436667453120865412e-01
7.767639366740359819e-01
7.696921008556800725e-01
7.287521602811212196e-01
8.326421050505885546e-01
7.694363072310527185e-01
7.338178324437957256e-01
6.524849239448530236e-01
8.286117382084924321e-01
7.191301270578176474e-01
6.431262955837716566e-01
9.230821675815430449e-01
6.791783553078674096e-01
7.825301202389779442e-01
7.343339588676145446e-01
8.197694340516588074e-01
7.194159676994503760e-01
8.093633783083036271e-01
7.733542930386708703e-01
7.397061820296831902e-01
8.100557704501494261e-01
7.505991413952295410e-01
8.507170200079665623e-01
7.232214096109976786e-01
7.345562045384791405e-01
7.719953060764780384e-01
6.484228367897656442e-01
8.106923115632087562e-01
7.767542102928114423e-01
7.876250933458510683e-01
8.529017904686601037e-01
6.751420869015363202e-01
7.588154246301853645e-01
7.967695829255491136e-01
7.543157287108278597e-01
6.939943380476081281e-01
6.404519821029701632e-01
7.318935661436282158e-01
8.035344957187814385e-01
9.058522138862770134e-01
7.027267892684995187e-01
7.715706268760785802e-01
7.460087901385612508e-01
6.333387807512724788e-01
8.214013196682098394e-01
6.716180882930856688e-01
8.315443489686639156e-01
7.317088903392572341e-01
5.986524839929204811e-01
8.265128980881216725e-01
6.999182447211891311e-01
7.885007651286697339e-01
8.075454165334022827e-01
7.478646692526207396e-01
7.910373586315370131e-01
8.206487528205912430e-01
7.845327914415606285e-01
8.216801807397751123e-01
6.765136566400712370e-01
8.290112789641423952e-01
6.496223916940803145e-01
8.441748828208571753e-01
8.533291332523105233e-01
8.249847659688432921e-01
7.029959664598850466e-01
8.003045148268326248e-01
7.066926825132149315e-01
7.282672445657691895e-01
8.572307494537189099e-01
6.847133678478128926e-01
8.373908762925581506e-01
7.938135854648411538e-01
6.399109784811122248e-01
6.186037013723079125e-01
8.518745334463887486e-01
7.477529073662979586e-01
8.027802339297008816e-01
7.362993832004277595e-01
9.033259253760470564e-01
7.514266098313850950e-01
7.762489901234430612e-01
7.072890489943071124e-01
7.391767775284547870e-01
7.818629283832674304e-01
7.564565502650213435e-01
8.785785923597450031e-01
8.151435260496093793e-01
6.895575389568550095e-01
6.273599701546825891e-01
8.582763633059881103e-01
6.263041614609814456e-01
6.336141686611650448e-01
6.694637632922090242e-01
8.217457285260419964e-01
6.509787897628831477e-01
7.180961660851048478e-01
7.414575588254779248e-01
8.111345039175866800e-01
6.352504323854026858e-01
6.741149295158617161e-01
6.771963684861332933e-01
7.607114636800218488e-01
7.973910871537149836e-01
9.238313081926410320e-01
8.976505904232794375e-01
7.113256640679138654e-01
7.667549841618755968e-01
7.207926508539668209e-01
6.218193212724562047e-01
8.959710468343369261e-01
8.005160539158885369e-01
9.360788636597956458e-01
7.249343560181670254e-01
6.750231088869822482e-01
8.292425611143006137e-01
6.750956272257092605e-01
6.521829935320611060e-01
7.915319628840409294e-01
7.860468709931502929e-01
6.094145543613519456e-01
7.930844863233764697e-01
7.666909644517022615e-01
7.708070763875192188e-01
8.266226241146700238e-01
7.337502221099190258e-01
8.081332867849053692e-01
7.713474795178646426e-01
7.336156630973493797e-01
7.270542708904850215e-01
7.810548840484591304e-01
7.139782096229138064e-01
8.922427419428536899e-01
8.788194913482278992e-01
6.679793220085363803e-01
8.638632629696725296e-01
7.697218409196828759e-01
8.360086867580699410e-01
7.447042819370056632e-01
6.841031215029093060e-01
7.035841872947170561e-01
6.815208979191412775e-01
6.717167328864983578e-01
8.082426654724446102e-01
8.159703799786229839e-01
7.462544040661763800e-01
8.050546618668541488e-01
7.614908843987429066e-01
7.878342180204135348e-01
6.947934833264269860e-01
5.935831810015875787e-01
8.719547338381954393e-01
7.326748811637099346e-01
6.110816203575170080e-01
8.135727934184010524e-01
6.556495457621935863e-01
7.252462022781817064e-01
6.965207192461566610e-01
6.626378426344333716e-01
8.291029501874054297e-01
7.184299068829174129e-01
7.642372709393953079e-01
7.493516079176893996e-01
7.116576729844963367e-01
7.043919475106283912e-01
8.190475912358422539e-01
7.581996841056026781e-01
6.836726155713264141e-01
7.920623409923400748e-01
7.269185433282173703e-01
7.485289536659014420e-01
7.896978464514442519e-01
6.547669660230297506e-01
8.275229829083036170e-01
5.985147346043419025e-01
6.769377827733796815e-01
7.797475280035502943e-01
7.619412016013529243e-01
6.528697211858019989e-01
8.452307412540600584e-01
7.827338082251813489e-01
7.047559632174124067e-01
6.316536904942836594e-01
8.233415273200752615e-01
6.780043672333995186e-01
6.662211627877008269e-01
8.156128589816673546e-01
9.206934691286933203e-01
7.416147470489417026e-01
8.109480481529202089e-01
7.253257581129155529e-01
7.177512867781086214e-01
7.568199670897630682e-01
7.247548150005539425e-01
7.942022792443860224e-01
8.214053948247538317e-01
6.574746755795440878e-01
6.472951263516945053e-01
6.572454980502130395e-01
9.040027170434947745e-01
7.788013503062756193e-01
6.721701665967378947e-01
7.374001561622378631e-01
8.682847737388162956e-01
6.851332424558044254e-01
8.024472983412840321e-01
8.076399173722476066e-01
6.580160465354581989e-01
8.796785243955931310e-01
7.689432697443726594e-01
8.435313279558258603e-01
8.605010532503892806e-01
8.863034070732701553e-01
7.371885223372897089e-01
7.505397872047130381e-01
7.162183508801109877e-01
8.534798435003503325e-01
8.078898135815111292e-01
6.964326302056128570e-01
9.160269628022988941e-01
6.725406454414835089e-01
7.318351287616715606e-01
7.234589398568124219e-01
7.760668798449051886e-01
7.781174898873493007e-01
7.512518300400312654e-01
8.125440131917550657e-01
6.257413186703373320e-01
8.260354187583269781e-01
7.753629222446525304e-01
7.102413734748450613e-01
8.582955366805414821e-01
8.722360575109512348e-01
7.196484707722499152e-01
7.919412702889832012e-01
6.273973589715470256e-01
8.298970179831905991e-01
8.524036496229886462e-01
7.260914990083117138e-01
8.369258280984653853e-01
8.923659517195781099e-01
8.619056459727093555e-01
7.722862957818094065e-01
7.743506499914680763e-01
7.019774279283130802e-01
7.766163852042647919e-01
7.766286359138344642e-01
8.375807681487137391e-01
7.785287805775719105e-01
7.323494256005190772e-01
7.191117454048803204e-01
8.548564719492827146e-01
7.028982066001933093e-01
7.163925674276373501e-01
8.007677027058456298e-01
7.786069023912089992e-01
7.658115804496049561e-01
6.293136263198993996e-01
8.598067738121655257e-01
7.480361898549169331e-01
8.179449518137471564e-01
7.647146692624062769e-01
7.319319739969218919e-01
7.528962002798281761e-01
6.873293554635608871e-01
7.925884364578835717e-01
8.428456717226960881e-01
6.685352478300369272e-01
8.179295515531584959e-01
7.422007653435398478e-01
7.416288344506957175e-01
8.247524833265166277e-01
6.848511169335930182e-01
8.416013194889977456e-01
8.094844145727813078e-01
9.212461233639928082e-01
8.127449368648511641e-01
7.109470792583526544e-01
8.545540573104771775e-01
6.726243608015659570e-01
7.924623626154089218e-01
6.458908583083496913e-01
8.344041612388090057e-01
7.470441297967320704e-01
9.164975878790476704e-01
7.901184655550105296e-01
6.695953390888021994e-01
7.696174945234411924e-01
7.477880677330686066e-01
7.009263333044972732e-01
7.804015171765034120e-01
7.580491838435093888e-01
7.206939746738841857e-01
6.245295275117114242e-01
6.932338635388002324e-01
8.569421814782792746e-01
7.377946824662736658e-01
7.064784196945048667e-01
7.085823968309521437e-01
6.951250911143931344e-01
5.810803166511240292e-01
7.050244511012274673e-01
7.084437350493203445e-01
6.349433020587110788e-01
8.373746467261332649e-01
8.969970802895141926e-01
8.180231037535312666e-01
7.303503759637420822e-01
6.935309555137164628e-01
8.133449243253678684e-01
7.351808067676517400e-01
8.359290146101668872e-01
8.372738349930658464e-01
8.094882369717902870e-01
7.156567287305032332e-01
6.765092225642037604e-01
7.744107382184484134e-01
8.132334877127548323e-01
5.961074906876645541e-01
6.935013338494687707e-01
7.640686866755506124e-01
6.974464514919818114e-01
7.354350149053150432e-01
8.081897196638918590e-01
7.583577040429086980e-01
7.420570254025360413e-01
8.141549957186394737e-01
7.324526810128797472e-01
7.787563406428394952e-01
7.579962318662903931e-01
6.766345595801996904e-01
7.842292878441823323e-01
7.374974913842260449e-01
7.142151510919724222e-01
6.685946970746330376e-01
7.000639206249740232e-01
8.042799199990376957e-01
7.428637806741772431e-01
6.585854133993724879e-01
7.498881395437951847e-01
6.079974176574347577e-01
7.652294441784389667e-01
6.792664375756629624e-01
7.320182041771875481e-01
7.519627358418884411e-01
6.275942871382891308e-01
7.036499322538344314e-01
8.670379283363109923e-01
7.222991874587308958e-01
8.129217670355042280e-01
8.004567440715910642e-01
7.712680892799652632e-01
9.006152003023892849e-01
6.590502159480895461e-01
7.761245537812773154e-01
6.997754862119324182e-01
7.615669665901182439e-01
7.130132947885593486e-01
8.321886569036535120e-01
7.047239715384812087e-01
8.119527330140082766e-01
7.513797841037903602e-01
7.660650526049807008e-01
7.599191429817816479e-01
7.163801472798938530e-01
7.916934723862794065e-01
7.278186521045532098e-01
8.024397819694659706e-01
6.710440418875491808e-01
7.660408832455035677e-01
6.157705211316792937e-01
6.681242649359869779e-01
7.258170681668645319e-01
7.424069844403232699e-01
7.401461786378399355e-01
8.343991782631837717e-01
6.897157428346769592e-01
7.296373657850728778e-01
7.357544745511882534e-01
6.754011790731856424e-01
7.631445850986935397e-01
7.981847192180266948e-01
8.821661676354159987e-01
7.462676643191203940e-01
8.255955327956951972e-01
8.491244128483038667e-01
6.956764607988155102e-01
6.826136049659036198e-01
6.759064843529215549e-01
7.818655897829639434e-01
7.038129685707122940e-01
7.589651444756307930e-01
8.145176713690315262e-01
7.406237651260904054e-01
8.819574611434299882e-01
7.801774049546432721e-01
7.062427515147472468e-01
8.769161149448578829e-01
7.427791864745016959e-01
6.654411210173550861e-01
8.548719816534311455e-01
6.896461522672245881e-01
7.464850273487045884e-01
7.606653998948446072e-01
7.970697182803989644e-01
7.488083487339460831e-01
8.332514474330653398e-01
8.458550007038386775e-01
7.195225205628733578e-01
6.805527054640709839e-01
6.834012337545617433e-01
7.112380389285081206e-01
7.293587582522277346e-01
7.928971546750341881e-01
6.240840028775067605e-01
6.763429152052204962e-01
7.416191787237048638e-01
7.692301448997806990e-01
7.131025006133319133e-01
5.854334944220641601e-01
8.079046944023997590e-01
8.154139979720166354e-01
7.587485416671132521e-01
8.979381169787998829e-01
8.128737813921559363e-01
6.941685713096773513e-01
8.010590075268803067e-01
8.182287708805010551e-01
7.563735005514303777e-01
8.829136175877585480e-01
7.860037400139779917e-01
6.221620304128223644e-01
8.364459976680407305e-01
7.491244911642062076e-01
6.952055492602818854e-01
6.737956969597829193e-01
7.495225813286945371e-01
7.004491246359036971e-01
7.344665496295555984e-01
8.516500509828788257e-01
7.682688168703664111e-01
6.589019477927390289e-01
8.394142057380766797e-01
7.908103527062237958e-01
7.942597009993181967e-01
6.961956355302241217e-01
8.084035479326130424e-01
7.654753535373947093e-01
7.961310868561980447e-01
7.880079184739670062e-01
7.190154574448447411e-01
7.861428686467289983e-01
8.094924664259909308e-01
6.383475866201900883e-01
7.757648103833346687e-01
8.937585566119108371e-01
7.749287384357984587e-01
7.579783456648168105e-01
8.577286730742288423e-01
7.655698630256225767e-01
7.084009233360396562e-01
8.286420700368913872e-01
7.957587809722930228e-01
7.475509198795357024e-01
8.225860814197238913e-01
7.094705262522452704e-01
7.724063742885143302e-01
6.155783811443952258e-01
7.277995110885996377e-01
8.971806836162219412e-01
6.923931732697837793e-01
8.075754643365623542e-01
8.074971600783104053e-01
6.678830433432293434e-01
7.241421304214331611e-01
8.623445899956516669e-01
7.622596425475386406e-01
6.941264529580678522e-01
6.841926964110616183e-01
7.173273788264559192e-01
7.239491860185074401e-01
7.734641597984037720e-01
7.776759095929983712e-01
6.934588071456785352e-01
7.922673891616059949e-01
8.689847909324007746e-01
7.686768077603923777e-01
7.258024599386274645e-01
7.282954322583089501e-01
7.550105840499808929e-01
7.470009613113851588e-01
7.968762796882148391e-01
6.770324251497077395e-01
6.394492447556074932e-01
6.357832892078977283e-01
7.528739028812430067e-01
8.404379850733761925e-01
7.696471792047751004e-01
8.106230446111040155e-01
7.701022005491044986e-01
6.630111889132921377e-01
6.598252204568718637e-01
7.634883337944248227e-01
7.241353693620529164e-01
6.750239798978839856e-01
7.816856584036512290e-01
8.018936451829686840e-01
7.823153030412833830e-01
6.926758116243156849e-01
7.029147633877615986e-01
8.221812112602007172e-01
7.888119648753739721e-01
7.402874336446132464e-01
6.747632676926419437e-01
6.868763080810265098e-01
6.167628516542084105e-01
7.550891863424159522e-01
8.131659300700699866e-01
8.900053942073301583e-01
7.308672889485809954e-01
9.154642836113139337e-01
7.287902374473923528e-01
7.260396424702304508e-01
6.983054140100991569e-01
7.235819958143103747e-01
7.426121064468560462e-01
8.130105171728660984e-01
6.819619378192042225e-01
6.429005417205423401e-01
7.186560151480891889e-01
6.784269841443082427e-01
7.683882888947435319e-01
7.752274450749030432e-01
8.649815389628753293e-01
6.731699183394445063e-01
7.825130060926154263e-01
6.672207753719363588e-01
7.447630200356329944e-01
8.209807872236717374e-01
7.630745930561735335e-01
7.310245743550362052e-01
7.238179975530263377e-01
7.720216388506134786e-01
8.036657704643026534e-01
6.811382093478723920e-01
6.964425423642526258e-01
8.075054178869612853e-01
7.646321815972333402e-01
6.994268132202327015e-01
5.862458872224054485e-01
7.438611306726059524e-01
6.902022130699875246e-01
8.119835904704421070e-01
6.619242584779541083e-01
7.298687324806286680e-01
7.308938535745976850e-01
6.475224348602397484e-01
8.637561924484336018e-01
8.905625690047649368e-01
7.793625949281383081e-01
7.427928986602235772e-01
7.649787432410648513e-01
7.349087828261733346e-01
7.254566848985189997e-01
6.518520337294758660e-01
8.243550067756841848e-01
7.588344553337685872e-01
7.434482036542928718e-01
7.754918881016673593e-01
7.494305729967688512e-01
8.324933281131423612e-01
6.662224296823928693e-01
8.247636092596865032e-01
7.747613166876099466e-01
8.800805396296057515e-01
8.567174117703297842e-01
6.744426482952191604e-01
7.414711725930616115e-01
7.867047511906567481e-01
7.623747372034630487e-01
7.569280632377726192e-01
7.546483034225993647e-01
7.710860285722822560e-01
6.533510903786736712e-01
8.653250963207300694e-01
6.868542488133857482e-01
7.806763929054369999e-01
6.908344530922237992e-01
8.570502832623106970e-01
7.239492983436377482e-01
8.322455799260923825e-01
6.728941545761247811e-01
7.722923776960636255e-01
7.528459963166397317e-01
6.643978358378380689e-01
7.012711784589683583e-01
8.002838960469593754e-01
7.902201323423594381e-01
7.426316996536702630e-01
6.736221261303781960e-01
7.168859672628487001e-01
8.148741966318533425e-01
7.523608297790128630e-01
6.985001804596990826e-01
7.326706025455358429e-01
7.510593146919173346e-01
8.709230586091869508e-01
7.258170448638153749e-01
7.278062332835800730e-01
7.591210590633286071e-01
6.683966361187826388e-01
7.965383631304018275e-01
8.207459688843593559e-01
7.337947503909437730e-01
7.860054880670935828e-01
8.538878284675952557e-01
7.642172904100955622e-01
7.676373897273127689e-01
8.774522293350445201e-01
7.797926108111338239e-01
6.559318171603819581e-01
7.700439311397088149e-01
7.877563283826692908e-01
8.169774896376357232e-01
7.172356725597754945e-01
7.758357757430885959e-01
8.087006633257388666e-01
7.411222200110176850e-01
7.679061435849510175e-01
6.901782040319859313e-01
7.975677184296965372e-01
7.451659734918980593e-01
6.834388565193334486e-01
8.594644709394687609e-01
8.834284677298881450e-01
7.543525812920710560e-01
7.432321014601671605e-01
7.123576226479557683e-01
6.201823785840864245e-01
6.721131734444018013e-01
7.933920986310895040e-01
7.068960005405047209e-01
7.351782783988138892e-01
8.539349466271445310e-01
7.912211652372982407e-01
6.934784525636710217e-01
6.778356029737534483e-01
6.981620865896090988e-01
7.469413266856744782e-01
7.254068519186865904e-01
7.616438325703098755e-01
8.607846440786224296e-01
8.240200831975843521e-01
7.416639801327749026e-01
7.996139112339485377e-01
7.044198395440746108e-01
7.619222743751724591e-01
6.313207509292680930e-01
7.638566476469252908e-01
8.233626406655473184e-01
6.565331527372296749e-01
7.632349205935315961e-01
8.076335470985449572e-01
7.352629274402763260e-01
8.651141585901593878e-01
8.377155600862947749e-01
6.861111955729775058e-01
9.217222566144442908e-01
7.112151027474038489e-01
6.544180196447059172e-01
7.318685638646614811e-01
7.713000880064233566e-01
7.330788325293726704e-01
7.682440893489482781e-01
7.678595673712714786e-01
9.325653517710636997e-01
8.107272657714660324e-01
7.292387455657488582e-01
7.546422426744131551e-01
7.644578086959340490e-01
7.795997481878241819e-01
7.548820866680177044e-01
7.411951016442592799e-01
7.555889440641825328e-01
7.067924802894532954e-01
7.453181566977268302e-01
7.611049203487942894e-01
8.747199555977325236e-01
8.433452768869390548e-01
9.386993091196259575e-01
7.309414769051106875e-01
7.572376953536608113e-01
8.345738960320345790e-01
7.264704402442355713e-01
7.669344808791596080e-01
7.102426331809305049e-01
7.120680191910432333e-01
7.275212228854753826e-01
7.664501818553787205e-01
7.698189403694443156e-01
7.059015490441901131e-01
7.203805096950772757e-01
7.512549092800265838e-01
5.857580514891098655e-01
6.656227714913883764e-01
6.517542320219623653e-01
7.109732159223791648e-01
7.389781200356161373e-01
7.776141222615212678e-01
8.023093563818101126e-01
7.863077901744658371e-01
7.505488095126944259e-01
8.309780300259903552e-01
6.684117988509800101e-01
6.785405996610593959e-01
7.653320690826477257e-01
6.911062475692241192e-01
6.723028693525572308e-01
6.726828037188087306e-01
7.631319804227075787e-01
9.278807871681298280e-01
6.189066631520694362e-01
7.234697826648147645e-01
8.459075525269060813e-01
8.049320796477186235e-01
8.044222433937278094e-01
7.025715746077331181e-01
7.086491935427274846e-01
7.049937650812541090e-01
8.334377146900051603e-01
8.082557096883009606e-01
6.963037486025613898e-01
7.444120760590268171e-01
7.490561391605853325e-01
7.818702167455137131e-01
6.587813099792581006e-01
7.591679316731261284e-01
6.622891481060184660e-01
6.883452527255109477e-01
7.373154382595524803e-01
6.901645186216431860e-01
6.774624389456217477e-01
6.600042496115970936e-01
7.284242160915119779e-01
6.644711800786894385e-01
7.264860380539573947e-01
7.076979018072502292e-01
8.423026997804965443e-01
6.707673232085159531e-01
7.536224706726976086e-01
6.643144182628848426e-01
5.896634441063742793e-01
7.687819943608724671e-01
7.885286778352461612e-01
7.668765197731884919e-01
6.846743509763656421e-01
8.333712182067124496e-01
6.858701585879233287e-01
8.338778126515262734e-01
6.192410658906635224e-01
6.843387840615853257e-01
8.051268272378286905e-01
8.335407928172414715e-01
6.301589378734030467e-01
8.684313183101292077e-01
6.354142258920481012e-01
7.162399539270666304e-01
7.833783060384378327e-01
7.870822263962666820e-01
7.008191628612058244e-01
8.029160807497776053e-01
7.337201754041322577e-01
8.491760618822538076e-01
6.202388561024181346e-01
6.539968286618971227e-01
6.607620398454882027e-01
7.199653236516094790e-01
8.818639216949401005e-01
6.883086116609761218e-01
7.593762460211260779e-01
7.609997113116290235e-01
7.689266465072041035e-01
8.169015239671684192e-01
7.957831387825752278e-01
6.911335743699303924e-01
8.769638598006692654e-01
8.769806773102107877e-01
7.047496086015850869e-01
7.639590507100267880e-01
7.520368244917512435e-01
8.290330077691032695e-01
8.684917797413469476e-01
7.143322072345500429e-01
8.513614047625694958e-01
7.206054099530844193e-01
7.603767122710313187e-01
7.800294764072628340e-01
6.594357866260004419e-01
6.683608496067258153e-01
7.534987473381680179e-01
8.173422592253213326e-01
6.026710199252870437e-01
7.679287937385613771e-01
6.577190264390148089e-01
6.266055851854746006e-01
7.735431794008260642e-01
8.526714371721081376e-01
6.901213493138407262e-01
6.098358176790543705e-01
7.114877829011040378e-01
7.451872548853643030e-01
7.593566596467719032e-01
7.922919499131905186e-01
7.713142000985643287e-01
7.249154502034269587e-01
6.713729486882062947e-01
7.617205200665057019e-01
7.453241164612365299e-01
6.801208583180096134e-01
7.999452986115652697e-01
8.090393137863806095e-01
7.650506326151307324e-01
6.365520909943289674e-01
8.211973366011551256e-01
7.891774221148794011e-01
8.328822383831043785e-01
6.621067062353246380e-01
6.570559199466604605e-01
7.935471393131657836e-01
6.899034388300215870e-01
6.533634835939172714e-01
8.615113817267123775e-01
7.948472969550826051e-01
6.731738457829000710e-01
6.203852792053196064e-01
6.890142839832105182e-01
8.479250847341228692e-01
7.483712115834759704e-01
8.256722646145808753e-01
8.002245558355287613e-01
7.189596911555703462e-01
7.497048802978695248e-01
6.618482438912892674e-01
7.853705174846576931e-01
8.092170841032313433e-01
7.539641592438788287e-01
8.384979419751804608e-01
8.427508959982012993e-01
6.219414440661505949e-01
7.884972131186328559e-01
5.994878659334053062e-01
8.041354825593066691e-01
7.655805697853196312e-01
8.701170970411656880e-01
6.626858187277289147e-01
7.228110743942190997e-01
7.156522223725758636e-01
8.531389556610036173e-01
7.547432139647557436e-01
8.105661032285507162e-01
6.187147280503675351e-01
7.142358965313699848e-01
6.371064435470118470e-01
7.171305620846859519e-01
6.732227064185359877e-01
6.629572232137582732e-01
7.214616298091229840e-01
6.189835641805420119e-01
6.070981382844822249e-01
7.282968758213702598e-01
6.911345717024820479e-01
7.967285841626635667e-01
7.423633477273740011e-01
8.700991725617469585e-01
7.669383014822414024e-01
7.914031338166657159e-01
8.036551646406926430e-01
6.182856533404148536e-01
6.844148941803900321e-01
7.460657476760950146e-01
7.132430005743159995e-01
7.622707974071817327e-01
8.479778738525058923e-01
6.641554069615500655e-01
8.808497544474730434e-01
7.704105917386246949e-01
6.981804321308717753e-01
6.888698095470491278e-01
7.885094470310910486e-01
7.164727703304233364e-01
6.693287705862592807e-01
6.673157520881202176e-01
6.690319861337937768e-01
6.386838777284753466e-01
6.050828163763000145e-01
7.688019773059426853e-01
7.223354783537795365e-01
7.358388426396198501e-01
7.812516068999290075e-01
9.135195412892095357e-01
8.068936001479328768e-01
6.747327959755006210e-01
7.291512314167319930e-01
8.888235769363286298e-01
6.795689138615252922e-01
8.456360098323908447e-01
7.407789525541628173e-01
8.204158002157688756e-01
7.009069186246877914e-01
8.035999007617894430e-01
8.097320277526365295e-01
6.880357768123198658e-01
6.752114996311392447e-01
8.552357820331552007e-01
6.445522775070835486e-01
7.277979403421500626e-01
8.891194235471364671e-01
8.542270868862027466e-01
6.560183029441795100e-01
7.024584060611571701e-01
7.704750449684132363e-01
8.437796704919403590e-01
6.871970086760071927e-01
7.841705564223737657e-01
7.734141967363699077e-01
8.472741605219504812e-01
7.002745678704545007e-01
7.685845011260488135e-01
7.620442502393707240e-01
8.788728691663172388e-01
7.636029870464573488e-01
8.407178061019092707e-01
7.432434403832772762e-01
7.811386727599426427e-01
7.796769708790016740e-01
9.282967601200432517e-01
7.246125026124680124e-01
7.157072944719431451e-01
7.608255200360393156e-01
8.074830634125638174e-01
8.853476876785350003e-01
6.939507117107728273e-01
7.701228858271519373e-01
8.737114510990768856e-01
7.291840362246592155e-01
6.807421407039345729e-01
8.300292784254034162e-01
8.516585620019541114e-01
7.512302480100834234e-01
7.764436043670827070e-01
7.826949456252018100e-01
7.311877747476369649e-01
7.609646114883161783e-01
6.756744061957671299e-01
7.149837891217081243e-01
8.295227712726219726e-01
7.148929959131764544e-01
6.486044008633206071e-01
8.998519865124710027e-01
7.689837823489139579e-01
7.720339953580602765e-01
7.707572581503723264e-01
6.558960663382229495e-01
8.092382225521561612e-01
7.104874400147490610e-01
7.692366603857726526e-01
6.710974628994716973e-01
6.225539923149786548e-01
6.625493043642115554e-01
8.781700270061059133e-01
9.042462488844764668e-01
7.953152975839226091e-01
7.792265519896846016e-01
6.742791738641513710e-01
6.859323929661557129e-01
8.072789706134206877e-01
6.834056755226333157e-01
6.440348001194622363e-01
6.158682103240110672e-01
7.631535557311438511e-01
7.990579440451844873e-01
7.459711531375089466e-01
6.834224754764891552e-01
6.983153712575602690e-01
7.611559452741591958e-01
6.807921812947731466e-01
8.322288104343912307e-01
6.659552037984555195e-01
7.441841634370635061e-01
7.978139145406245580e-01
8.955988022440107832e-01
8.547054281589885338e-01
8.365811231076875076e-01
6.104804700228745329e-01
8.643824087014398971e-01
6.725946489177155874e-01
6.872212487858485597e-01
8.080798978249275066e-01
8.602556781643527772e-01
6.501102819181363568e-01
8.094792583680823217e-01
7.883496365523098293e-01
8.039905690807533922e-01
7.125503766004049888e-01
6.384768676185280656e-01
8.356065494820370532e-01
6.402391787525205658e-01
7.361893769677126942e-01
6.940377023290326131e-01
6.889507019709437685e-01
7.345244870230678291e-01
8.620157862148438710e-01
7.985130675041582915e-01
7.278958777642151601e-01
8.369753727725550707e-01
7.258248232330407612e-01
7.514170614393079761e-01
7.044903949684602207e-01
7.285227897940763642e-01
8.399732278035908495e-01
7.019548223954337196e-01
7.255006453144385858e-01
8.738186856435412597e-01
6.945955925902140837e-01
7.582482600992351829e-01
6.422947330851307424e-01
5.920620439022175052e-01
7.100040459323119224e-01
8.004347478530200455e-01
6.700020409409559452e-01
8.146925022484143852e-01
7.605741199208576608e-01
8.190989753972821585e-01
6.629410395232731013e-01
9.272060329809026502e-01
8.379220001687274211e-01
8.787009119345216002e-01
6.386729661362212651e-01
7.870054701937728714e-01
7.867410248995450051e-01
6.551253633608224991e-01
7.876421819885023323e-01
6.908302480393867517e-01
8.273135295270934719e-01
7.335603698727383160e-01
7.996838060712438967e-01
6.391070476816470558e-01
7.112722933780040169e-01
6.507932848507529400e-01
8.036811846531667358e-01
7.125618799873124631e-01
7.457716098282706207e-01
8.071072702027308754e-01
7.136403169682664638e-01
7.276102721754906799e-01
7.342880862943154119e-01
8.311792066515381050e-01
6.753920510271351763e-01
7.906818473796187741e-01
8.568735466484888041e-01
8.288712208665891534e-01
7.123800934607555924e-01
6.391833725741566941e-01
8.989190360969876448e-01
7.647701538524653841e-01
7.639955506368220073e-01
7.172571182841466220e-01
8.389471423691633456e-01
7.520091851679513439e-01
7.790022729945274005e-01
7.986686545527003078e-01
8.871465815176587943e-01
7.039720123503673266e-01
6.788664136142410488e-01
8.478942236818073352e-01
5.881860147995577881e-01
7.640620581239196962e-01
7.020112663507259709e-01
7.671675103883154323e-01
7.595577545356797522e-01
6.919220008023003743e-01
9.149694599105575588e-01
7.917660215744836139e-01
8.409485548251020015e-01
6.603058797342603592e-01
6.017867859897739757e-01
6.465868231055451609e-01
6.677023042192287150e-01
7.173529886123856114e-01
9.447385231141660622e-01
7.282627268377482865e-01
7.297520841381781587e-01
7.591316587951635331e-01
7.670336066584845236e-01
6.829107731847313678e-01
7.697474840832874143e-01
7.333329388425591233e-01
8.494430400274741721e-01
8.103069677414845851e-01
7.126884789026256550e-01
8.249760172248914447e-01
6.740468025431365362e-01
6.793379162318370357e-01
7.574149706104650326e-01
8.288411436761413675e-01
7.484834323826551339e-01
9.149890390647028582e-01
8.711756500120141355e-01
8.647512517616312566e-01
6.143844714942371388e-01
6.324660025329160717e-01
7.283673198280911087e-01
7.078996732534165170e-01
7.745523181352281794e-01
7.236130541307197461e-01
8.092674533779498081e-01
8.259623646396653252e-01
8.878954509027783271e-01
7.502811619443713331e-01
6.581767557432987026e-01
9.027287817042179974e-01
7.370713684071501515e-01
6.827740271280197115e-01
6.668223975688458705e-01
6.936930980203899200e-01
7.441096141463751090e-01
8.533683724045098007e-01
6.495743616669367171e-01
7.811870486561259819e-01
7.478040343902996323e-01
6.618805480624131432e-01
8.950015007885476770e-01
7.707716089351595024e-01
8.331853279306185023e-01
8.307450114999700430e-01
8.401446057460270067e-01
7.723007604620055755e-01
7.207451264186501838e-01
8.009250855233386313e-01
6.451327044251461418e-01
6.847817398075581874e-01
7.988349390635752778e-01
7.423285080134895964e-01
7.593328891192313579e-01
6.691793992610779451e-01
6.950676815388978635e-01
7.569197678146136754e-01
7.817755987370038628e-01
6.650045712869881998e-01
7.682086188666790161e-01
7.621314536989852728e-01
8.355911044693934420e-01
6.896562222535921327e-01
7.592207786767056765e-01
7.127064574489857529e-01
7.996841111945932612e-01
6.976808311512009420e-01
6.672758843694066577e-01
6.172189123877745986e-01
7.736267431389625138e-01
9.040272584810978840e-01
8.163829895845443607e-01
8.165650035904196136e-01
8.420545995874444412e-01
8.281546178442468209e-01
7.764167984766842112e-01
7.958793563330502918e-01
7.749863031937543889e-01
8.028003413744188022e-01
6.177462804770662563e-01
7.359284106582381080e-01
7.386932627572828647e-01
6.960545991148233691e-01
8.164153808135897750e-01
7.688745105523429046e-01
7.911456084738914818e-01
7.914811892815549754e-01
7.760983523853771660e-01
7.570109293154111407e-01
7.718636092853284891e-01
6.991747028722525847e-01
6.070229847466409590e-01
8.701262827274471867e-01
8.017304166782434072e-01
7.661120965839275376e-01
7.690551406866692474e-01
7.156118675852374267e-01
7.200657733086792689e-01
7.340086590884029594e-01
6.492088622961887934e-01
9.045368516007510351e-01
7.410436396369313172e-01
7.394018592782093391e-01
6.670019810776787184e-01
7.497065494799709517e-01
7.215987710837188374e-01
8.546816811821186244e-01
7.276381052643691172e-01
8.836594030997416693e-01
7.992785494146482650e-01
8.072159841408587111e-01
7.667312678774629298e-01
6.907155739930121996e-01
8.310467372340736292e-01
7.215539775945568612e-01
6.986376960507062472e-01
7.140526051848635758e-01
7.573519543984741365e-01
7.369262623076060503e-01
8.380823894304638699e-01
8.683502983462231262e-01
8.254765655193342377e-01
8.014593378242035326e-01
8.393819415474174095e-01
6.892378017503999477e-01
8.529379103133765128e-01
8.179980742468336841e-01
9.234134507684239601e-01
8.691003107250131476e-01
8.218092647647315951e-01
6.907111943598159831e-01
7.742964068238297193e-01
7.708552263204648813e-01
7.590728028342050848e-01
7.579971768119933007e-01
7.923374622460694905e-01
6.225286313068802979e-01
6.900221969964210889e-01
7.761504422169235307e-01
6.389971745637376133e-01
8.478854797174241176e-01
6.693243764691131359e-01
6.074293929358475230e-01
7.747547180725892213e-01
7.492596826081469041e-01
6.752584613647082401e-01
7.779803288460639399e-01
6.326310285190449578e-01
8.120639964650836484e-01
8.168081009253058689e-01
7.161374003479059613e-01
7.201490694468776210e-01
7.566651000660209458e-01
8.372667441307636294e-01
6.492478944519692874e-01
6.575043744598886297e-01
7.561750486674314597e-01
7.862332727350259676e-01
7.106530877819193792e-01
8.209456396734255978e-01
6.407373817762029855e-01
7.577237945732188118e-01
7.463096414544002632e-01
6.001120612721739800e-01
5.720660142099064371e-01
6.736391164657140607e-01
6.143097113064788228e-01
6.553409218283128279e-01
8.532509013489907312e-01
6.300995292262763225e-01
6.098761836606710895e-01
8.416277097946758268e-01
6.528284994779084416e-01
7.701895499895369257e-01
6.634753308390325399e-01
6.691077761825626746e-01
6.813589461386105883e-01
7.903862796775827926e-01
7.680001864296496228e-01
7.806788340983676910e-01
6.661606270730420221e-01
6.993203152159380709e-01
7.388134857650447973e-01
7.171688058034072499e-01
7.547227302336061427e-01
9.228752436365007528e-01
8.320291165298770997e-01
7.860953245903303799e-01
7.466306795915239602e-01
7.066001863684645556e-01
7.379587114177094120e-01
6.951126568641271541e-01
6.757316340888619433e-01
7.675555450799483870e-01
6.199202799773635419e-01
7.434982264080071124e-01
6.866863588401777019e-01
6.604538990205260918e-01
6.719818485581717793e-01
6.505944997494227389e-01
7.982904073360337360e-01
7.926423186326094772e-01
7.643593888429337513e-01
6.894761029543976516e-01
7.069861267224039070e-01
7.133991340093575051e-01
7.109156923999654376e-01
6.368780159941175301e-01
6.186601328108057851e-01
6.923737047559309632e-01
7.266658227743735265e-01
7.468057016034812534e-01
8.955809775637155745e-01
7.378862983537511910e-01
7.170548043888219647e-01
7.645045836161851183e-01
7.254973436730079994e-01
7.327497671571175930e-01
7.128648009883845615e-01
7.513078159472188489e-01
7.330849482124960348e-01
8.100854725098589615e-01
6.652075976074116603e-01
7.831276561931044267e-01
6.124792104477559951e-01
7.407879033169469940e-01
7.672431252660936174e-01
8.426424504940329685e-01
6.738558339977998024e-01
7.773852872688833404e-01
8.022035768456816651e-01
7.211183865965493656e-01
6.831546989460939301e-01
6.767355741587398610e-01
6.793073874434367720e-01
6.859567775248670563e-01
7.160276988368324824e-01
7.270401188234049128e-01
8.254186611457533518e-01
8.464609663040426613e-01
7.956418146088508614e-01
8.488697944021778019e-01
7.962671803728129660e-01
6.331284561281057544e-01
6.834933473351043620e-01
7.411514089371334935e-01
8.224094481848659433e-01
8.000314185836987502e-01
7.344508997389717075e-01
7.127255535813860066e-01
7.693092907592765650e-01
7.426662127788435930e-01
8.012170223914261147e-01
6.381034103939273727e-01
8.300120153864544159e-01
7.455697269192933518e-01
8.699224467003149330e-01
6.928327930764655029e-01
6.535731217029822071e-01
8.690530444862144543e-01
8.476932901706261125e-01
7.588768369034720740e-01
7.008217207176109520e-01
6.994841921758105929e-01
7.477015712787129509e-01
6.583708598596719197e-01
6.938022706677120510e-01
7.161358553552696904e-01
8.230626382734115287e-01
7.556600360318694865e-01
6.885333177017580741e-01
7.870511628733971587e-01
6.777342383856326258e-01
6.723391359944601575e-01
8.310069683404169849e-01
8.103861476960456667e-01
7.727455897817699926e-01
6.523030164610842396e-01
7.256372480828428007e-01
7.391897786537564574e-01
7.371754809488269000e-01
7.672591398988837241e-01
8.071373991940207215e-01
6.884148610159607218e-01
7.721132274121791372e-01
8.224006210247194470e-01
8.498925284337482955e-01
7.963147317178413953e-01
8.201833422913000771e-01
5.719319213214009157e-01
7.655787190597099778e-01
8.384076116989465088e-01
6.608883963675623585e-01
7.432885114764308243e-01
7.764557753727101552e-01
6.988749263024900404e-01
6.892688984400709984e-01
8.025180589212129734e-01
8.481907121005028971e-01
6.621854911957296697e-01
6.921410062965286381e-01
7.389434471471781896e-01
8.168938631468398714e-01
5.935129759743480449e-01
6.838491413023356502e-01
7.110861972228560424e-01
8.513214528887401711e-01
6.827764437499767025e-01
7.873637225353629088e-01
6.166392382648759884e-01
7.375368222975526855e-01
6.650548021049770275e-01
8.933154573487223082e-01
7.195555014478569600e-01
7.973543032480533421e-01
6.517071077992157013e-01
8.242703043617679581e-01
8.131891132977483450e-01
7.091110319701583453e-01
6.935552106758625657e-01
9.034170777269366903e-01
8.519380027840253167e-01
7.953431134645039258e-01
6.245429082328830539e-01
8.767120796794461990e-01
8.386850829873971902e-01
6.592702062475147562e-01
7.134250538837411115e-01
7.247125075497923286e-01
6.011128513061060330e-01
6.207013325499248779e-01
8.260158759457216782e-01
8.399345181889351641e-01
8.796142981297422336e-01
7.347713309565081508e-01
7.199631635387446771e-01
6.660586885536928792e-01
6.422415359862215789e-01
7.655548566172637459e-01
7.566624384942842729e-01
6.769671512816558545e-01
6.878743168362454474e-01
6.478506902699961989e-01
7.171345403311509825e-01
7.107890157793957941e-01
9.019355359911492842e-01
7.071393712002657095e-01
6.165559857400075838e-01
6.996947990167043940e-01
8.102805355658869724e-01
6.918673776570284373e-01
7.661394230961404705e-01
7.138099895966396602e-01
8.138441512479910322e-01
8.042536574058332111e-01
7.942269184603963916e-01
6.476176013624163064e-01
7.369022492835594074e-01
8.569792153370370258e-01
7.958660499410729061e-01
6.573922665577014435e-01
6.711765885313871749e-01
5.654789753207059011e-01
7.429105483861164760e-01
7.024688029685507429e-01
7.185214972104286835e-01
7.197471106250125095e-01
7.339297815037445494e-01
7.488624552557887615e-01
7.722302459645924433e-01
7.801030498281378289e-01
8.167296488370131557e-01
7.895557958628073303e-01
6.464875881682758951e-01
8.791863375290230875e-01
7.790253111154453736e-01
7.711738306592617054e-01
6.676331725546059692e-01
7.499010241820224243e-01
7.345660109856595454e-01
7.197353253680969232e-01
7.984234556938462068e-01
7.320887135332040385e-01
7.397474159469085153e-01
7.941129470728371942e-01
8.123360068049551019e-01
6.098838335374435760e-01
7.895602701642737697e-01
6.881986330278950792e-01
8.562356231876002699e-01
7.107471479500838685e-01
8.997467740229171396e-01
7.727863044355194333e-01
7.660701317127535104e-01
8.452653102228467885e-01
7.585427015385109994e-01
6.936414264618803172e-01
7.239233946483268900e-01
7.758155213571925612e-01
8.242933081149097507e-01
6.525297481163465640e-01
6.757525405450816036e-01
7.845286700179313621e-01
7.101165763084964500e-01
7.493228690674231807e-01
8.938265848440086758e-01
6.558222256128014571e-01
6.529450679477182273e-01
8.677355438413705269e-01
8.856136939774821304e-01
9.237924330152834651e-01
7.027471938554027409e-01
6.375404068142142000e-01
6.262781858656581990e-01
8.423580976658775477e-01
8.556982716178681558e-01
8.528988841936357979e-01
7.549022054411501648e-01
7.067596755058130897e-01
6.254520511291338236e-01
8.005650473124563682e-01
7.146539091901359386e-01
7.206788367741866486e-01
7.498204070784160180e-01
8.661822547652251458e-01
6.919120857829630378e-01
5.973211099079128727e-01
8.265743040726575286e-01
7.858294304323401036e-01
8.273811652240546932e-01
6.813047362162147902e-01
8.016832631401635822e-01
7.947054062105166627e-01
7.824332128489115412e-01
7.667431165106258772e-01
7.727686142054610574e-01
6.821227010045798345e-01
6.508007135243157881e-01
6.245855206805767112e-01
8.487707060825605554e-01
7.116283835720766948e-01
8.559586219111836591e-01
7.111966341543504155e-01
7.341772489912571364e-01
6.264352096013803273e-01
7.067750882176231375e-01
8.195786782021977634e-01
7.370608306143775490e-01
7.313923202472294438e-01
7.669639149697844438e-01
7.989985097944428682e-01
8.165279383465300356e-01
7.107309576320253175e-01
7.461092238791602327e-01
8.402618674154019862e-01
7.013091907620355725e-01
8.041488696553767968e-01
7.333946731529125129e-01
7.814819804438742912e-01
8.549141304735606850e-01
7.383865631560977416e-01
8.446006587262809839e-01
8.306948068663395635e-01
7.730985794452827076e-01
6.646238053460353790e-01
9.036223264975786762e-01
7.035635625840631624e-01
6.986572108808858372e-01
7.747311649556395396e-01
6.036888319684221571e-01
6.894606305204697971e-01
7.627279924246628262e-01
7.842573022097329982e-01
7.255463096204356477e-01
7.904455415993254519e-01
7.639533030978332695e-01
6.688983098403233907e-01
7.242307966866367019e-01
7.157957982526330643e-01
8.244940463304870626e-01
7.464439235336685075e-01
7.589538154132962067e-01
8.099105975477235431e-01
6.236530684983514483e-01
7.094309347201468441e-01
6.583418066645314592e-01
7.339537098666533144e-01
6.203067843861795883e-01
8.115503100995572483e-01
8.337583091961036086e-01
7.891617587356121177e-01
7.701406002039652421e-01
7.054779444092260654e-01
6.889746183467889695e-01
7.540379554395929551e-01
6.153025767927410294e-01
7.061189659724945722e-01
7.031942124875674160e-01
7.123885147103545812e-01
7.560249067994362360e-01
7.226709993104311058e-01
6.553969898516482928e-01
7.508232541579317187e-01
7.994558949690745431e-01
6.913182445789355368e-01
7.496592678283368061e-01
7.524717517880060713e-01
8.083290748657089297e-01
7.410626376722019293e-01
6.152642528590823723e-01
9.352575770036660741e-01
8.329699478884636799e-01
6.850140144421353883e-01
7.548993974016673381e-01
7.981297155608776395e-01
7.556206225187459546e-01
7.521265922971162032e-01
8.216302987264670898e-01
6.653399828382549064e-01
7.872553220719108458e-01
6.096404083009746566e-01
7.983244931614987827e-01
7.010128340252623769e-01
8.505160169682429716e-01
7.450004472450977300e-01
7.324957163458796217e-01
7.979642262874573344e-01
7.979598654617534592e-01
8.376124873966802609e-01
7.197692524731120756e-01
6.616877732874497653e-01
7.907167428158415889e-01
6.212567453820235785e-01
7.658358499252507778e-01
7.198157238652502787e-01
7.006461189414898705e-01
6.883149079002998105e-01
7.328514473880898272e-01
7.625032753741212144e-01
7.267693317078753878e-01
7.892137166432074968e-01
7.260580950946724510e-01
7.267243876039033434e-01
7.068651040840348010e-01
7.676218778627177386e-01
7.486853157765149813e-01
6.783624625178166223e-01
7.137123018379554207e-01
7.052582332913833740e-01
8.362799107379578212e-01
7.404568823430959235e-01
6.728412310850290234e-01
6.908131304844751241e-01
8.439916028557040706e-01
7.286412021301454933e-01
6.621674447022805055e-01
6.476850886883945835e-01
7.222463907283890316e-01
8.635190824038807555e-01
6.910765418743154420e-01
8.029170288131620703e-01
7.906895582692886615e-01
8.315607469937935647e-01
8.036021571496075877e-01
8.429562929776310831e-01
7.171379473972422369e-01
8.279370530218205237e-01
8.514915605509393304e-01
7.913463697065256097e-01
7.423662333354746901e-01
9.005467105073637901e-01
7.047559092483058896e-01
7.637590594554639623e-01
8.172440878550946142e-01
9.076688976406360743e-01
7.222420303153948007e-01
7.546026430136522078e-01
7.752638413375807502e-01
8.079929707557673702e-01
7.822203604250328457e-01
8.727466514314677903e-01
7.686155588331793354e-01
7.599748491078218704e-01
7.901771712710018436e-01
7.570340431799212899e-01
7.075820841627927793e-01
7.702194780553338616e-01
8.591377637130414024e-01
9.023737163552298934e-01
8.286078063765042190e-01
7.868375539513841055e-01
8.345675292663524703e-01
7.293113100599525334e-01
5.975956427451966091e-01
7.403292631808018331e-01
7.860333692060209598e-01
8.168891020241502154e-01
7.941346261789902217e-01
8.107988139967965413e-01
7.378647824217878792e-01
8.026971964004083748e-01
6.914128622964885729e-01
8.606597965235809333e-01
8.170976376346777981e-01
8.502411756484925531e-01
7.727786499333382242e-01
6.480727396757905989e-01
7.289740896514205204e-01
7.382375239630487584e-01
6.624494397899930442e-01
7.463142253781419599e-01
8.443507213732647232e-01
6.255187956347767475e-01
7.222768153556330395e-01
7.658568368700041651e-01
7.321631900173992680e-01
8.637699680828171411e-01
8.438842147395736459e-01
7.221542183406249871e-01
6.269178926391437701e-01
7.634795076792498802e-01
6.837747635196970153e-01
8.778068086574929429e-01
6.929943750759404164e-01
7.762792122721708932e-01
7.273345789061934630e-01
7.560005853930842346e-01
8.080909316143801702e-01
7.816869029879429664e-01
6.160050294459786802e-01
8.252444864821152359e-01
8.141647602447167342e-01
8.071673534790102522e-01
8.232528655125698203e-01
7.797347162106176288e-01
7.263230909626642307e-01
8.024571251780535652e-01
7.662632021066072552e-01
7.912655719372683194e-01
6.546518460353283331e-01
8.627445359986655182e-01
7.576807520107613492e-01
7.549095626177523277e-01
7.760239026743189772e-01
7.409974950675400907e-01
8.058387688160160156e-01
8.167004485004706327e-01
8.735417344743905410e-01
7.477268108167123284e-01
7.316627697756898918e-01
8.140801826754390236e-01
7.053520032991654753e-01
8.202533201138603181e-01
6.584880170850964110e-01
7.270368390796111413e-01
6.654841512424640726e-01
8.542340245602195736e-01
6.624046451011781356e-01
7.702996675081436040e-01
8.084067570565005578e-01
7.064170189891434415e-01
6.472361434815661063e-01
7.927725615034947326e-01
8.060889002155063876e-01
7.402438319641188036e-01
7.144556465812792467e-01
7.275757688658002209e-01
6.874218407303308576e-01
8.820193428768382526e-01
8.705390772270995559e-01
7.631422977883882686e-01
5.950222992284492918e-01
8.031087291959669860e-01
6.562454030811819550e-01
7.015021417843955165e-01
6.904765662468048681e-01
8.228955198521142878e-01
7.434065989331740676e-01
6.878016262032533579e-01
6.893103236134792144e-01
7.781538818288459280e-01
6.612165914601987327e-01
6.850794719225927754e-01
7.880505673875920492e-01
8.351869956660572525e-01
6.895559164138402863e-01
7.784399394490401081e-01
6.737604457605330666e-01
6.372464901402514759e-01
7.983686011045290076e-01
8.119578702820811067e-01
7.544114878500074450e-01
9.274309749839523276e-01
7.735457134607586216e-01
8.202445900426860170e-01
6.172150040469968069e-01
6.856181915177960162e-01
6.641356900529294949e-01
6.634300675974444950e-01
7.132162325768404143e-01
6.063567399045107775e-01
7.233609587560965171e-01
7.655265544062230809e-01
7.234049302414223837e-01
7.568637876081769633e-01
7.857346502410366140e-01
6.961664777293686823e-01
8.359517117659637231e-01
8.271685987988183220e-01
6.902080924107613091e-01
8.593904813535361287e-01
8.291386009463405093e-01
7.053653468174565511e-01
7.730720146439312712e-01
8.016617104708276820e-01
6.010029524306985671e-01
6.581357639577467555e-01
8.402657971808678017e-01
8.103663162561031141e-01
6.991963402533859506e-01
7.798938163853069705e-01
8.201364954749702507e-01
6.269761710770174190e-01
6.564496563960522391e-01
6.377580442962277329e-01
7.232597638831855802e-01
6.440509493225837767e-01
8.212213543719140141e-01
8.017303361542218454e-01
6.678507331087861765e-01
7.715431694281693620e-01
8.714591490777602312e-01
6.046319967760861447e-01
7.131248410358180800e-01
7.426792480593255030e-01
8.721424764739210689e-01
8.863489107531684619e-01
7.609182240994841750e-01
7.124819553103711733e-01
7.437194917946665651e-01
6.992251468408596793e-01
7.439661412238053328e-01
8.630410068694353010e-01
6.810994955558679065e-01
8.433176847991533664e-01
7.642911000904374363e-01
5.879208268297305695e-01
6.425648010979672087e-01
8.067426697001961466e-01
7.209570340226314489e-01
7.140151542241075511e-01
5.778495175903943792e-01
7.364234539726479678e-01
7.600337748017026440e-01
6.044331901861106360e-01
8.123138387867827603e-01
7.608105346519589141e-01
7.603710308023330366e-01
7.300702990722488517e-01
6.517829416121179165e-01
7.158838427745640720e-01
6.961337711418619234e-01
7.293380780167857402e-01
7.879088121746248286e-01
7.931132882589144728e-01
6.645728507758030812e-01
7.878023567215510781e-01
6.011868136070911417e-01
7.012309049359332080e-01
7.931590565081928501e-01
6.706541301884509920e-01
7.862084483023742409e-01
6.707661802555330288e-01
7.805729434926553800e-01
6.988023069076262361e-01
7.380073302970483473e-01
7.710308309665160342e-01
7.041060453144653009e-01
7.657803831040975728e-01
6.880709085856272500e-01
7.545680459374657367e-01
8.002654853953360403e-01
7.541319593123729792e-01
7.982816507034312670e-01
7.116481355748444093e-01
6.394051775840986496e-01
8.947545105005384469e-01
8.604655149164947003e-01
9.036046011847587156e-01
8.428966450962530610e-01
7.448960413548317838e-01
8.102002347665266946e-01
7.862829504847359541e-01
7.154401675811259409e-01
6.892046171212864447e-01
6.608298695656344979e-01
7.343892913248122323e-01
7.727946763153045184e-01
7.184179672236595815e-01
7.210998298703245046e-01
7.331047838795191618e-01
7.022070004005390720e-01
8.965766690604208833e-01
7.601147213494834354e-01
6.798304604254289396e-01
6.938691929131606262e-01
7.336808458357789720e-01
8.529041525138350011e-01
6.686397459543124144e-01
8.685303529601891004e-01
7.157553650226464725e-01
6.174867470016717208e-01
9.137531773443728911e-01
8.915691955509076339e-01
7.242772016899368115e-01
7.551014997249811955e-01
6.647352187487093333e-01
7.200188259481172803e-01
7.889801954002028106e-01
8.280858536004752635e-01
7.687748390817937816e-01
6.629019664177084881e-01
8.741921796411729062e-01
7.102269242430835350e-01
6.406585508647252292e-01
8.197734745093415709e-01
7.150614491202833545e-01
6.488814971395752140e-01
7.968782912258578488e-01
6.769511106354288987e-01
6.371311100645701275e-01
6.838230226359266473e-01
6.281543522625876452e-01
7.810366942661671752e-01
7.235435514874605234e-01
8.483663704995823007e-01
7.557240828521795128e-01
7.984634029961117374e-01
6.758955922790044202e-01
8.016604604739085982e-01
7.744698132906083776e-01
8.271247476174918845e-01
7.883325434358615658e-01
7.322884983494075684e-01
7.226985780516972380e-01
7.448258030846450772e-01
8.173161135854448700e-01
6.653338322866381160e-01
8.939746868516081912e-01
6.712016100550644015e-01
7.521776625828535678e-01
8.147036328083663292e-01
7.330768174680664107e-01
6.787258371586327721e-01
7.630000782785749669e-01
8.050547902917623011e-01
7.406134887611233175e-01
7.128149414007739493e-01
6.778095883410597544e-01
7.561368283005974744e-01
6.881607788702616135e-01
7.197195182199100927e-01
5.776553061518129306e-01
8.090808323045127759e-01
6.630656027805453823e-01
8.000672657165140977e-01
7.237060545924267618e-01
8.304076449837963780e-01
6.750465393582639750e-01
8.007622590332077461e-01
8.507145259880386501e-01
8.664896174670156936e-01
8.684971332806601385e-01
6.342564891223497758e-01
7.448930646560505409e-01
8.016669108222304052e-01
8.436383833266380972e-01
6.359667643953420546e-01
8.271915856434164382e-01
8.358232141929299308e-01
6.854567811602370053e-01
6.928624648822494514e-01
6.427323928328390057e-01
6.722496806761313337e-01
6.481259570124684455e-01
6.494024925117761748e-01
7.239124054610971415e-01
8.964867621687105936e-01
5.758626764800508502e-01
5.770943617001775827e-01
6.700302911888439406e-01
8.122473504823896073e-01
6.346087040840885374e-01
8.944869967698542146e-01
8.486395673729252298e-01
7.381464886077688803e-01
7.421598757864981133e-01
7.540822598162842949e-01
6.374295122484699982e-01
6.540491911142752857e-01
7.684619044148659484e-01
8.153328060012510203e-01
7.250079521264953808e-01
8.389955506631996407e-01
6.069693709588430686e-01
7.244456003406909428e-01
7.813451774578727971e-01
6.433115915019628206e-01
6.269904354875404096e-01
8.539693033438156000e-01
8.181756676575031584e-01
7.702877706663153745e-01
7.431575387461191173e-01
7.778006307059166513e-01
8.505362411486556695e-01
7.689342559654021025e-01
7.433981139066149213e-01
6.915052176950410301e-01
6.316188687053136963e-01
9.013891769037880586e-01
6.165158801968841917e-01
8.505314411850714018e-01
6.816955942089371057e-01
6.063229546733400754e-01
7.802988763151655904e-01
7.465444833112117040e-01
7.759909611879698410e-01
8.546825837377891588e-01
7.060231416065537724e-01
7.538080979411649896e-01
6.225873804362633823e-01
8.098657241776642257e-01
6.896534244048603268e-01
6.962872524952848918e-01
7.996503466501507784e-01
8.347604221983045969e-01
7.278962382408263876e-01
7.403650587724338594e-01
8.155922970928511928e-01
6.513614601801962500e-01
5.893577337103159675e-01
6.341573365470259960e-01
9.332895355759990297e-01
7.743057178179055811e-01
7.846513966937429529e-01
8.105285138440647685e-01
6.154946091854684997e-01
7.305942979642776614e-01
7.543263930636792125e-01
7.434634114371625468e-01
7.514050422245692751e-01
7.541214056566361013e-01
8.434133777383699959e-01
6.489496278528915640e-01
8.407767307241590382e-01
8.036192961241273025e-01
7.365576193541663041e-01
7.722423340418087534e-01
7.757115071568804199e-01
6.512485460405955662e-01
8.721538922508681457e-01
7.103040481969976616e-01
6.162922105692238972e-01
8.036698629401841654e-01
7.710929360291308710e-01
7.641537349982268079e-01
6.575243222872990678e-01
5.803606158242112789e-01
7.900513213796672707e-01
6.591288816037660370e-01
8.672524106566698032e-01
7.795809693677683283e-01
8.599796235458453397e-01
7.187300830494902648e-01
6.669161034042961900e-01
6.944765993906969470e-01
8.025407239065529552e-01
6.675945302421208982e-01
6.800636018472265842e-01
6.500766457900912787e-01
7.955152421942451868e-01
8.447458356652037814e-01
7.138993311122610042e-01
8.526822723700603346e-01
7.076359128022445821e-01
8.049006637626544558e-01
9.112825283019303502e-01
7.151336092604571038e-01
7.197019005899948363e-01
7.489194795262335003e-01
8.752805119979049087e-01
6.597652723462335000e-01
6.116623729125650888e-01
7.752700029277855842e-01
7.394545587858286639e-01
8.659636506270170786e-01
7.500366507332032473e-01
7.280700864589947363e-01
7.679034767588657218e-01
7.681697727278337107e-01
7.527972217826819357e-01
9.080103393973706360e-01
7.734724993602998255e-01
6.975850051420430242e-01
7.798315449230398544e-01
6.676852063057231446e-01
7.832691883083116036e-01
7.249621966638676307e-01
6.672663883131056961e-01
8.358745780639980083e-01
7.047934432769429325e-01
7.404061723938016870e-01
9.053478996386287170e-01
7.251670983615944310e-01
7.181215748462724813e-01
6.675161618653001616e-01
7.928078873288445516e-01
6.981671257083393867e-01
8.612047615797140399e-01
8.269399936981954857e-01
6.490821759462037654e-01
7.357490129607167084e-01
6.301758174910383481e-01
7.283208432133436716e-01
8.562796907268618307e-01
6.470374553189282008e-01
8.060409844804282686e-01
6.467324124287511244e-01
7.644731212348150340e-01
6.601864108636332773e-01
7.521354953831277390e-01
7.163822632102092580e-01
8.411419483896783733e-01
8.853670593229834296e-01
8.222431072322955448e-01
8.132732851918234029e-01
7.070284259958581341e-01
7.925829469255688542e-01
6.820569579912614255e-01
7.887277660371260213e-01
7.258950448350232065e-01
9.303170491196428582e-01
6.893310577222380164e-01
6.893966084995863941e-01
7.543757456743277467e-01
8.229404540594655870e-01
8.165264962670454318e-01
7.700536491313262344e-01
8.066050304803574766e-01
8.374598477130880125e-01
7.459685115132632660e-01
6.993256615861239700e-01
7.607355248063745190e-01
8.567605165692574465e-01
7.665523599995874848e-01
6.825222003262914061e-01
8.129381600449108181e-01
6.845961601646660677e-01
7.707970430682522522e-01
6.940808483457716616e-01
6.475666115706739667e-01
6.276935287802083430e-01
6.563228702155111671e-01
7.812034190615431140e-01
7.397970709795151922e-01
7.026441074132129261e-01
7.369665298536581810e-01
7.568227166083504320e-01
8.623753222510288641e-01
8.102240108237117600e-01
8.584693365907932749e-01
6.368400388284565228e-01
8.433585247716133271e-01
8.043134732911123574e-01
8.244232388836962855e-01
7.364396230960718048e-01
7.552245869460456618e-01
8.418216577326151917e-01
7.408088211039267623e-01
7.549724710641857461e-01
7.466393977858384323e-01
7.597107337806110472e-01
6.527807958595964744e-01
8.647631218181800472e-01
7.679586786686567468e-01
7.277852229427111963e-01
7.680392142370046082e-01
7.850325102671831257e-01
7.074791224254857180e-01
7.576663791925690727e-01
8.307156287645405257e-01
7.511234940357541801e-01
9.021024507814464632e-01
6.996460211517900873e-01
7.712683253221574997e-01
8.189837597540704506e-01
7.297859567141241621e-01
7.971926763398694549e-01
7.639079473566400269e-01
7.828942258049745861e-01
6.632714647180654177e-01
8.672923250755468771e-01
6.334171763163791713e-01
7.603000236554235958e-01
7.009416042657251600e-01
7.809164114686172331e-01
6.899864517375324802e-01
7.482719516534230841e-01
8.161963121629481899e-01
8.330544438451041867e-01
6.160057978513030497e-01
6.043493205623220454e-01
7.025255488822906846e-01
7.541090746452632221e-01
6.548535394428581791e-01
7.054300296566532458e-01
6.466420902821897743e-01
8.274257812039164106e-01
7.252520737314042121e-01
6.597134222115930147e-01
7.440971101240373420e-01
8.238296354256504639e-01
8.879972866762079198e-01
7.183613457931302682e-01
8.231227636745740428e-01
6.987723788167261585e-01
7.526913164504103193e-01
6.517567200484136736e-01
7.721438616150542167e-01
5.956871900886084870e-01
8.073804595025191322e-01
7.178257886384593611e-01
7.915510845688575881e-01
6.505919251984103591e-01
8.915950728780479562e-01
8.386451741736686838e-01
7.647616541050429317e-01
7.459580432150875184e-01
7.169227523205158326e-01
6.372686577755767301e-01
7.950012852789828388e-01
7.891938686137826009e-01
7.722275397437402544e-01
7.990960190686873243e-01
7.531786988254458581e-01
7.711461075767267470e-01
8.752468440861649324e-01
7.664485109569003640e-01
6.809778884997331749e-01
7.886256241070465078e-01
8.817662475484601137e-01
7.297830575295987110e-01
8.032403563093386545e-01
7.066817095710575813e-01
7.249554508035347400e-01
8.035423897856608377e-01
7.367211969127961391e-01
7.063670480073838132e-01
6.950809631018229906e-01
8.441405044866625573e-01
8.354628213620393096e-01
8.206416029518206479e-01
8.134078113199344484e-01
7.301845040472029202e-01
6.686213310740241056e-01
6.958396520769021265e-01
7.947579449188137968e-01
8.421215321020268929e-01
6.549637070304344943e-01
6.867069177339453212e-01
7.683912471500183861e-01
7.551406614448130661e-01
6.650661248558186189e-01
6.992931392919580214e-01
8.891740818955126135e-01
7.332611055952411583e-01
6.110060751386798827e-01
7.034673969287128514e-01
6.887510439021538033e-01
7.903856827915720640e-01
8.085555306625236138e-01
7.762945830176503081e-01
7.792267259922279754e-01
7.396909900368113799e-01
6.955130855226296926e-01
7.639728681274362554e-01
7.298237140634444842e-01
9.171585936189098343e-01
7.315569196288734810e-01
6.667920254634865929e-01
7.109706246185514278e-01
6.323432333779399617e-01
7.546649605077285772e-01
6.798091548026619080e-01
8.733170627880234571e-01
7.537114601505690015e-01
7.159186025547106258e-01
7.647548542205806488e-01
6.283725639004927865e-01
7.830943450617692259e-01
8.210229856049900965e-01
6.325468919820063096e-01
6.889661468288783563e-01
8.122823292474395940e-01
7.676013767959466438e-01
8.247656944435788340e-01
7.163728672774311024e-01
5.979583106175396789e-01
7.867544632133046667e-01
5.902832221352353193e-01
7.906067141507087115e-01
8.437080856405748674e-01
8.186669547777952749e-01
8.922407577602252671e-01
7.333099344037369294e-01
6.480959686003043840e-01
7.768326049580714932e-01
8.298348325783942991e-01
6.778882747538176323e-01
7.382449887163982094e-01
7.706881238622670383e-01
8.051742325574341441e-01
6.856070931352156173e-01
7.619847054210383552e-01
8.411287288215449909e-01
8.009064555986943335e-01
7.650910492468595558e-01
7.647040927554634715e-01
9.286340672114377082e-01
6.656750249740760461e-01
7.902161211532839902e-01
7.596460017794147701e-01
7.708055902649643132e-01
7.019807014350238905e-01
7.703240378714243386e-01
8.956448820131427402e-01
7.310446892945012820e-01
7.955389574978727341e-01
6.538211328986213156e-01
6.787289661915149042e-01
7.616523912713529798e-01
7.339156460616288458e-01
7.280223888518748687e-01
7.367641045725822346e-01
7.096671140130522693e-01
6.814086072495515456e-01
8.523251614710647406e-01
7.162631074705899659e-01
6.647673161247312779e-01
8.408371471508803152e-01
7.491100922813087593e-01
7.918412789568969323e-01
7.753923268470092056e-01
7.511928188548725460e-01
8.819282959180971826e-01
8.014446065011754383e-01
7.146947383108657181e-01
7.133849770319596884e-01
8.377338578772464128e-01
6.787410884983290371e-01
7.825325337413736593e-01
7.300536070755514473e-01
6.438379517922402373e-01
8.157156233954262481e-01
7.366044702518237397e-01
8.131407744659765457e-01
8.462903037866780220e-01
9.028814498213110218e-01
7.271417444131375030e-01
8.075350290822371768e-01
7.187665816037365207e-01
8.124124615937816651e-01
6.213621390951170609e-01
7.724937022311582080e-01
7.529815801503789707e-01
6.713108661346917083e-01
7.021129824892589077e-01
7.387720382096747418e-01
5.874474671121477920e-01
8.351347498566245031e-01
7.113088881567452004e-01
8.263259934776751026e-01
7.693495287326830301e-01
7.514418671893382529e-01
7.607120956201547379e-01
7.916582246010291923e-01
7.300303693926805115e-01
7.595480101780766047e-01
6.829453614176075327e-01
6.176345590999747781e-01
8.270703963286430982e-01
8.846327616056027798e-01
7.295153568297446656e-01
7.123047418581294199e-01
7.680660803874248543e-01
7.768151407039036727e-01
8.211719963522702281e-01
7.057425018511045423e-01
7.502948729270187966e-01
7.024598836144435587e-01
7.071335716118061221e-01
6.031082742774444005e-01
8.816625626488993062e-01
6.665323710784263334e-01
7.142579244108565595e-01
7.047992457960207124e-01
7.072778298862056889e-01
7.596786208953907327e-01
8.117705822059950727e-01
6.957019133832675895e-01
8.034678142447478910e-01
7.423521079276242940e-01
7.095050098679976935e-01
8.719826677264538306e-01
6.735751836939617432e-01
6.661452561847283071e-01
6.668166182108161699e-01
6.432282905474880907e-01
8.654193445779823080e-01
7.171246755053587441e-01
7.893096482734900388e-01
8.670474265340467612e-01
7.164041938270293564e-01
6.881526233434168693e-01
7.140301499630630211e-01
7.484316881967773005e-01
6.946571148243364524e-01
6.955079405644846169e-01
8.397417142532220824e-01
8.575715631864033739e-01
7.925460877632147794e-01
7.974633431617405011e-01
7.578217683162750129e-01
8.046374047993459788e-01
7.384308045609130344e-01
6.760593189828199012e-01
7.359976553352283180e-01
6.682947581251159619e-01
7.321499755419732525e-01
8.291222847200041546e-01
8.482718306152861043e-01
8.928483337652555196e-01
8.045396087378873240e-01
8.233709722803812525e-01
8.680473833331953104e-01
6.860995447709867801e-01
7.548459586090440210e-01
8.856834922983477520e-01
7.419255068487187188e-01
7.982944959391434780e-01
8.283478436457953897e-01
7.761346153102065548e-01
6.322127555211368710e-01
6.519582757573130216e-01
7.491765038573726665e-01
7.593998350676359754e-01
6.720947058421018472e-01
8.252993313232733774e-01
6.571543054517693383e-01
6.437888617070741670e-01
7.430984267836612256e-01
8.786466403707617889e-01
7.932650190216342656e-01
8.549860971462880377e-01
6.853021988499579109e-01
6.815493586034955253e-01
8.524150274731525645e-01
7.508444548318200518e-01
7.967022653255484421e-01
6.796005374487218420e-01
7.704604520208319096e-01
7.877087850496020671e-01
6.615393977052187457e-01
7.904831174813319317e-01
6.705278905694596059e-01
8.099290272800586665e-01
6.003792585607941046e-01
7.127387106357740976e-01
5.773856083787000104e-01
8.613664287868921798e-01
7.250669106812664966e-01
5.792203859788996878e-01
8.059527984987205906e-01
7.204716980678519400e-01
8.422297460471456221e-01
7.227561429913453850e-01
8.522926152456024029e-01
7.245775960390515857e-01
8.989624638642097487e-01
6.998458592299581227e-01
8.407237455116118863e-01
7.121113626128968699e-01
8.093779789611924569e-01
8.122991116507601861e-01
8.895874318845437001e-01
7.384395809425603474e-01
7.721215824464987554e-01
7.638933208158759092e-01
7.680531447467824346e-01
7.758791406855256589e-01
7.523218580317233561e-01
7.873551981670711131e-01
7.026465827273050690e-01
6.974506127584504389e-01
6.319187128545084020e-01
7.367877351745382164e-01
8.047354572387999117e-01
6.000639500512769953e-01
8.543017343391343665e-01
7.309610755923859893e-01
7.865493320718057735e-01
8.075565686848329428e-01
8.386688121123717643e-01
6.946287155897920007e-01
7.735478005250021605e-01
8.329386593778796977e-01
7.309193815549897000e-01
6.130102018806774522e-01
7.932466486237078618e-01
7.286295924097893062e-01
7.844180196718610887e-01
7.672352153785811923e-01
7.277192991998253646e-01
8.173684952625982492e-01
6.610538901822567981e-01
7.700958069527331640e-01
7.034532223912948190e-01
7.974826136802061205e-01
6.949091473461289636e-01
8.292806481770060856e-01
6.985824281319986673e-01
8.851710543767739026e-01
7.311639863918018012e-01
7.077299843117985656e-01
6.922976339934459045e-01
7.044071797375753841e-01
7.802532841090755733e-01
7.260288810108855850e-01
7.159764311534565495e-01
7.938573354979544527e-01
7.678329359531456122e-01
7.396912147268095428e-01
8.043445605917288743e-01
7.469274039901688811e-01
7.548662758743058809e-01
7.460066398603438786e-01
6.609384970280118843e-01
6.319474323375667835e-01
6.639312775718008153e-01
8.519482814111301039e-01
8.816034861218188246e-01
9.059274984042767764e-01
7.065639247131677569e-01
8.191529321338252290e-01
9.164865163685717020e-01
6.214367638112892056e-01
7.458112013068214363e-01
6.770545436196213629e-01
9.056615650722299460e-01
9.243651000770242154e-01
7.522193369620632231e-01
7.251167881283915317e-01
6.673614258653891573e-01
6.780695125512850030e-01
7.757848898846075869e-01
7.042345361888480149e-01
7.649178504438890469e-01
6.827828605405137363e-01
7.691557143932715723e-01
9.427657012524507385e-01
6.643785025809774147e-01
6.980664056869019252e-01
7.460755161231685806e-01
8.093609128136124431e-01
7.039227678639217167e-01
7.011752668828904467e-01
7.203050059410113226e-01
7.435538914102209906e-01
8.111653288137473661e-01
6.837376903477678791e-01
7.863116835678238825e-01
7.605189288524538682e-01
7.452383895074429221e-01
8.502202130140864567e-01
8.094013811924221091e-01
8.657284291817146649e-01
6.604079123145093488e-01
7.257784394185387011e-01
8.489198358011396106e-01
6.556785865538631297e-01
7.659777461346520822e-01
8.027371872426315447e-01
7.014828542561404312e-01
6.378367851903756769e-01
7.989913882805562695e-01
7.844193057329421626e-01
6.129782528347585968e-01
8.106821483048994859e-01
8.236994603755990463e-01
6.880779277089826840e-01
8.494259820695005958e-01
7.545538664137663165e-01
7.584910674346582171e-01
8.699095307418158729e-01
6.461529891309776286e-01
7.092172559143735677e-01
8.103108787788437795e-01
7.837672466098585256e-01
7.047426014536334327e-01
7.558035540708401001e-01
8.015999615243732945e-01
7.212461709947560751e-01
7.485193687766990012e-01
5.897416128788373069e-01
7.668052487733472145e-01
6.504974844320342564e-01
7.874337510788427252e-01
8.506750146679592506e-01
8.559224005133815316e-01
7.557422595978345869e-01
7.280708517810265956e-01
7.529795208501743886e-01
7.424835129712725745e-01
7.766502082543929042e-01
6.093185990631141413e-01
7.354788332014892127e-01
5.642658558124942214e-01
7.885468064427261226e-01
7.764717745195828247e-01
5.855773343887551441e-01
7.409843662567451306e-01
5.864579311746072054e-01
7.913433557789811834e-01
7.649376122210467255e-01
7.976019362566372228e-01
7.823894084002583904e-01
7.620834958842693796e-01
6.622541449387236989e-01
7.823675480340518407e-01
7.556172484809685619e-01
7.407775529944549131e-01
8.514828404750770519e-01
7.754282436577886184e-01
7.719864227851593874e-01
8.412086229280842931e-01
7.561181991997881768e-01
7.649799398899252978e-01
6.721157251128065946e-01
6.333503857832958328e-01
8.327486657920170066e-01
7.664267543288025841e-01
7.118998487301664291e-01
8.024736512714139014e-01
7.226389628645404350e-01
8.237930614663482309e-01
7.230381510442953630e-01
7.358792184906396416e-01
6.641824802433978769e-01
7.170651698216796710e-01
6.861637453278864873e-01
7.368966561815671890e-01
7.664307251915538632e-01
7.478569744555281229e-01
7.292921045330074126e-01
8.635351924081575703e-01
8.521463800906659003e-01
6.035205670753656104e-01
6.940519344751601150e-01
5.842520728812309327e-01
7.888092892570136572e-01
9.241110744491909390e-01
8.218794218604301705e-01
7.363634607016296130e-01
8.135580822595038786e-01
9.167791657717515585e-01
6.582090511955727141e-01
8.047796658218496768e-01
6.046083515750961812e-01
7.285353248539135906e-01
6.977560045004681522e-01
7.457918371559950632e-01
7.323210765453329607e-01
9.157063114725639830e-01
7.570783619143299781e-01
7.585038414164607667e-01
7.150995041420757925e-01
7.237648067837597621e-01
8.471127052502835930e-01
7.214493158170653953e-01
6.305330230138130876e-01
7.847751931194093533e-01
7.930566074452184422e-01
7.722784757337530781e-01
7.888213438721870530e-01
6.659148575997401176e-01
7.273630837833811036e-01
8.657922726803592983e-01
6.919701162852162080e-01
7.764741981994658371e-01
7.154442386607928750e-01
8.622454728375090749e-01
7.827871367610330644e-01
8.879172400900759987e-01
6.979785374929351471e-01
6.171304847986063269e-01
6.959766493138498378e-01
6.163916487609055750e-01
8.137698795426645537e-01
8.686956287427533008e-01
6.425410925386808580e-01
7.824102037148112920e-01
8.487102426165120672e-01
7.833171743741728088e-01
6.486158882757421251e-01
6.743679689549063605e-01
6.852849993098014680e-01
6.556380567460046160e-01
8.369619456198003071e-01
6.722236125485112623e-01
7.054308815088365936e-01
6.400037746419851015e-01
9.379822971253527486e-01
8.585083787381847520e-01
8.934198243498003844e-01
6.792825307249462652e-01
8.110368558335860900e-01
6.539935294404263244e-01
7.015087721300456991e-01
7.663315823059465570e-01
7.482914399751092738e-01
7.297056517328862624e-01
6.786691229139159010e-01
7.412585563465465821e-01
7.325364130396911921e-01
8.309959835603312195e-01
8.434972087281220610e-01
7.093776003415931397e-01
7.455685458111838138e-01
8.000904469402240204e-01
6.995101981380463796e-01
9.055543796173642912e-01
7.882089671945126108e-01
7.678909358676149211e-01
8.318285866893427860e-01
7.475608747122957087e-01
8.195277624683496853e-01
7.081039880073204396e-01
7.195961229097441736e-01
8.503086782843651825e-01
7.424451895155985692e-01
5.816000592594651186e-01
6.339579437205593582e-01
5.677367964031034830e-01
6.998775641122009228e-01
6.541996226382786883e-01
7.367504041823520478e-01
8.422509769516097755e-01
7.321395806659019012e-01
8.709782711566099733e-01
8.066995357358703878e-01
7.071134627940387496e-01
8.742108045172143349e-01
5.924911493100216697e-01
8.258760670096265688e-01
7.968362941400674027e-01
6.529787049934974164e-01
8.120902769698853385e-01
6.821727790123827129e-01
6.420056966802079046e-01
8.256717785877000226e-01
7.480360606427779446e-01
7.799427172422727095e-01
7.727004780040728216e-01
8.076088813601068894e-01
6.961922939470694960e-01
7.571148348276295348e-01
7.636425783719414939e-01
6.812109760779788692e-01
6.977890471505648895e-01
7.288352895899895545e-01
8.617974130120688026e-01
7.815195491611882650e-01
5.913476676670668120e-01
7.422122481299442409e-01
9.070138844788081522e-01
7.241444130175922478e-01
7.143138213401486469e-01
7.273287623178681383e-01
7.396411760058028140e-01
8.441475937606592872e-01
6.614677063220730791e-01
7.999642771680192110e-01
6.298632610248399155e-01
7.465456797766617525e-01
7.013173924774470658e-01
6.792730296190164774e-01
8.085544040868503091e-01
8.080430990935775215e-01
7.800160051266797900e-01
7.381051489544870892e-01
7.371573802139748111e-01
7.530218448507758344e-01
6.366593584732451738e-01
7.772338041315858259e-01
7.253320457873787541e-01
6.547112222796964698e-01
6.886180513840833850e-01
6.702971753104929320e-01
8.074318491069000236e-01
8.212721939187225262e-01
6.877576976527570718e-01
7.125583518417785145e-01
7.567809755845912312e-01
8.197033916620377614e-01
8.016586361874823430e-01
7.164291722431060938e-01
6.870850487931809969e-01
6.983623479459590833e-01
6.922387749880382080e-01
6.111185782400782029e-01
8.725172267814584881e-01
8.361054116037237582e-01
9.026645585288106677e-01
7.460299489885070523e-01
8.857305289098207357e-01
6.903683915694796003e-01
6.462905265838178037e-01
7.143999896934305482e-01
7.554566614124573753e-01
6.429054685449617779e-01
7.963880326519455766e-01
8.071311644874682445e-01
6.967801422946588996e-01
6.771404943039101010e-01
8.660257074902300012e-01
7.936180076276504458e-01
7.481489041866586920e-01
7.756356407213624848e-01
7.754904201414828391e-01
6.935494307013841953e-01
7.809369430994584915e-01
8.552989514238840130e-01
8.379506038016478753e-01
8.003565390609442831e-01
7.590760131155473989e-01
8.018075122993330028e-01
7.478999773595965683e-01
7.864318605684732510e-01
8.134481358395289075e-01
7.201199853780665405e-01
7.770353728652903413e-01
6.885107082772227161e-01
7.576005306781544713e-01
7.695504726354356340e-01
7.691051621280772244e-01
7.928388568038663431e-01
8.827708084224585861e-01
6.965498523135934539e-01
8.771547094068031791e-01
7.721245567029390022e-01
8.549600750382776448e-01
8.243787341944001090e-01
8.754240035616873694e-01
8.508625597100952787e-01
7.591890655259517784e-01
7.409088025987932147e-01
6.936918232337108137e-01
6.634831519687087731e-01
7.190711230851817293e-01
7.303013197809131718e-01
6.761983879746835679e-01
8.433448736664478362e-01
6.442202002199520772e-01
8.404032772883004432e-01
8.320107083098023937e-01
8.377429193870438162e-01
7.807552484106893287e-01
7.325606571113918442e-01
6.496546121264764606e-01
7.328156767380307191e-01
7.995469604676822550e-01
7.951837629742929403e-01
7.688155254213339118e-01
8.488325488051067236e-01
7.434348919200262085e-01
8.331050157858754801e-01
8.455891518630914705e-01
7.728935914036483279e-01
7.554027113299117691e-01
7.482196129206406532e-01
8.381355501586419399e-01
8.788504000526028426e-01
9.043303365669523863e-01
6.020438927070397295e-01
8.819854415506592771e-01
5.733590919697196808e-01
7.756920310514789918e-01
9.021749947479175136e-01
7.394716784229482531e-01
8.751721401010454926e-01
8.477240250847455361e-01
7.244834003383718857e-01
7.597910910059124667e-01
7.589801649162156716e-01
7.866912760066263610e-01
6.567033938366755308e-01
7.093231469112312171e-01
6.740277465306436788e-01
6.032703141628928956e-01
8.010404194079153717e-01
6.425248486141483806e-01
9.049633868586586249e-01
7.443274256715277648e-01
8.140677077295992436e-01
7.197487536927804630e-01
9.125396512828810591e-01
8.051922689371426856e-01
6.010415749298820831e-01
8.726327668381942404e-01
8.832428453422259684e-01
7.933448149882834644e-01
7.569728274029787762e-01
6.810724401612775480e-01
6.836710617835856096e-01
8.402064446200945280e-01
6.852163874733815385e-01
7.293003703888523148e-01
7.125770104432741503e-01
7.625647470631825575e-01
7.113731175100730386e-01
7.819984005653537462e-01
7.668610351172280293e-01
8.133948395626914296e-01
7.169672651893004289e-01
6.388005753354782934e-01
6.679924266579512215e-01
7.790427130341225359e-01
7.121000473397322006e-01
8.600886888774674777e-01
8.533147135762705338e-01
8.178050983993340184e-01
8.018255088520118701e-01
7.963178877075675066e-01
7.301690273797571962e-01
7.303288275810755348e-01
9.257881713848999938e-01
8.459325060789197881e-01
9.409290160414316428e-01
8.827936467821405619e-01
8.190521238936253612e-01
6.762111887100684671e-01
7.032982301341289544e-01
8.297882118323918199e-01
7.768824208776100582e-01
7.917323503190877299e-01
8.455489994765157391e-01
8.358026918297734031e-01
6.666037970332173712e-01
8.065879821079330325e-01
7.993354054023285027e-01
6.791320505160474141e-01
7.334782330886147061e-01
6.343067231378303195e-01
7.779812546149339481e-01
6.680364205372146813e-01
8.312958157319397801e-01
8.432017681706217571e-01
6.100696770976478112e-01
7.553170766334669217e-01
6.767905176281358015e-01
7.471113216032719828e-01
6.226833580531582202e-01
6.861284501352826748e-01
8.192003644779504157e-01
7.310870221028024085e-01
6.007370170805833576e-01
7.650569044550868947e-01
7.243393128938734327e-01
7.684265987350118454e-01
8.532906230433755512e-01
7.179228301791741318e-01
7.845835661581187503e-01
7.453495752751208014e-01
8.395145020391316937e-01
7.158885010056791343e-01
5.919521972641084151e-01
7.552446208803825778e-01
9.030165126446956236e-01
7.005533571131338233e-01
7.131992240003687256e-01
7.176020973757191168e-01
7.919555822288094626e-01
8.106864155152648799e-01
7.194846403196862861e-01
7.763380932513361810e-01
8.264680859899250498e-01
7.526418501730191002e-01
6.519115564947887131e-01
7.634812404224792237e-01
7.813742491755280017e-01
8.244926120251210300e-01
7.416125432763807090e-01
7.908818753690122216e-01
7.566311333619659685e-01
7.994195049766957828e-01
8.025927495936889811e-01
6.064354769965335512e-01
6.754075853459855505e-01
7.224110125089110435e-01
7.686575584645135573e-01
8.463365594398116754e-01
8.037493740191132829e-01
5.843048706108956436e-01
8.210465634029617821e-01
7.575047016036318137e-01
7.015623848061507406e-01
8.017626308129962576e-01
6.160324776307768424e-01
7.698173107586974151e-01
6.998606812183253423e-01
8.521018000685186555e-01
7.403649176549373934e-01
7.121973263589727043e-01
8.252493007104697575e-01
8.095684957848743313e-01
6.694103540005070796e-01
8.077790458499861659e-01
6.685861909186721075e-01
6.539071579723519934e-01
7.972674247666737823e-01
8.550401959870269630e-01
6.862525899111067140e-01
7.728055335817936022e-01
8.238136966510364312e-01
7.333609352487224786e-01
7.183821227563995659e-01
7.940524510355800869e-01
7.075425749773122108e-01
6.767810670670079132e-01
7.636721374030502885e-01
7.935389685543479121e-01
7.462843714163931441e-01
6.148631782582610894e-01
7.902796091143082791e-01
7.230175909154670233e-01
7.545325839656483735e-01
7.818435467215071322e-01
7.792577383481225084e-01
8.680443885921842462e-01
8.085536977428126049e-01
8.513329541860056304e-01
7.315202290454577705e-01
8.930049626056725254e-01
7.202606525618544531e-01
7.041082520390086197e-01
7.421510646536139122e-01
7.989522984920243154e-01
6.518844201459784715e-01
7.755910394201110947e-01
8.247847682719743334e-01
8.326234397896007389e-01
7.308138441415026332e-01
8.585732108334246382e-01
8.255890635646939701e-01
8.084038959203545538e-01
7.299580708480466473e-01
8.759091563860259555e-01
8.035956735336843293e-01
6.810091552990823471e-01
7.366779067911033430e-01
6.513021791282405104e-01
6.886587357875236792e-01
6.781477053244042708e-01
7.457486185142386814e-01
8.190354031114776001e-01
8.482989018375053369e-01
8.497797376383880996e-01
7.791782283692234579e-01
6.667138213333102525e-01
7.226103653436747321e-01
7.983383960967059823e-01
8.144458445633994126e-01
8.916137528248713195e-01
7.656802009753550520e-01
7.843002744627467493e-01
8.984849739245900357e-01
6.567147942523315907e-01
8.162995487954065599e-01
6.859798014166287317e-01
7.221685012051098917e-01
6.652128083618193966e-01
8.772563857385732300e-01
6.088628906509702121e-01
7.547226540033764586e-01
6.921356350338672137e-01
8.091349514972845380e-01
8.076643933296548949e-01
7.529100689911983890e-01
7.695362377391298248e-01
8.471919237537145486e-01
6.392262621861451999e-01
6.445105998066129604e-01
7.268162532062493186e-01
6.746623415829774428e-01
8.785865336747648024e-01
7.109760409801191283e-01
8.817181018672094472e-01
7.655725529003631902e-01
8.766637495675894121e-01
7.681322889095391071e-01
9.144026620622822676e-01
7.313259664519821124e-01
7.932749285761130364e-01
8.795697482192821326e-01
6.926832618261160590e-01
6.345762478814676033e-01
7.541299678386783611e-01
6.555793860768928116e-01
7.148511782978598239e-01
8.261398977036403801e-01
7.745644168150160880e-01
7.575649656744116722e-01
7.394068307769491311e-01
8.794447005683353469e-01
5.738724853302783480e-01
7.624626147651450969e-01
8.940749140782026094e-01
8.102991676151727329e-01
7.101977051446919376e-01
8.205091674227155130e-01
8.707544256142846217e-01
9.270012162074683371e-01
8.709961365195850735e-01
6.372724911392189107e-01
6.949377234619911192e-01
7.217592525514672230e-01
7.048139238346210478e-01
7.348459723027834789e-01
7.084419514850637256e-01
6.724296232263281548e-01
6.670581215580676515e-01
6.535457572545013694e-01
7.701233958294211313e-01
7.335199168558315108e-01
7.797377596868848570e-01
8.149763930887214958e-01
8.294012062738306268e-01
8.565625351352704753e-01
7.785762976377527123e-01
8.192224862926873463e-01
7.440592593392486576e-01
8.199681886584783141e-01
8.178470056193603011e-01
7.431780371932101836e-01
6.420912116431616301e-01
7.448577024091349585e-01
6.083589333492658291e-01
9.204502930113087622e-01
8.146003555309218047e-01
8.698377596959899760e-01
7.929060002881855862e-01
7.857630756523709126e-01
7.045053801070223498e-01
8.354701437189462343e-01
7.987881594416674780e-01
7.490374849491336917e-01
6.719704251034568365e-01
8.476488053906339193e-01
7.189132277018703832e-01
7.757465575118942525e-01
6.869774130352690467e-01
7.160232550224008286e-01
8.439253036699519983e-01
6.571880527014632989e-01
7.815768896738990446e-01
7.027732039100865746e-01
7.026077416682594556e-01
8.178725577192506035e-01
7.936642799570957640e-01
8.117622134574342674e-01
8.550770986613445146e-01
7.637345155256716200e-01
7.401967474495215749e-01
9.046505166272036380e-01
5.686742416858423521e-01
8.351007089641581116e-01
7.090631585942582804e-01
8.496190583979941202e-01
6.660495612061971826e-01
6.476181295266412175e-01
7.459876195776460328e-01
6.165603891231844491e-01
7.879438558802968062e-01
7.367968704144293168e-01
7.651705110687457845e-01
9.001842259811511093e-01
8.269241205897456259e-01
7.468799692050137606e-01
8.218588541643506717e-01
7.569751031095406368e-01
6.957597716789584164e-01
7.269800020153143194e-01
6.847665464005237013e-01
7.798089648685893049e-01
7.755016794113829270e-01
7.853503613557283325e-01
7.082131431207383532e-01
7.979895856326562065e-01
7.737007772133736028e-01
8.951533622899791043e-01
7.201460859823541893e-01
7.837753487173352296e-01
7.514765704201905594e-01
6.286375606783107806e-01
8.787019623390124323e-01
8.901532717498383818e-01
8.203653574354191624e-01
8.432841493249125797e-01
7.528415934424567135e-01
7.690561421565718092e-01
7.642912907310637216e-01
6.266985401110319875e-01
5.800790413233408715e-01
7.839141811504417579e-01
7.287491671033952123e-01
7.846947231916577836e-01
7.668043408842691866e-01
6.983810533810546062e-01
6.924304636484135411e-01
7.885824478396298298e-01
6.609542730348666462e-01
7.776408054168006956e-01
7.391198796539043547e-01
6.787605920722467046e-01
7.375415452864287902e-01
7.075855504693859821e-01
8.012123317361946606e-01
7.967490334398428242e-01
7.855489986269291736e-01
8.011233220261743115e-01
8.554838043606791675e-01
7.437723232347273061e-01
7.502520167179254074e-01
7.774821676668706161e-01
7.200598233922794744e-01
8.547111878850925937e-01
6.794112452799192514e-01
6.567003893136031945e-01
9.013605783768465773e-01
8.559702040055670036e-01
7.970019938584841368e-01
8.182422352367964002e-01
6.954911629017739294e-01
8.187996476223947662e-01
8.511330675614253716e-01
7.128971636557718261e-01
9.048662829066751456e-01
7.212479200464372298e-01
8.337007851828802663e-01
8.394027750861573489e-01
7.019987777851111055e-01
6.843125565482696127e-01
6.976223223697043396e-01
8.882501775901314733e-01
7.532615974087877309e-01
7.325135697134664836e-01
7.403168401437429935e-01
7.576455334592553381e-01
7.213234912909527452e-01
7.558755124250625679e-01
7.201745217327641946e-01
6.632416790252962935e-01
7.553792211972213400e-01
6.887690038172752383e-01
7.438501696517746398e-01
6.337148968465429189e-01
8.134695219652495757e-01
6.423530404672096461e-01
7.828979590776211639e-01
7.626042278612005232e-01
5.873252947498410759e-01
9.002418905352049805e-01
6.734929167304412045e-01
7.373699669743480900e-01
7.966955281479058959e-01
6.826665778383880223e-01
6.672011537617236199e-01
8.786222844609405946e-01
7.052959070640451023e-01
8.495363105271783732e-01
5.920268405608799522e-01
5.965985207680601921e-01
6.910868259316201856e-01
7.407938567766513271e-01
6.626389328035034998e-01
6.730993689004247660e-01
8.087930830313898589e-01
7.222618142103303107e-01
6.883010359128987066e-01
7.799977418057197909e-01
7.640885006346062047e-01
5.757109609144963613e-01
9.001121503211574337e-01
8.713372474961974534e-01
9.046012292627154672e-01
7.970714404068474090e-01
7.301170522181333888e-01
8.107621018792418033e-01
7.472200852917836311e-01
8.053542141312030056e-01
7.722956428007802243e-01
7.543940662811888798e-01
8.248712028412027442e-01
6.461107840315291062e-01
7.568015199859772224e-01
8.574339416681210357e-01
7.038934042612104980e-01
7.714800874558992438e-01
8.027807569394281861e-01
7.613590608721471087e-01
9.215242443709209530e-01
7.731233667322063852e-01
7.989958078980048395e-01
7.340309178206592122e-01
7.736718083818366898e-01
7.101743452043344229e-01
6.761211473260703153e-01
7.520358138476020970e-01
8.364407488814303848e-01
8.511370195478994427e-01
7.963643471237328297e-01
7.208087598844015176e-01
6.865612938208386362e-01
8.646097958167453523e-01
5.841657296298615742e-01
8.274487018483446255e-01
8.542969311770201024e-01
8.733545798655925063e-01
7.780285316257837813e-01
6.941572129589145268e-01
7.832941691744391699e-01
7.626358904716565856e-01
7.514853271888061181e-01
7.340532697551581665e-01
7.247897611157930742e-01
8.938302346406097332e-01
7.852541589632192620e-01
7.938337368063888011e-01
6.905907155922100804e-01
8.563663064898875410e-01
8.847223777006126832e-01
7.524710591093375367e-01
7.601745591737740781e-01
8.488647143539831408e-01
8.234128445098303217e-01
7.870922938444120387e-01
7.907372568501951360e-01
8.058212004934346417e-01
6.760374703749961744e-01
8.321053318052952230e-01
7.264622198806474085e-01
7.297749998686530182e-01
6.456043126648960406e-01
8.014455574310406227e-01
6.455084953414906845e-01
6.871602658785915807e-01
7.421641256649944562e-01
6.603010997766087797e-01
6.983796913828563824e-01
7.507670646259811953e-01
7.596155350698693409e-01
7.968389316256153654e-01
6.740667469091522479e-01
7.835144815992505229e-01
8.577968638995266959e-01
7.692493271966576174e-01
7.587127989257550498e-01
8.449910428151574671e-01
6.744481294074757827e-01
6.684959720675767159e-01
7.269492740523468832e-01
6.828670905500009436e-01
6.624429582005041395e-01
7.524215289795465056e-01
7.536904664387270580e-01
7.682882101106794925e-01
8.267971171120543916e-01
7.579054739420323372e-01
7.100976534869232193e-01
8.595631375901621185e-01
6.532719974864082957e-01
7.240724379694704060e-01
8.919806548345836639e-01
8.544268323584479630e-01
7.731074413313822058e-01
7.760678829882181606e-01
7.378793766984022007e-01
8.118488017209232188e-01
7.351416991783453758e-01
8.174607813610175189e-01
7.198845254013398476e-01
7.196384238688786628e-01
7.380880289330108424e-01
6.976016306971922765e-01
8.053104145749855336e-01
6.838837056282369709e-01
7.265811424537669261e-01
6.752091880419275327e-01
8.350396897057985601e-01
7.997923370130994858e-01
7.650176914311209719e-01
7.640887562120111109e-01
7.150336849209960599e-01
6.636847782535240103e-01
8.869200317629285513e-01
7.339734944340488010e-01
7.560028555149973517e-01
7.047052124666967066e-01
7.926967117444394528e-01
7.682373227630072687e-01
7.372426760741017659e-01
7.622030781993799353e-01
7.452141864729789900e-01
8.119200471574595790e-01
7.895205493489370063e-01
7.913191361499746224e-01
8.992536402511988047e-01
6.871238536730311930e-01
8.699844246290401317e-01
6.580977532007395991e-01
6.142551955583517298e-01
7.965145549813871240e-01
6.373105855493719218e-01
7.808399361034674691e-01
7.206859877470838116e-01
7.682454197625968595e-01
6.840020840752850662e-01
8.326517648393312321e-01
6.973536356435139361e-01
8.771115050186241158e-01
8.911369129121078370e-01
6.522314282908716621e-01
6.452689180802411162e-01
7.024145366777950761e-01
8.568195656796717685e-01
8.217039349932122594e-01
7.557213716826696182e-01
6.122037189875023655e-01
7.507447738334663834e-01
7.468028739200280874e-01
7.683661202247995536e-01
6.981799573022215988e-01
7.869767383550294593e-01
5.730531642653304836e-01
8.064934742880526253e-01
8.654968030891665443e-01
7.582040323666774384e-01
9.037377096654818365e-01
7.855236971577992389e-01
7.967034250691104047e-01
6.998833138453551816e-01
7.714917921476979190e-01
7.755436628880766348e-01
7.870088156261246803e-01
8.757308559138570203e-01
7.616741506848128118e-01
7.904185271846699834e-01
6.862881246361852705e-01
7.653427215561855457e-01
6.922680796272289161e-01
6.738590654653935363e-01
5.722745472364199060e-01
7.355337804674414448e-01
7.566236555003689190e-01
6.974305626089051247e-01
7.890821540818530044e-01
8.179019299176881752e-01
8.825572459446122675e-01
7.012792491872653633e-01
8.642407644500627040e-01
8.079081738479367836e-01
8.833562081090822193e-01
6.150871386198633051e-01
7.273839123301328868e-01
8.651006822649174310e-01
8.011173400836536507e-01
7.166139675983336232e-01
6.397082449147432071e-01
7.539320235649639157e-01
8.159433657119551375e-01
7.151948622557503521e-01
7.467968339048476345e-01
7.463387562358738681e-01
8.561790863257519035e-01
8.940952159337126615e-01
7.975534061190152624e-01
6.173563108211029826e-01
6.918379874449145372e-01
7.503381327842992832e-01
7.142027460656202864e-01
8.213018941624951053e-01
7.957478788620497845e-01
5.950150696817693152e-01
7.866707135687359687e-01
8.088242924158103309e-01
6.441110073403905067e-01
7.810641250427052817e-01
7.077088452952650099e-01
7.685882194901951792e-01
7.952328346975093831e-01
7.564092264294027812e-01
7.729408756892452992e-01
7.163181083135286009e-01
8.678814160863127514e-01
7.970000038106318518e-01
7.429093756442078922e-01
7.191662812370404056e-01
7.361157620165518223e-01
7.983502366373388393e-01
7.461185234981210224e-01
7.247338798062834542e-01
7.714624669595494533e-01
6.350606315787805656e-01
7.017717852770535281e-01
8.190908243745553818e-01
7.519278511673883614e-01
6.598327336876924631e-01
7.967396854891747315e-01
6.681481291078189555e-01
7.367989098802378845e-01
6.886876819306229081e-01
7.422763797686652287e-01
7.539782129399373867e-01
7.977334372656061934e-01
7.740192327304421527e-01
6.344962260169272339e-01
7.575928999198358049e-01
8.200427595833547079e-01
6.895572267080471995e-01
7.383305613851717242e-01
6.566880411494611103e-01
7.636234908001547916e-01
6.900492245482757747e-01
7.671376668972355040e-01
7.778057287928957786e-01
6.717128674033300273e-01
9.178760448355433033e-01
6.718859120198155122e-01
7.204928373615230308e-01
6.918581841140469813e-01
7.078901842638134490e-01
6.767803527348481563e-01
6.361469813885191060e-01
8.066984219090725938e-01
7.538540781402910396e-01
7.060962787669957663e-01
6.337237252789842401e-01
8.104012941129833392e-01
8.043193935216619295e-01
7.474811646826629019e-01
7.640153274377161630e-01
8.094093535383753979e-01
7.810842215243142261e-01
6.641370719159712666e-01
8.404056939398130144e-01
7.776040578624497934e-01
7.287973763182888920e-01
8.747599594130333056e-01
8.237304667180883611e-01
7.896204785766288703e-01
7.123010821361140943e-01
7.354521601499867112e-01
6.986041277433281405e-01
8.905764037442815972e-01
8.645558750008813798e-01
7.371264392839345092e-01
6.987809590003862814e-01
6.490446445258071240e-01
7.258998172975326124e-01
8.476844646516585868e-01
7.274167488503137102e-01
7.462279158981677263e-01
7.626206286471474138e-01
6.385842366951193227e-01
8.500553736982813247e-01
8.896124711653378148e-01
7.824558722992227544e-01
7.867366783038650668e-01
7.493020144537492211e-01
7.158998030649381672e-01
7.716931979454311197e-01
8.307698501800947488e-01
6.805535249381881036e-01
7.556747989084561246e-01
8.468814986599707550e-01
7.165755112209797328e-01
8.030061147502699503e-01
8.151994129554225310e-01
7.140232691383645580e-01
7.474680540015306018e-01
7.643442171016856523e-01
7.323464822590728396e-01
6.823565722357696206e-01
7.751530937492184803e-01
7.162159155400374955e-01
7.350995422328178153e-01
8.375931195629878756e-01
7.935334337389344794e-01
6.582781702634455945e-01
6.924464222319218765e-01
7.727085561232183153e-01
7.762379612948189234e-01
7.646747658541944714e-01
7.098315127927623536e-01
6.617718529174698716e-01
7.364027669752477578e-01
8.164255748880564489e-01
7.717165487328803142e-01
7.804607429349396108e-01
7.869891217159230568e-01
7.719828068036697077e-01
7.558255442751707909e-01
9.238871284832872455e-01
6.273619668668213301e-01
7.343110928799888582e-01
7.034069506403476391e-01
7.652785480417663155e-01
7.325503330634494104e-01
8.618578942547893140e-01
6.003236453251724614e-01
7.339340886998648728e-01
6.634115068946254690e-01
7.969345124315323492e-01
8.470432564776342321e-01
6.949662614218165002e-01
7.483042755012958569e-01
7.209237924229331407e-01
6.291515103349596405e-01
7.482356093791588947e-01
7.689898708832773044e-01
7.738538470019018511e-01
6.550793051361272212e-01
6.722693422599435031e-01
7.012292054274196218e-01
6.940235755963332087e-01
7.758388532132669546e-01
6.840150861600791110e-01
8.155071259960163799e-01
7.108469963963426341e-01
7.115826905664753843e-01
7.835610176780897218e-01
8.256577546968718595e-01
8.193691546456135510e-01
7.909572066498882226e-01
7.335230282181935957e-01
6.741297997031462375e-01
6.847729912726744361e-01
6.809928676600357500e-01
7.853183133622246848e-01
8.097410012627532794e-01
8.209665002818367086e-01
8.206836410229368939e-01
6.923519097868084948e-01
8.014287819046186367e-01
6.698047113132425956e-01
8.821381289318125374e-01
7.236884189909825738e-01
8.211231758398294112e-01
6.791481193666345506e-01
7.357239228238439122e-01
7.656462146038456318e-01
6.861044242692393436e-01
7.770722824190930966e-01
7.248227981200577874e-01
8.143959372815967601e-01
6.637144563641584893e-01
8.820449016952116583e-01
6.722556723913885035e-01
7.693048741997765561e-01
7.782912765510842101e-01
7.699262806164649531e-01
7.243583041233918607e-01
6.993883963888702926e-01
6.526540405218967944e-01
8.301635274209165916e-01
7.172203600210388386e-01
8.241595848599021501e-01
7.182480084469836656e-01
9.229780686209066998e-01
6.908263666233610545e-01
6.699376562136659663e-01
7.922912037818228281e-01
7.747831838033104601e-01
6.249137205709462961e-01
7.413439731017942291e-01
7.693262999319245843e-01
6.854885902963655520e-01
8.025255264715859260e-01
7.217242344900742790e-01
7.843980258823787244e-01
8.054838035741926916e-01
6.134267881946181555e-01
7.305987468255266126e-01
6.196907666075287535e-01
7.071387833657787336e-01
6.630277280055384415e-01
7.021947631555913727e-01
8.218822647490745537e-01
8.269222770780622067e-01
7.138894460525561092e-01
6.899388309490911420e-01
8.282939010928624946e-01
7.887830409313036917e-01
6.964175298517168988e-01
7.640836128584066467e-01
6.128442566342783282e-01
6.716008639017089221e-01
6.830853149073484731e-01
7.453611929410854930e-01
8.147788675893212762e-01
6.928408523303368760e-01
6.503637606285084249e-01
6.570838083974328558e-01
7.189650447287905255e-01
8.204272542739122764e-01
8.039289319431386360e-01
6.317203636589616700e-01
6.112881870128462625e-01
8.359657125502145680e-01
6.253223818604359829e-01
8.883384759228672989e-01
6.467638029980730119e-01
5.781378570897601765e-01
6.845495907088311460e-01
7.519417567436621486e-01
7.312467468283524452e-01
7.698614545785361640e-01
7.195743041587294719e-01
5.855519135307999390e-01
7.071315269859538288e-01
6.702558287943003457e-01
7.210892245750469831e-01
7.540957273281345685e-01
6.936065489455015554e-01
7.198513413266496297e-01
6.365440053891175953e-01
7.422356319871399322e-01
6.957024808183965847e-01
6.535581121495819268e-01
8.114885678150407511e-01
8.700008275280531889e-01
8.338980364483595809e-01
7.694395754723049041e-01
7.269508051093684919e-01
7.956854687593355457e-01
7.252861706478369586e-01
6.914736261588265709e-01
7.248250769709073671e-01
7.838267762441475384e-01
7.426687561372545821e-01
6.202134650552865169e-01
5.960676352416999224e-01
5.778719459081328447e-01
6.901773962881184721e-01
8.322731826651333931e-01
7.097971719590402406e-01
6.907762885984255474e-01
7.646384671297269398e-01
8.988877002687730711e-01
7.407927375044559559e-01
8.804809214127200523e-01
8.209383028238059765e-01
7.238180667299589643e-01
6.097671687930243944e-01
6.871048166581403827e-01
6.608698167294339010e-01
8.589407295210923499e-01
7.742315852448101721e-01
8.082081034383769014e-01
7.678418453660788012e-01
8.995846790274103499e-01
7.744650057792054065e-01
6.648545985571125971e-01
8.215765467350033546e-01
8.766328335223279034e-01
7.827216027854521085e-01
7.805643203326682045e-01
7.020230364869612938e-01
7.880727598423176161e-01
6.624861198413788399e-01
7.148379278988384877e-01
8.761749537295245860e-01
9.041683895667088633e-01
6.780923677987696907e-01
6.727284331313555521e-01
7.532970766592038681e-01
7.130663416313047787e-01
6.423254288859648886e-01
7.685091346799990397e-01
6.702184975924911914e-01
6.562408867915042743e-01
7.531946856953811720e-01
6.818081746140099986e-01
7.518144611904543639e-01
8.491466708657970930e-01
8.840127063386985506e-01
8.506625702037451386e-01
8.954380037005019721e-01
6.345140256666328415e-01
7.706263145344691701e-01
7.169128589697167930e-01
8.365960869687220081e-01
7.486083498606692643e-01
6.470456449331815074e-01
8.604154532666051791e-01
6.814008016022988778e-01
6.744184646131915484e-01
6.955826363149665292e-01
8.266747660671973641e-01
7.658685684562244189e-01
6.314455758348926917e-01
7.398150598303796510e-01
7.651400592677891632e-01
8.403508437477641424e-01
8.202319688640429263e-01
8.385253916212753733e-01
7.839560704237794608e-01
8.843847042468315767e-01
8.263425965588258038e-01
7.871406818324925281e-01
8.326735459852750987e-01
7.054108500046772923e-01
7.953699031702736733e-01
6.946649537096821758e-01
6.201599913824524801e-01
6.757748926682688451e-01
8.283180458749677122e-01
6.779665086251378536e-01
7.760924724674801434e-01
7.675079034120392274e-01
7.440166311396785304e-01
8.174574798927548569e-01
7.327215160638796965e-01
7.065682729707097876e-01
6.950225851045145342e-01
8.071041996650093475e-01
5.994646056263422951e-01
6.567066394355168812e-01
6.267747172913097353e-01
8.318663300326170074e-01
5.786349908928531960e-01
8.395842291299612237e-01
7.938991617668468281e-01
7.851966598879541737e-01
8.561732945941757933e-01
6.799165721522529848e-01
6.939159277345201549e-01
7.792742907573267930e-01
6.902974257007309378e-01
7.761810023853195073e-01
8.183723662719302183e-01
6.704334451775167958e-01
7.941205978560293977e-01
7.856159807906927250e-01
7.161121573321065359e-01
7.117004232622725635e-01
7.824168596114243757e-01
7.738369730249828882e-01
7.606506108585103787e-01
7.887539790944907425e-01
7.315874547274913153e-01
6.539768930417640957e-01
7.242503339696586551e-01
7.444179987340041604e-01
7.339752899107283568e-01
6.756400032031957270e-01
8.008362584777266591e-01
7.252472192558674369e-01
8.935928255129099718e-01
7.004936002212492907e-01
6.789605943384992015e-01
7.378131455668408556e-01
8.073333779753170125e-01
7.260851610222505137e-01
7.585914356853890039e-01
7.867525503857387692e-01
7.881429453314962030e-01
7.326197653530494014e-01
7.847132433128620743e-01
7.139116701318294345e-01
6.820918230655231840e-01
7.839624138612703019e-01
6.782939756443840951e-01
7.562322938885303047e-01
8.096797965330930769e-01
9.258401058675378437e-01
7.138048765134894502e-01
7.111228830574077842e-01
7.806990646706494230e-01
8.058991667737073206e-01
8.144506918481785318e-01
7.748784959263087524e-01
7.067937640016942469e-01
7.396962101758826069e-01
6.609426506854549910e-01
8.837672883573752802e-01
7.008735296507352386e-01
8.654954183026158931e-01
6.766715250959948191e-01
8.735673033215577421e-01
7.411166941534372832e-01
7.849489241374625337e-01
8.586833403825980815e-01
7.093336265962719711e-01
8.456951390202372965e-01
7.578006432921249313e-01
6.803453586929325558e-01
8.736605796672888280e-01
7.274623529478755346e-01
6.619600289330210829e-01
8.253067091521465448e-01
7.058731986223542032e-01
8.457583635831125157e-01
6.350354011326946324e-01
7.464067745063157622e-01
7.243090659249086238e-01
8.737746846736231809e-01
6.885446809312504302e-01
8.469441992625458271e-01
8.016456546847376963e-01
7.662712665035263937e-01
8.596683433250648099e-01
7.291082246356680452e-01
7.456250777426697285e-01
7.590342601018642554e-01
5.944435494550842636e-01
6.931350107758310619e-01
6.884084437691755376e-01
8.700705287883163663e-01
6.048974478310421565e-01
6.954369589685818198e-01
8.059696657128893049e-01
7.925048461898213104e-01
8.663487200956858647e-01
7.244178387342459224e-01
6.839959394187185016e-01
7.296307151255045920e-01
8.930568190820513674e-01
8.623365634036523897e-01
8.920215518639553753e-01
6.800736968493509282e-01
6.710612288201835973e-01
8.492788726471637295e-01
7.666934502720428313e-01
6.494802429929825704e-01
7.910297136963647668e-01
7.484243471594534958e-01
8.782728840517516344e-01
6.734255680762561980e-01
7.828206473794073750e-01
7.322973127912982827e-01
8.060956065797640901e-01
8.367925584993023413e-01
8.170255594580725367e-01
7.165026096946431888e-01
7.309876260169622109e-01
6.276603692572726434e-01
8.472006947812610322e-01
7.945510630843440891e-01
6.407640502706228869e-01
7.564298035730797620e-01
6.856063210328520174e-01
7.390339213093798376e-01
6.844003405906182724e-01
7.766569236172387036e-01
8.977254045643675573e-01
6.835682065883234015e-01
8.570823305538971537e-01
6.276467730517653054e-01
8.196705610875698600e-01
8.159710298230655745e-01
6.821361079530132709e-01
8.244969512222676267e-01
6.955675780608909786e-01
8.421882800596661722e-01
8.602100288454034294e-01
7.377697183932760971e-01
7.700478888369386432e-01
7.763922192919815446e-01
7.694711709934750621e-01
9.255990694402285168e-01
8.228862222989292707e-01
8.610850009786864545e-01
7.725179030196382968e-01
7.957182170133635379e-01
8.080887807529357758e-01
7.999368349126353417e-01
8.323076898743038132e-01
6.241772673715261233e-01
7.117527261483450607e-01
6.034131156037412236e-01
7.728538826661192074e-01
7.459511958906369644e-01
7.702760006106228463e-01
6.749468736643028377e-01
7.130832168767518020e-01
7.481581063710563972e-01
7.294506424979688708e-01
5.614728247410981643e-01
6.935733199774120061e-01
7.986866495994114912e-01
7.940536174261650926e-01
7.843604270885753404e-01
8.432116159805642663e-01
7.924885780325421347e-01
8.541671071293712725e-01
8.349559283463586778e-01
8.701280678330178819e-01
7.350144745387768852e-01
7.067145272962094271e-01
7.946845628703166353e-01
7.875338954853057238e-01
6.625506438610088145e-01
6.433184860468272870e-01
7.845655226731004239e-01
7.757085302958756090e-01
7.555163867338733352e-01
7.081852759974026634e-01
7.731728012179968079e-01
7.241297550229750524e-01
7.147613849486756932e-01
6.679221856096249077e-01
8.229671447960622555e-01
6.858680963542096443e-01
7.810179459697016435e-01
7.480705779179999126e-01
8.413548591104462737e-01
7.594709497419979138e-01
7.861439611079006351e-01
7.434547597307955558e-01
6.558689755140638677e-01
6.586041856105612213e-01
8.090472457574338083e-01
7.242037945682897604e-01
7.987921322951556657e-01
8.106725878807021779e-01
7.707497008027093255e-01
7.169124891067630845e-01
8.797283151646070332e-01
7.987483023779583524e-01
8.412141305003156821e-01
7.140255963662209826e-01
6.527486086702050105e-01
7.449806303192710866e-01
6.910935425198984072e-01
7.983085955002570122e-01
7.110889694236948166e-01
6.236206893647182614e-01
7.007085522028398961e-01
7.638267163066427834e-01
6.637509271732534577e-01
5.914626192485585854e-01
7.394802936321935860e-01
7.556151689486156897e-01
6.742414949762784993e-01
6.823322604221470078e-01
7.538856689863301375e-01
8.049955943987975315e-01
7.000094364112191547e-01
8.303380059253876455e-01
8.199129361242616376e-01
8.757971252822581709e-01
5.962404890422571269e-01
7.483115225014628225e-01
7.753834668941089747e-01
7.449511769180559018e-01
6.698670665677837199e-01
8.728994212954425125e-01
7.314381725565262116e-01
7.218856519852898668e-01
6.797591164881110481e-01
6.924537952423964748e-01
6.959696195661457807e-01
6.192569774317604470e-01
7.632500699349458184e-01
6.759817461196001576e-01
7.714506484419147991e-01
7.727977770842791028e-01
6.110610071365536466e-01
7.485691320499009427e-01
8.447974223153326134e-01
7.230555882757615516e-01
8.185923421572610659e-01
8.485320406999732334e-01
6.917796186216821352e-01
7.799174099165401275e-01
8.483329919377012862e-01
7.564786149451246944e-01
6.830273845789613940e-01
8.700243737703079461e-01
8.523782825906633942e-01
7.281563102472837778e-01
8.176639514993048197e-01
7.537358817796236954e-01
6.668162091465509311e-01
7.211177930866838892e-01
7.145131560040469676e-01
8.330693415383927380e-01
8.227971460908412027e-01
7.354579470649850181e-01
7.426203579917719511e-01
7.493144166465384171e-01
7.035883451300178892e-01
7.938475440278093265e-01
6.726154626449719620e-01
8.144499493450736427e-01
9.367718988222984988e-01
7.107830264295573741e-01
7.842943925511680625e-01
7.458453355955412256e-01
8.189410967107404460e-01
7.311713840984095381e-01
6.096842624383219666e-01
8.118704347919182274e-01
6.890921296170825494e-01
7.066374265078219086e-01
8.818385604932428290e-01
7.572405345719375180e-01
6.871161793795418360e-01
7.898815854913293633e-01
7.199204388057415249e-01
7.952735841321959542e-01
7.234416009255792979e-01
8.821224861967100761e-01
7.795400017483756772e-01
8.576806268643671904e-01
7.130210216651824418e-01
7.597091872644935462e-01
6.947338129268386675e-01
7.637620490538963303e-01
6.346783034295579995e-01
7.117762530348723526e-01
7.437207255060335198e-01
7.701716669354979894e-01
7.897344342170742326e-01
7.305107287733463295e-01
7.428769368803391782e-01
6.783872283826378746e-01
6.679669973885838941e-01
7.010294610459013587e-01
6.324970525463472493e-01
8.171755052592540869e-01
8.433808028710150229e-01
8.900672137641471027e-01
8.045480352693472614e-01
6.331119226025874180e-01
6.793662189702860399e-01
7.698797278987398185e-01
7.169027199096733582e-01
7.386805542380842082e-01
8.212527408765118997e-01
6.238108691421355712e-01
7.629767155435208670e-01
8.526408764024466791e-01
6.896090130119467698e-01
7.818199812554731398e-01
7.198561692368297127e-01
7.143073782163501528e-01
7.851147785249192879e-01
7.561451385871821307e-01
7.617294180022097239e-01
7.407469356446790831e-01
7.288080366958215039e-01
7.604784434290544626e-01
7.676020318876527471e-01
7.381097100521711862e-01
8.412453587050706671e-01
7.444885522702796576e-01
7.864035394755595210e-01
7.240046294077006062e-01
7.637069145129486980e-01
8.410182444723682815e-01
6.986837693780381109e-01
6.388922702662237496e-01
7.771321359745299029e-01
7.657291502003801265e-01
6.996817080578738857e-01
7.123781525088158650e-01
8.880681636032797810e-01
7.069828005900319345e-01
5.921821108822294955e-01
8.351560802330649791e-01
8.423409895606035480e-01
7.798018926662066974e-01
7.914251451007990878e-01
5.928580871516764272e-01
7.220323197777283042e-01
6.576767835953764019e-01
7.595065138786357695e-01
8.605842578327529413e-01
8.944571964230677574e-01
7.420100816037312752e-01
7.680886257472817613e-01
7.575701672794897812e-01
7.097660048285197032e-01
6.635743643539474546e-01
6.435568761913700309e-01
7.747141937297663539e-01
8.503481547824160991e-01
8.456632881790768774e-01
7.241453482792740148e-01
6.975802603511528366e-01
6.970127235503871255e-01
6.525968221553882787e-01
7.584043713905204154e-01
8.082574248102808445e-01
7.628793017007583499e-01
8.149349718088241268e-01
7.065858781182491333e-01
7.536080249419822019e-01
7.951899233997747896e-01
8.546680257855645557e-01
8.263124049680625749e-01
7.467938144711162574e-01
7.516423759242926161e-01
8.423335960128800481e-01
6.203754162728581933e-01
7.529913222557308439e-01
7.417814116922054613e-01
8.862692081683851697e-01
6.568800770782450282e-01
6.635768337052124766e-01
7.630505307758180811e-01
7.575348024813147729e-01
6.913001084006270558e-01
7.518970018682392675e-01
7.008029684989699470e-01
7.401498144630140885e-01
7.568082520535597268e-01
6.080702906655919282e-01
8.427486394713010753e-01
7.369875394830358584e-01
7.755108149690640440e-01
7.803276792501722126e-01
6.911579919997602461e-01
7.212598516886010724e-01
7.743186124575796025e-01
7.700233136733060091e-01
8.514249695306044252e-01
8.314787382827965034e-01
6.460864033566626752e-01
6.549943234816826276e-01
6.733345626353112179e-01
6.014766331105900754e-01
8.421666314719892243e-01
7.901411600204819585e-01
7.231033717818711182e-01
7.921052622941400223e-01
8.200353885949134281e-01
8.370083362989441111e-01
7.463717669618981088e-01
8.746248153191593655e-01
8.518684582239314240e-01
7.286340102959762977e-01
7.649285192061886507e-01
8.289043992380207282e-01
7.790982664204960662e-01
6.177520366043823818e-01
6.931745767703181293e-01
6.667586544498732559e-01
7.118151611932032052e-01
8.877170815536253867e-01
6.400134578764837823e-01
8.720425438593268908e-01
7.114653639353593073e-01
6.256406605432037749e-01
7.488822348190508071e-01
8.569471685525339444e-01
8.499227920640577416e-01
7.532210379209315354e-01
7.358483025809012812e-01
7.388462179621405612e-01
8.316403191941208473e-01
7.163456984625348190e-01
6.906216993973821605e-01
6.832593141321586794e-01
7.000486516823997141e-01
7.004720519081807373e-01
8.507344169401315215e-01
7.558202757953679241e-01
7.371758206028719007e-01
7.736323452735250905e-01
6.974192937748443510e-01
7.961078784040857004e-01
7.048073447704862327e-01
7.013097856954604303e-01
8.233295958959688798e-01
8.175255087983264168e-01
8.075496376271250609e-01
7.706023259460527131e-01
7.936897217182948827e-01
6.631867548175521820e-01
7.847824456495768874e-01
8.198438495822447658e-01
8.305258253715773753e-01
6.125845107516761923e-01
7.198402257642586566e-01
7.562227824560551204e-01
7.878927685956799154e-01
7.768917863409078306e-01
6.346000065849183303e-01
8.471307957128404453e-01
8.536999657489149351e-01
7.417048811372657369e-01
6.907560758812845148e-01
6.275311191944427103e-01
8.596343141243147912e-01
7.878923056074217390e-01
7.271581110965427142e-01
6.812513413325937961e-01
5.979192540419774327e-01
7.808535771360529676e-01
7.554237501734865079e-01
6.301339949691124875e-01
8.526525745373592091e-01
7.154959837620246121e-01
8.059946908927688725e-01
6.696571200860236273e-01
7.612192118670478846e-01
8.014530152416065034e-01
6.648226145502825757e-01
6.549921222388344066e-01
7.309079180234746564e-01
8.014564767442995397e-01
7.218243039866104604e-01
6.228667449684519575e-01
7.960978891467332952e-01
7.059617482351286943e-01
8.748210638508739923e-01
7.076863528265825432e-01
7.953301412002758974e-01
7.662624493413426885e-01
7.650648028277453605e-01
8.665737392090377966e-01
8.068985852215747601e-01
7.867123860551625825e-01
7.540895608286188878e-01
6.467525208400511927e-01
6.703121737302392136e-01
7.826438908829213004e-01
8.928166272101868417e-01
7.260205642618022814e-01
6.706397628753504314e-01
7.376284830858341746e-01
6.722893706935514357e-01
8.074496116407576807e-01
7.124216566970459352e-01
7.724348955711598519e-01
8.233882153392936276e-01
7.816831630766972738e-01
7.047227114282845761e-01
8.661917887817205397e-01
6.596098426804203330e-01
7.465956871263690342e-01
7.636191757504351418e-01
7.357711774499782198e-01
8.326094211013556068e-01
7.380050432102308600e-01
7.120646592067076952e-01
7.242436597231236561e-01
7.149079133366009753e-01
8.688517381370762793e-01
8.447341958007430485e-01
7.011518087478508798e-01
6.764172243568169485e-01
8.889223808895756473e-01
6.825048801950233113e-01
7.668902602668012936e-01
6.866182682955022099e-01
7.661811565470924013e-01
8.713776705733146111e-01
7.804926525776938462e-01
8.251272868124654991e-01
6.165261880216312829e-01
7.492358061993060758e-01
8.302964015313148982e-01
7.532983215856406956e-01
7.151023954432905727e-01
6.976888350853800436e-01
7.342997606340317951e-01
7.347761360841791323e-01
8.049571805989339524e-01
8.433138080639916989e-01
6.546218093655348236e-01
6.675457194535477923e-01
7.020027408500127963e-01
7.591454874152726573e-01
7.367928906659048094e-01
8.969468308217892760e-01
6.665473711744296370e-01
7.836801087776767982e-01
8.151821176470133157e-01
8.313550848364110735e-01
6.801222097071578654e-01
7.115357297901118150e-01
6.835038705703294637e-01
6.225057713122288394e-01
7.744052947309963963e-01
6.810772870591809136e-01
8.741000704538387511e-01
8.101384425847104609e-01
7.921472711177273140e-01
8.442459188742892362e-01
7.300571077768498451e-01
7.946626524988315010e-01
8.324037739174404704e-01
7.926995257097433356e-01
7.618761408522873868e-01
7.505422921528784874e-01
7.156885656393008333e-01
8.829301173787863499e-01
7.930548018485660267e-01
7.903581478294583462e-01
8.036427863492775492e-01
6.409688853840596057e-01
7.518407523527914638e-01
6.500278239906207567e-01
7.483554210330455314e-01
7.860375058118970193e-01
8.355049161428182991e-01
8.136317371343984028e-01
7.141202781023212598e-01
7.957870858296034466e-01
8.481133596444920819e-01
6.637616139496718137e-01
6.496127889094389651e-01
6.948017497541282284e-01
9.019295896803292134e-01
5.973664090824378770e-01
7.879720746849271373e-01
8.045402462088325768e-01
8.087284348752367125e-01
6.473709751707188431e-01
7.834768343841570504e-01
7.844463750127699253e-01
7.152842434638508884e-01
8.135093352603159911e-01
7.335179396764814896e-01
8.053266842264997782e-01
6.913452386219544055e-01
7.613759334799099499e-01
6.291090518927541231e-01
8.420249760351502522e-01
6.888743319687238298e-01
7.170333122345388110e-01
7.940875982474057126e-01
8.486948331917032462e-01
8.544879005661585314e-01
7.113935814113772071e-01
7.867289644690811379e-01
7.028291172482019622e-01
6.751149139557356404e-01
8.461282302666689459e-01
7.102716653474189235e-01
7.776269376392891397e-01
7.739257490945381512e-01
6.881977608303158078e-01
6.807011821314026268e-01
6.374544792747363076e-01
7.513239998075648129e-01
7.039398579866480432e-01
8.285755878864300428e-01
8.392948549202422504e-01
7.998890157970284243e-01
7.917489618670978668e-01
8.853853623346382706e-01
7.629945054779809777e-01
7.315232768350561354e-01
7.280733702969333088e-01
8.430583403532769804e-01
8.242085872630984245e-01
8.862254211556018779e-01
8.340523606700412929e-01
7.052309829509805228e-01
9.026221520778937579e-01
7.962621794803141917e-01
7.119695621171425737e-01
7.495796032371709883e-01
6.908050177146832782e-01
8.915007325745810673e-01
7.602731997263670882e-01
9.141671363372201320e-01
6.596413430445570159e-01
6.670410175883303427e-01
8.160887619364668444e-01
7.164217642023894550e-01
7.728109322964999972e-01
6.984920368273194180e-01
7.353744391366369149e-01
7.457671295292234159e-01
6.768040937625201536e-01
8.282721427882978604e-01
8.071115724866779750e-01
6.821367606201097500e-01
7.925693662462494071e-01
7.520349493275813035e-01
8.507930142213488978e-01
8.541182525924845281e-01
7.560198583915375137e-01
8.441720234020890778e-01
6.770066155784493223e-01
8.207691095157290118e-01
8.587685135167643091e-01
8.069483379847702809e-01
6.688892304471101280e-01
8.136554726309576102e-01
8.886863171416871099e-01
8.968255685441889336e-01
6.972534456097927436e-01
8.231699201546243128e-01
8.290173107499549943e-01
8.410011844387660362e-01
6.573908475042838928e-01
8.309237522103343210e-01
7.385954083623708089e-01
6.937357769241145888e-01
6.677519370378491859e-01
8.250081625403798968e-01
6.785900282469845557e-01
7.826685020512720303e-01
6.705836280374419811e-01
6.483482868897725293e-01
8.884818026306952055e-01
7.064024490545898205e-01
7.842987215186324468e-01
8.813702401787587570e-01
7.882807234169686428e-01
8.219252497839067972e-01
7.978278869974029242e-01
8.414138328739699801e-01
8.708237141557960692e-01
6.729669297496753133e-01
7.584616482397241732e-01
7.747252663310387755e-01
8.864523840320500669e-01
7.100212935353334975e-01
7.094168008320108632e-01
7.894454902267560303e-01
6.779603447699460439e-01
7.752344992037485394e-01
7.104822025499476501e-01
7.106927456698600709e-01
6.942285644040281367e-01
7.964292639996087830e-01
6.043875162569681825e-01
8.480975001523826107e-01
8.252772312136200661e-01
7.565840559082134265e-01
6.234715052488704057e-01
7.580174264249834870e-01
6.561234061967491371e-01
8.631818221477464137e-01
7.657584195908265778e-01
7.285196244352831751e-01
7.250496661850461821e-01
6.202469386943849639e-01
7.200843422496349122e-01
8.121999843351774828e-01
8.011979720189819076e-01
7.675570689326132179e-01
7.396737127185303295e-01
6.844023495127635748e-01
7.832709059436233634e-01
6.112901130174430708e-01
8.390081791028967118e-01
8.934893314130186726e-01
7.708629761363855470e-01
6.988171823442059782e-01
8.001147870820403130e-01
7.679743950145722087e-01
9.410666222330199560e-01
7.999285421330805113e-01
8.202113741777422584e-01
6.046183390579352723e-01
8.633579616979736304e-01
8.500171340556574862e-01
6.210959668595922301e-01
8.567011269047563049e-01
7.611961775940612185e-01
7.485980673563972232e-01
7.911601753248163060e-01
8.149329406085509264e-01
6.997167389113978508e-01
6.462884918670743772e-01
7.138740264323696350e-01
7.357073973665687605e-01
7.888278301370801326e-01
6.698576812084122700e-01
7.787274849824873391e-01
9.113766407748097320e-01
7.396845582479010250e-01
7.050949050891780479e-01
7.981798321529255391e-01
7.983260220622866443e-01
7.941897456169769720e-01
6.542661645347047639e-01
6.711625731571625453e-01
7.568691103586678848e-01
8.143710641317715160e-01
7.763498387860299221e-01
7.222321381377394545e-01
6.817702344404081849e-01
7.125091020635568873e-01
7.662387067875970903e-01
8.716748586041732638e-01
7.919611603074722117e-01
8.315484629293549146e-01
7.967253391352625558e-01
7.560499728525192920e-01
6.598256352011150350e-01
7.016469928929557343e-01
6.800958367994888176e-01
7.697543606543046923e-01
7.590820929126418370e-01
7.062394310867605718e-01
7.097758068406552212e-01
8.319914926816612821e-01
7.161761696186063064e-01
7.469072667651075470e-01
8.103797043644903608e-01
6.789160771848901099e-01
5.826240663584449919e-01
8.566713981665919908e-01
7.946824550121706077e-01
7.312607541906797071e-01
8.362034475492167163e-01
7.825811814050770421e-01
6.994301095879281727e-01
8.309626047862608278e-01
7.737568918863712009e-01
7.635093829868115911e-01
7.743425399378727203e-01
7.167010894749966665e-01
8.432191612109141143e-01
7.263633697188346394e-01
8.549849936205264900e-01
7.065395433016576909e-01
6.993325442587374763e-01
7.293894117932184784e-01
6.938903192848380197e-01
8.775834523290327871e-01
7.558239672266532372e-01
7.352610820011237225e-01
8.821317469028006064e-01
8.301858837309021855e-01
8.012408615293471481e-01
7.544090912355846390e-01
7.435610722978260867e-01
8.393546463177542494e-01
6.909831139569470038e-01
6.649026486656347545e-01
5.887077161447796803e-01
6.615273638045261473e-01
8.929856125455614135e-01
7.641290167555755408e-01
7.235765078136904283e-01
6.912049024014988996e-01
7.740456060464092625e-01
7.219121733398649043e-01
8.051697483554246526e-01
8.839371142538924309e-01
7.442475326446861272e-01
9.153999179333702774e-01
6.440486312723703310e-01
6.982278583134103878e-01
7.813263177927731729e-01
6.331222145468903273e-01
7.224947470778073644e-01
7.696086974472540199e-01
6.586719109332889177e-01
6.904900867691731170e-01
7.730408883474848558e-01
6.290104748650676703e-01
6.139890286194947810e-01
7.102084743662679944e-01
7.296849395517752690e-01
7.746173409647935104e-01
6.699102965238906693e-01
7.766812433637555468e-01
5.984066772169810422e-01
7.863150540893321105e-01
6.982289051236337807e-01
8.502646940166991296e-01
6.870397607829373809e-01
9.011121781367258388e-01
7.681472689848084512e-01
7.050227918933061888e-01
8.791603852917144746e-01
8.341706981176131297e-01
7.200739463202289192e-01
6.934900109560370174e-01
8.134788207236333113e-01
7.607868721596646733e-01
8.908139366642811030e-01
8.380979911918644554e-01
8.817230550036078141e-01
7.574490780040581406e-01
7.889919746311065962e-01
7.446510718886508728e-01
7.470937120899495687e-01
7.554069778584662220e-01
8.169108161637260723e-01
8.428992941083929269e-01
7.991260999509891549e-01
6.726927692518994695e-01
5.727838808411556126e-01
7.214111712266113585e-01
6.233158831635944308e-01
6.599067214444843676e-01
8.449970620296957113e-01
7.413454103141856599e-01
6.207223666683177044e-01
6.733014205189320478e-01
8.986972053470937416e-01
9.192067575240788768e-01
8.668320430044887948e-01
8.580992734140552303e-01
8.486856227495935823e-01
7.882722465809481882e-01
7.526218755418916384e-01
7.225709640320678862e-01
8.211982755180006199e-01
8.807524100323079752e-01
6.373959731350342661e-01
7.287547356994695802e-01
6.773545100181480594e-01
7.939409253266478395e-01
8.027714776281981157e-01
9.082891280151663693e-01
7.259308621178534038e-01
7.891264880540821425e-01
6.730204049548493828e-01
7.631828429791640556e-01
5.880450553067813058e-01
8.137633875843395259e-01
6.476235185199668010e-01
7.032328487229292380e-01
6.099876306733492681e-01
8.213130884168763357e-01
8.523710176637868674e-01
7.988956932988806603e-01
6.892490291514772327e-01
9.056378117281936868e-01
8.121356622376805223e-01
7.488938760912932091e-01
7.457817500546503053e-01
9.009632394554816237e-01
8.279745662379529580e-01
7.749523521953465277e-01
7.888957620228050915e-01
8.410453226553037398e-01
7.697272829108721126e-01
7.357372677985322129e-01
8.906774668032406694e-01
7.433288278797940407e-01
7.608671446318627796e-01
7.760494400110515834e-01
8.510688609495268286e-01
6.335427088793493811e-01
7.746167742191850669e-01
7.902728121723797683e-01
6.978312362003281644e-01
8.005330654943941804e-01
8.703905678855100581e-01
7.131857138047383859e-01
7.858590838596750672e-01
7.361962833502752046e-01
7.303141490235858235e-01
7.313675789842498665e-01
7.312702220301269262e-01
8.872928787826807051e-01
5.917339740840896756e-01
6.954221531572158943e-01
8.269231584435616789e-01
7.981603236052779993e-01
6.749416628211180047e-01
6.799884073193890321e-01
8.106037371218539622e-01
8.707166990157876318e-01
7.664581871228710597e-01
8.880377557049224935e-01
8.604049667202399165e-01
5.931504946587510263e-01
7.961209652965246519e-01
7.194474818596050536e-01
6.436394832237538610e-01
6.657894474246138783e-01
5.783056929961373216e-01
7.199740167046657646e-01
8.422637026308376074e-01
6.990064453608828554e-01
7.914221241671410834e-01
7.914243912605835041e-01
7.915130555109413102e-01
8.221656364281084706e-01
7.252042837400429764e-01
6.243099514503388514e-01
7.966275705593206524e-01
7.285015385385402720e-01
6.306037804823526605e-01
7.463531653963501045e-01
8.220641427323084338e-01
7.934238611152629739e-01
7.445930351694304283e-01
8.072205597918054032e-01
6.996138000934094547e-01
6.380270380123949092e-01
7.164441465052117097e-01
8.877752812008562477e-01
6.992458036193828219e-01
8.425637689943105135e-01
8.574181874112413171e-01
7.484447748474153395e-01
7.193164652218034805e-01
7.072631145863560453e-01
8.319717883979486084e-01
6.472754965175508968e-01
7.900037839395270822e-01
6.841726518119539691e-01
6.460461767927135890e-01
7.835327611499340872e-01
7.911891295024211512e-01
7.758061040507605588e-01
7.025587149866533432e-01
7.541590513568628973e-01
7.897587723317884834e-01
6.890814062633391357e-01
9.006427477474455712e-01
5.778827012169618360e-01
8.608237948317930543e-01
7.164239209955746146e-01
8.678895328063415127e-01
7.375771718109745967e-01
8.226550046057107268e-01
8.132777790642227167e-01
7.163981754661449264e-01
8.237661657550905403e-01
8.582095146436429234e-01
7.680356631350664376e-01
7.008071500971869705e-01
6.746556526077914784e-01
6.648147377131750080e-01
7.783446058953362723e-01
8.993297435815094110e-01
7.478724785228259009e-01
5.938210847779963331e-01
7.856231596599376754e-01
7.923596326029057613e-01
8.114143961654874948e-01
7.780276752740612478e-01
7.208096965832894165e-01
6.861612966680216141e-01
8.286739731644079399e-01
7.296730748001369893e-01
7.241842085408704000e-01
7.398745609444461468e-01
8.191842764660551834e-01
8.217436173770663599e-01
7.332499390855710120e-01
7.172848914948236621e-01
6.224526965848311555e-01
7.399249869216850684e-01
6.070336202340688159e-01
7.343193238816094759e-01
7.786859270775073893e-01
8.252893713052511515e-01
8.356239936618578001e-01
7.326709303376324200e-01
7.727059051764647579e-01
7.474515089875943818e-01
7.931063531936031197e-01
7.659262832704867296e-01
7.352669438175472028e-01
6.614842680913144424e-01
6.525046257173051645e-01
9.230859469842326304e-01
8.783821480727966868e-01
8.804524019595971751e-01
8.217327473999476162e-01
8.391754075010195990e-01
8.166261930566717231e-01
7.842160749361893890e-01
7.209096651612109108e-01
7.948875432276346631e-01
7.449985093604264419e-01
8.806434655221875296e-01
6.492347304217920279e-01
8.064652938070780985e-01
7.975555253187958105e-01
8.145995217013368705e-01
6.505029193570437407e-01
7.648589998490507025e-01
7.882229256805666218e-01
7.628299162918237286e-01
7.887402366999187731e-01
7.084085933777685140e-01
7.875388381566829077e-01
8.134156087966343263e-01
7.540758809148748743e-01
7.112523767795190244e-01
6.830091260203501324e-01
8.371904323047191232e-01
6.292590870969750894e-01
7.859212646906229560e-01
8.302917255425311671e-01
8.606432411612890965e-01
7.226256819006507959e-01
7.259336281734293239e-01
7.646074746626417840e-01
7.876365217909929717e-01
7.653344252037304063e-01
7.648359294544844200e-01
8.299396109022530998e-01
5.835347957140214481e-01
6.669236465500238964e-01
7.980043652546263688e-01
7.615165859791763747e-01
6.084665176670489561e-01
7.629212423352932371e-01
8.311255517798031844e-01
7.232532997042714351e-01
7.170430436218419024e-01
7.125000427941267089e-01
7.860505574413585439e-01
7.152442390178060938e-01
8.284759110290517148e-01
8.242840948857769190e-01
7.900062614752768608e-01
7.154202324264627988e-01
8.632347986102871795e-01
6.532808951578062961e-01
8.173154502559958345e-01
6.286946017098052897e-01
8.145344778011794906e-01
8.270111172432337288e-01
8.801407010399274755e-01
7.363082485942357147e-01
8.218890555156537214e-01
7.665034812994637736e-01
6.833659479115883340e-01
9.266066600353863869e-01
7.611517751162687473e-01
7.683971605946124939e-01
7.859570717856675381e-01
7.184896677245873331e-01
6.462307417395015685e-01
8.746543269999293990e-01
6.861936931702856679e-01
8.103361528071904019e-01
7.872181764987031816e-01
8.305188120024449283e-01
7.579714814308691206e-01
7.897008497708983832e-01
7.196171561386767168e-01
7.102884884439332192e-01
7.385798438888141471e-01
7.813463884305166252e-01
7.968587703617112661e-01
8.226785891783012783e-01
6.282219771531871721e-01
8.153245087563649740e-01
7.608739406076153733e-01
8.305104447469608964e-01
8.089124582106763661e-01
7.511526367524901104e-01
8.086487840474305688e-01
9.008347057837321481e-01
8.148999934308989168e-01
7.290957829671996793e-01
8.706785640305704232e-01
6.869506896036911003e-01
8.229534299520183671e-01
6.072202641495040298e-01
6.508781845119033793e-01
8.467530429914109646e-01
7.292374814116142634e-01
8.418583938661694521e-01
8.444683603828356810e-01
6.731084745804750691e-01
7.709332859329010024e-01
8.111274813687526786e-01
7.115017212991751050e-01
8.987624808703738033e-01
8.422081699513297437e-01
7.647374010150148615e-01
7.483446624704765959e-01
6.848401719852207359e-01
5.883378646065589024e-01
8.394124770361178767e-01
7.686799423605372716e-01
7.427565149595951599e-01
8.355491308938701733e-01
7.901807856890868953e-01
7.449680440190511455e-01
7.274666814661014946e-01
8.641499990616144933e-01
7.530400278619432397e-01
6.794251149557405389e-01
7.114534560733283275e-01
7.731047843625050708e-01
7.161559848295134811e-01
7.976651644239365346e-01
6.876778805790184634e-01
7.034436463458904054e-01
7.587292773237764854e-01
7.313504639790964212e-01
7.115512667849919204e-01
7.646859233331200212e-01
7.554531165892248712e-01
7.732495209628289512e-01
7.874914252848339569e-01
5.846492212945915146e-01
8.071567167659248199e-01
8.145558496686127192e-01
8.593377572346410087e-01
7.085970712193603305e-01
8.322432466781789495e-01
8.093758871356309115e-01
6.700183221115235677e-01
8.782320970166151985e-01
7.383933563722360205e-01
6.995110375580885220e-01
7.848059600935691771e-01
7.653737454710797250e-01
8.147530315264698286e-01
9.194286660095875030e-01
8.193892016790733646e-01
6.694656501780259505e-01
7.569761923933452374e-01
7.492714843075471975e-01
8.453330042885374151e-01
6.477386013228891848e-01
7.989512513619853040e-01
7.218765456701852212e-01
6.936979537012480934e-01
6.253543021248462175e-01
6.511949642974180774e-01
8.378316322388469350e-01
6.220548899616976657e-01
8.491701789129536548e-01
6.778775072759004594e-01
7.791764577239336242e-01
8.052939681086531687e-01
7.723163410598797851e-01
6.532152985683172819e-01
8.768515008324702098e-01
6.636969958477048070e-01
8.972400342016341179e-01
7.173448931781990501e-01
8.568614224534893964e-01
7.098583850687175678e-01
7.408524623592487313e-01
8.422315796010261257e-01
8.588158978897474372e-01
7.319270403851746432e-01
7.393675744660495042e-01
8.203963099827263905e-01
7.433331236617763960e-01
7.927022785462984888e-01
8.483010779856031691e-01
6.901241502346348033e-01
6.895755421354591297e-01
7.634681808756006438e-01
7.521637428410579140e-01
6.922071729559777786e-01
7.987351050499109650e-01
7.795526828469379055e-01
7.798045749270443583e-01
7.445760047175706831e-01
8.523562655199378169e-01
7.368865795181848144e-01
6.810276679021716184e-01
7.617685466246932879e-01
7.098043281765313850e-01
8.066712891635352545e-01
7.778666180819217013e-01
7.231717659891976346e-01
7.403547713630731497e-01
8.151369106881596327e-01
7.895060759333338840e-01
8.518217815576455409e-01
7.327492378503733805e-01
7.766794590892908134e-01
7.058324413951718723e-01
7.021938027866764243e-01
7.904700837007347936e-01
6.511887761781087747e-01
7.061553540279045249e-01
8.998509254706319460e-01
6.626608805530943558e-01
7.252311053962166021e-01
8.490644484202346520e-01
6.156914697392877889e-01
7.429323536898010394e-01
6.970106142610615896e-01
8.260351936694396713e-01
5.745500508299636877e-01
7.625366570196222549e-01
8.011700710601962205e-01
9.328232656666656242e-01
6.945684444906219390e-01
7.458551289865744671e-01
7.988336453011699589e-01
6.945561263697855869e-01
6.211568290147525540e-01
8.912204209112211117e-01
8.547848651002734055e-01
7.738738778868445856e-01
6.850391963629411940e-01
8.396385250428297642e-01
7.657974976192180039e-01
6.961201576360335208e-01
7.440554101183276536e-01
8.313576054740853261e-01
7.073283854184267971e-01
7.218348122681864654e-01
7.486435393790840109e-01
8.445375422460706938e-01
7.739246058009895401e-01
6.279962325268836354e-01
7.553543914922976610e-01
7.676852122953748969e-01
7.205318221466748829e-01
6.899018650187560553e-01
8.483617771183110667e-01
8.136730070039422946e-01
6.748874625931892135e-01
7.563181033661904307e-01
7.215072812941795144e-01
7.426197997359702541e-01
6.578274144128338774e-01
8.527189447114766896e-01
7.281813181271221680e-01
8.745735663934038895e-01
7.045685812501797374e-01
6.907070440493490171e-01
7.413593723488501874e-01
7.471298403422342860e-01
6.760187704624163185e-01
7.790378157229618239e-01
7.092154648968596042e-01
8.732176672499019077e-01
6.321745132759796215e-01
8.811553370192456436e-01
7.814938222414390401e-01
7.367191480041473950e-01
7.793083931430792033e-01
8.726972072262212388e-01
7.225779441544304404e-01
6.796744548026006916e-01
8.162888270072111707e-01
6.911886448307517083e-01
5.991367827675618818e-01
8.267192255616693242e-01
6.882923575384313208e-01
7.835190445765837230e-01
6.932583542462451565e-01
7.380182215105660637e-01
7.828909331838680430e-01
6.927859597999164176e-01
6.162790391651934430e-01
6.971992652850516059e-01
9.178185291495121190e-01
7.289424620264788324e-01
6.251099808264357627e-01
6.942456305547244355e-01
9.457734494466716324e-01
7.119825566771900149e-01
8.345021656390256837e-01
7.028762771825354250e-01
7.399822716827666458e-01
8.365259212717177650e-01
7.748849289572766752e-01
6.725588280765458782e-01
8.347086089976593071e-01
8.059339940965575266e-01
6.920908719993079661e-01
8.056742682056479143e-01
6.633358162713013373e-01
7.554726915136137366e-01
6.578216881360408053e-01
8.670334331631872615e-01
7.257040653840046707e-01
8.476964243751837769e-01
7.049737007646224018e-01
8.489135558244125246e-01
6.752354186491233978e-01
6.926068062766125299e-01
7.209010739034636961e-01
7.926556689756572016e-01
7.288933414408256262e-01
7.074367919227229073e-01
8.447019668132698111e-01
7.584613863623452801e-01
7.059258222757002210e-01
8.155047351413897694e-01
7.873792360753973929e-01
7.216755961707166378e-01
6.933815306343803497e-01
6.984587758089157994e-01
6.873548339764585791e-01
7.992989084333282923e-01
6.760617550389462771e-01
8.327272886259960982e-01
9.021718077023633819e-01
8.722709476127352701e-01
6.897092081510326489e-01
8.590186573049626295e-01
8.672249850835056506e-01
8.877217918342009684e-01
7.683372334271599824e-01
6.842706693290497855e-01
7.191624393114443015e-01
7.668432933562826515e-01
7.488056468435845270e-01
7.417911205963360066e-01
8.065333104377856444e-01
6.680024138549048862e-01
8.221333113137782034e-01
7.658440758267882620e-01
7.022435480022604093e-01
8.461127104301127133e-01
7.494595130059112931e-01
6.954263637406118415e-01
8.211514456249918714e-01
8.860426062117739976e-01
7.382486360428442973e-01
7.075518048907722957e-01
7.428800358950742311e-01
8.276925186453228944e-01
7.357085260135570737e-01
7.434488166285734279e-01
6.459256286307073491e-01
6.939229849393401262e-01
7.802196713795049865e-01
8.779205073720411923e-01
8.449052757627805166e-01
7.628190945441705173e-01
7.573945985395579283e-01
7.752644152914499598e-01
8.561719689848662496e-01
7.270284628746728206e-01
8.115520059237776307e-01
7.608326472554337583e-01
8.183197791362969431e-01
7.774668443482525282e-01
8.478592512976306228e-01
8.653059931070080646e-01
8.117731472618006094e-01
7.241870278793386406e-01
7.422488286032618010e-01
8.424941945796343701e-01
6.444640405830582841e-01
7.720208026101469390e-01
7.104032266009585594e-01
8.136716817033157190e-01
6.713295179785080391e-01
9.046180318219055883e-01
6.531379166961124305e-01
7.474488878184221141e-01
8.896633893121546066e-01
7.772023808830127445e-01
8.352566420886965437e-01
7.325551963683174517e-01
8.484072370443356270e-01
7.171782651018345778e-01
8.074692798625673351e-01
6.032354615036128465e-01
7.555501567285136666e-01
6.954689212779064933e-01
7.909887581004629853e-01
7.447460620881989346e-01
7.688508202247447132e-01
7.659991552058361686e-01
8.163244944312038065e-01
9.244651182526336664e-01
7.404293742200881434e-01
8.550868839968082114e-01
7.271327031246043182e-01
8.397242464064724743e-01
5.954461424406077841e-01
9.214776449718294904e-01
7.122616534051994241e-01
6.712539592753973272e-01
7.358036067265320002e-01
6.464147341208551500e-01
8.013211922629069894e-01
8.080888868191455909e-01
6.604568587542631874e-01
6.978257235851917928e-01
7.182188386774082112e-01
7.043007700515767633e-01
7.254240976950131481e-01
7.846937523087103017e-01
8.390817564640947746e-01
7.629926884444218071e-01
7.044635540807550056e-01
8.592857660391215457e-01
5.835754507238288813e-01
8.319263973842979665e-01
6.902740941528089369e-01
8.595069515239582847e-01
7.995030070305875203e-01
7.211636066775656273e-01
7.372275795889077221e-01
6.582880793786273221e-01
7.255547940572946164e-01
8.528966564031790210e-01
8.184050272799915371e-01
7.503336516059070371e-01
8.337456272559122805e-01
7.904984472956867458e-01
8.694972788417758558e-01
6.970652438246288662e-01
8.874054523578309706e-01
7.105104445246210876e-01
7.793225449331354637e-01
7.581695356462037072e-01
5.876485145517825748e-01
7.929032673762147487e-01
7.885969379037792715e-01
7.863485414721357314e-01
7.859302059938342300e-01
7.517597898982725235e-01
7.717444134672236666e-01
7.804147865036910048e-01
6.605321699068302799e-01
7.819316670709670625e-01
8.078000640331830517e-01
7.767095484613554257e-01
7.426001854044137485e-01
7.579798832080641979e-01
7.165318396472618589e-01
7.290455974460233746e-01
7.090453946887729231e-01
7.477532374787178027e-01
7.837189646418623035e-01
8.284230714529206008e-01
7.912207883089512617e-01
7.908644407365417184e-01
8.035551375319355261e-01
6.660349531214045937e-01
7.567408969092414006e-01
8.914786024656546903e-01
8.841671876848948841e-01
7.355842780934168657e-01
6.926589658195314581e-01
7.508785362770472593e-01
8.613276778478760054e-01
7.265841552582955609e-01
7.264814133954857756e-01
7.132544490459233888e-01
6.286646494035431632e-01
7.305095899709050933e-01
6.347405251818567518e-01
7.296434586029133529e-01
6.511988128156556144e-01
7.276956428319204528e-01
8.469111131158340022e-01
6.949174594001437111e-01
7.937905064607378991e-01
8.014012749197221286e-01
6.786375950245658872e-01
6.714086903909135540e-01
7.335620338129175133e-01
8.104121402916385497e-01
6.459283583301997922e-01
7.673661711303474409e-01
6.837387054536283593e-01
6.745316355976606060e-01
7.244257854161930688e-01
6.993956339472072736e-01
8.027748520018915812e-01
7.761731885184168789e-01
7.362530697657967416e-01
6.695265836667320114e-01
6.842228470808338070e-01
6.873391062425430187e-01
8.792568991685340007e-01
7.123665681133166672e-01
6.867759282864486226e-01
7.527804838234291029e-01
8.810140489006900166e-01
7.619345024711610126e-01
7.452569319014438198e-01
7.206676865559772382e-01
6.747232880174804937e-01
6.871223653261556708e-01
7.215477258347074985e-01
6.954991783428073893e-01
7.488533945232966893e-01
7.515724165731055839e-01
6.566235612258729537e-01
7.080454836658376383e-01
8.847736568253843359e-01
8.708019561123576668e-01
7.287908121282496987e-01
7.621965234048408977e-01
6.759992003939199190e-01
7.477716395907273439e-01
7.208436576445689248e-01
7.889437364411152620e-01
6.892548211149115422e-01
7.734992178412718467e-01
6.826617956814258203e-01
7.747740604532201703e-01
7.131800663155386522e-01
7.534967936366628871e-01
8.222871822194784963e-01
7.274253611741086090e-01
8.008484129217540159e-01
6.365300194897874908e-01
7.362054537301262469e-01
6.956238822672816680e-01
8.897210028246863578e-01
7.840974932778627116e-01
7.960504769216162346e-01
7.409125537381048288e-01
8.600334801800951778e-01
6.474061572118181562e-01
7.515359336098463849e-01
8.153028845925788248e-01
8.173966449579154192e-01
7.677090013936470614e-01
7.726397727984549713e-01
7.547185573436905326e-01
7.042447831420515225e-01
6.347025794509619789e-01
8.211995977369509481e-01
8.657170888209712034e-01
6.546379653731049242e-01
7.362154849871207496e-01
7.061355415436452176e-01
6.899136343090648271e-01
6.308098517297793251e-01
6.013938053407507089e-01
8.480073162705060730e-01
7.073307435191171777e-01
8.005495490312337648e-01
6.713299125370064679e-01
6.977791793450887070e-01
7.188156275315511490e-01
7.609684035304539185e-01
6.940578565949625522e-01
6.314639383144557971e-01
6.963060379489427465e-01
6.514235176890712520e-01
6.636477219706661268e-01
7.464599039109841572e-01
8.207541557197044479e-01
7.761278315414819051e-01
7.348719213929488792e-01
9.183294480259722725e-01
8.561034643175949865e-01
5.853338482684218302e-01
6.849331967794872744e-01
7.511244020541522071e-01
7.067001409241798759e-01
7.851551193148862406e-01
6.902216597934467401e-01
6.152429126952959626e-01
7.651794489803425137e-01
9.200631419389994070e-01
7.902438448371891244e-01
7.644052470225454199e-01
6.303043944567324752e-01
8.079109743033202617e-01
8.685879134455543049e-01
7.458457077563529491e-01
8.249233523626180453e-01
7.407212664080542464e-01
7.341213323202218088e-01
6.491903695791653162e-01
7.846100864687570731e-01
7.764198670235489264e-01
7.430302278693011742e-01
6.858525989520147803e-01
6.896990310215124209e-01
6.737165925436959801e-01
6.416419199656709926e-01
6.901578028376462726e-01
7.626693899173465629e-01
8.291966010428656331e-01
7.390433737602376540e-01
8.583968491567470771e-01
8.448972490965925841e-01
8.443371799267281874e-01
8.384461883678969718e-01
8.268265442222054729e-01
8.293637022235113010e-01
7.670325799334858363e-01
6.690659773848189884e-01
7.793106246782522950e-01
6.675915393171385492e-01
7.791907284588881488e-01
7.585727565263074013e-01
6.747451992721883451e-01
6.498056040140222089e-01
7.665160318191941435e-01
7.473700082741416839e-01
6.825304682968026393e-01
8.035026199173493922e-01
8.801817678753908192e-01
8.081984343400997473e-01
8.744294396107950007e-01
7.338626356059260170e-01
7.928937079954164746e-01
7.010590771047870984e-01
7.112512576615372950e-01
8.304840170409609756e-01
7.061713972684671159e-01
7.567123979297841752e-01
7.625862993395438050e-01
7.390432788243366247e-01
8.847685493711469062e-01
7.542718501168136358e-01
8.501540644311387229e-01
7.344111201717898885e-01
7.845876215964145972e-01
8.760220163850327424e-01
5.824887695002196608e-01
7.860546811225226360e-01
8.338306629328547936e-01
8.031335982785827721e-01
7.933321998783120499e-01
7.230677398343569040e-01
7.165945331447777233e-01
8.043435957600446606e-01
7.943769831757738764e-01
7.939259918890347878e-01
7.428260534366484258e-01
7.857616293380160766e-01
8.346702068186081513e-01
9.102220219988713668e-01
6.969899280750363468e-01
8.281637169190350090e-01
7.245383733423776951e-01
7.797599709741647178e-01
6.712368338735267281e-01
8.282677722353382066e-01
6.646017477977184118e-01
6.973634575653000489e-01
7.330257910599404791e-01
7.928400812892146821e-01
8.400465467613701387e-01
6.041670161723563526e-01
7.718713272955265436e-01
7.577225844313169034e-01
6.414939677997629763e-01
8.132468395786422999e-01
7.933462696412836301e-01
6.644736500902975740e-01
7.727318930751738701e-01
7.266063071223648473e-01
7.687573937724548889e-01
6.612722877338349514e-01
7.354728071499052611e-01
9.014258163176448457e-01
7.008690086396268670e-01
7.078240145928057503e-01
6.925141437450579307e-01
6.732458168163700796e-01
8.403991525657068529e-01
8.341159545357227367e-01
8.513721604849695535e-01
7.264284770440695427e-01
7.366049082237285939e-01
6.493378252837641584e-01
8.226771737671348950e-01
7.510454344978813035e-01
7.032842138842975155e-01
7.112480245441570315e-01
6.907836910148718035e-01
8.693316594339174364e-01
6.900701897708264587e-01
6.780990335463848995e-01
7.097756727829311885e-01
7.968170140881950525e-01
7.200518821991080953e-01
7.436214635216089608e-01
8.105163324403772407e-01
7.276027589061526690e-01
6.908964765716507639e-01
7.268804165948243856e-01
7.782336018439784953e-01
7.195524107878292774e-01
6.993715420579446063e-01
8.281994976069385617e-01
8.219317057888814171e-01
9.348209523919482900e-01
8.354721476227993104e-01
7.223960418128743122e-01
8.377371462718428141e-01
7.148962155757264680e-01
7.252096268027038439e-01
7.579275376347748283e-01
7.189582361845598957e-01
6.874487480972986120e-01
8.075205375279054243e-01
8.247702244268033667e-01
6.116494207699267882e-01
7.293517332058540026e-01
8.040926691834278106e-01
7.597144307850576261e-01
8.006669685730074537e-01
6.807246881107535952e-01
7.053248704795769264e-01
8.257093328266436050e-01
8.132060779235007475e-01
7.213390618066264359e-01
6.333350232483069275e-01
7.132289946951914095e-01
7.875715688050168861e-01
7.830156370734132620e-01
6.657631176859915012e-01
8.326384980192929053e-01
7.846175163678559272e-01
8.902246244927206620e-01
8.254669506061197426e-01
6.878006307348947246e-01
7.462907770222189097e-01
7.299465687951551818e-01
8.386009193565516773e-01
7.357245625678950907e-01
6.946116978113329177e-01
7.558131283866263983e-01
8.101901170773361249e-01
7.040736179224260649e-01
8.739256827315763365e-01
7.420390865810668757e-01
7.867397322211615585e-01
6.564448543992291718e-01
6.919197267004573160e-01
7.392126935071485772e-01
7.539167033774848425e-01
6.593155355489443981e-01
6.252739358718860663e-01
7.564730471379834675e-01
7.797459918521115751e-01
7.433454088190107889e-01
7.840088097936837030e-01
7.466950219023680280e-01
6.863653660430588666e-01
7.153872669947282104e-01
7.814664083369270431e-01
8.167911331405056652e-01
7.869738382319909631e-01
7.523015408873883203e-01
7.904698585600075100e-01
6.274319040033866646e-01
6.048812775102655470e-01
8.095385517643999274e-01
8.973928709524398029e-01
7.729577242050239549e-01
8.479959577324071018e-01
6.333083667991583621e-01
7.200572015897653833e-01
8.504510464550961713e-01
7.813095897236334020e-01
6.118183496563136536e-01
7.214031398200080325e-01
8.297958910584580794e-01
7.320366379429633641e-01
8.141854983599422502e-01
8.697826160455183198e-01
7.647003302478851960e-01
9.180644497526599945e-01
8.524787460530770522e-01
7.902511679980007697e-01
6.173242935478129301e-01
8.678940021885767075e-01
8.774795885318943389e-01
7.122567784912564592e-01
8.250628218011417658e-01
6.547988740283647857e-01
8.098043941437620408e-01
8.518730252888013776e-01
7.074140237631427741e-01
6.582294781164259589e-01
6.592258617497764872e-01
5.825546111905046676e-01
6.660472432452858582e-01
7.097652141478967280e-01
7.383762723274412965e-01
6.109714678190482084e-01
8.349506541838234153e-01
7.543471329688906657e-01
8.040261608835037599e-01
7.174138864763903722e-01
8.909750117075744269e-01
6.923161362517163964e-01
6.954587599967825273e-01
5.913380339606087999e-01
7.721531248691705374e-01
6.738715032128712590e-01
7.582262182297763164e-01
7.252723539702331523e-01
8.792572295542024907e-01
7.452394372237539644e-01
7.662924208457169151e-01
7.529256071017800256e-01
7.609203376785395045e-01
7.935863260742526126e-01
6.969079483987836721e-01
7.010679903767216281e-01
6.615519544057485435e-01
7.025469128851434819e-01
7.591763437584521101e-01
7.778727135925059821e-01
6.471826490602382576e-01
7.608771571692346525e-01
7.034673812877987320e-01
7.446854278708390229e-01
8.514054646964183126e-01
6.456480633254134682e-01
8.155361352268236663e-01
7.354389518687756144e-01
7.417002772667576904e-01
7.365910459241201691e-01
7.007249224764362516e-01
8.165628192292317955e-01
8.803601505144034167e-01
8.121365025302720309e-01
7.372163151740138698e-01
7.157131938221493739e-01
7.075980648640028958e-01
9.173423789641229620e-01
6.889297194134319513e-01
7.301525109334217056e-01
9.355567831265454437e-01
7.754498275247511119e-01
6.993581696870589948e-01
7.786413648991216130e-01
8.042202168569091425e-01
7.996805723268293198e-01
6.925739551446924436e-01
9.050243573992473589e-01
7.950519035931634670e-01
7.611235557679744135e-01
8.042757033173217884e-01
7.323163786749410376e-01
7.252518677345157760e-01
8.307209481174011589e-01
8.407949227706912332e-01
7.772369036796953345e-01
8.362587782578105866e-01
6.839967919598770596e-01
6.727729590897729706e-01
7.511836757057585023e-01
7.236988701409775571e-01
6.647528614077844455e-01
8.359531205806343124e-01
6.876055130585262409e-01
7.878514393281466077e-01
7.231267447903216850e-01
5.835741577902416877e-01
8.302880148557314488e-01
8.075671964159248928e-01
7.305611903411340924e-01
8.461851909804981586e-01
8.216903470313192681e-01
8.861605282272918549e-01
7.959418288857200707e-01
8.117232607299439406e-01
6.907805678295666496e-01
8.218364624263722051e-01
6.954886135374066525e-01
6.581678374579710278e-01
7.496542162732585668e-01
7.387756968495542420e-01
7.075324478260691663e-01
8.385410390964133098e-01
7.696373425073542718e-01
7.351656165921849340e-01
8.538275512123864042e-01
7.420681657200743908e-01
5.985903057202902611e-01
7.461504091573136765e-01
9.020244821999108265e-01
7.288128609259116875e-01
7.985827145523579640e-01
8.611859818938638611e-01
8.244457191730322210e-01
7.097762289050534301e-01
7.324745450346442643e-01
7.817816704844785525e-01
8.324117530045738178e-01
7.971183570418476361e-01
6.359368166000850531e-01
7.895303753089734089e-01
8.578809391270879603e-01
7.953809600398090707e-01
6.659818181353618360e-01
7.693808067214131796e-01
7.395036262003594763e-01
8.164253076400813658e-01
8.109358857016765176e-01
8.108068419880704036e-01
6.734345853057811526e-01
7.526543636409701588e-01
7.012878701535802950e-01
7.147287675795214179e-01
7.960166506908339379e-01
7.426117644565142228e-01
7.458981516156838465e-01
7.653404189748433950e-01
7.253960346497868583e-01
6.903181446792251430e-01
8.590633885959220173e-01
7.333879849222414427e-01
7.405231926520826624e-01
8.841125347641463073e-01
8.536945953336488868e-01
7.865179406979647680e-01
6.967093799987178482e-01
6.536176117528814666e-01
7.282709864066991834e-01
8.136509676950312020e-01
6.605708069216784661e-01
7.468340686615246860e-01
7.434070873395649537e-01
7.834566058849389281e-01
7.309747547438615323e-01
8.218088857661387525e-01
6.760082001941900565e-01
7.520214726878000633e-01
6.864749112813334220e-01
6.817037985745449946e-01
6.937401530462742327e-01
8.189407715084616735e-01
6.824278200466437072e-01
8.488674229416971473e-01
6.169528002685477075e-01
6.370124979564292245e-01
8.290750628545641154e-01
7.983357868505575050e-01
6.796861836995278239e-01
6.965749120740003519e-01
6.961268575127906866e-01
7.224281780758918803e-01
8.180732241983775799e-01
7.451962599562277356e-01
7.734121406465962467e-01
8.449104221137035964e-01
8.149281946318394088e-01
6.910577733405480760e-01
6.224806446011497130e-01
8.005078859649572554e-01
7.170668548484148141e-01
7.445372785885358002e-01
7.843563520253273857e-01
8.564143861518143108e-01
7.063568330204562651e-01
8.455382761618615017e-01
6.363908278935562768e-01
7.523406872096396469e-01
7.537286247972705411e-01
7.781590307033326992e-01
8.065705761579696764e-01
5.952178254870091889e-01
7.643186640188269765e-01
9.383701148801056879e-01
6.566740160261891335e-01
7.802210054176238474e-01
7.004558975284168598e-01
6.627168419638352903e-01
8.460027224515008770e-01
8.824779106303392018e-01
8.707767533874516408e-01
8.008921206768251366e-01
8.164021233387100951e-01
7.733780798222176234e-01
7.383758406649828521e-01
7.871607534241572557e-01
7.178598178036008637e-01
8.715958244511472497e-01
7.689182691876395026e-01
6.426788666310627729e-01
7.905940325330813589e-01
7.520676903875399555e-01
8.432617695254563950e-01
8.971221276950476220e-01
8.536583997839828353e-01
8.869720486624178557e-01
7.032279481166111568e-01
8.344756473628885951e-01
6.532451221844997047e-01
6.891192999495200366e-01
7.872656646070859132e-01
7.780650685005340295e-01
8.001852885278891714e-01
6.722425550194705002e-01
6.955911853706309156e-01
8.415855175923374620e-01
7.926167234692018670e-01
8.260485703559049542e-01
8.085713719298420754e-01
8.345424931133059721e-01
9.010954305929641528e-01
7.340219147001109112e-01
7.860290099358812066e-01
6.752316648535040544e-01
6.964568734727198951e-01
7.637541203863968953e-01
7.965070182661195819e-01
8.281592691716795906e-01
7.899523084496814507e-01
7.135983299213631836e-01
8.979563544302266997e-01
8.506066951311288538e-01
7.003878128731049202e-01
7.609440937711531294e-01
8.693841680683619400e-01
6.722703624654653431e-01
8.626528809439745205e-01
6.302187785877014781e-01
7.180377797752204305e-01
6.843515579767984747e-01
6.641563663850709176e-01
7.060890472232155268e-01
7.981895884321771328e-01
7.034559392960747504e-01
7.019384976407605503e-01
8.227668769917911851e-01
8.200872079072762943e-01
7.829221796742478201e-01
7.419075358242019913e-01
6.617502017725012120e-01
7.599612566834405003e-01
6.886091145605470754e-01
6.464995036742144929e-01
6.608912082205750105e-01
7.982290347288655274e-01
7.517917471684243402e-01
8.356857544243571079e-01
7.454251779346928730e-01
8.304352201202108708e-01
5.732130755060382832e-01
7.883521031597230388e-01
7.992526170934447505e-01
7.951585928466585740e-01
7.558298960004808942e-01
7.497129970438908275e-01
7.001290962543921248e-01
7.017945609407606478e-01
6.328384686835479833e-01
8.161346202535439964e-01
7.995254668825885203e-01
7.603412073442783470e-01
7.817685919271305517e-01
7.295336474871969568e-01
8.557320273072291927e-01
7.250032013309880563e-01
6.294633425664898363e-01
8.265751804359884325e-01
8.399120239193209603e-01
7.870651436521890476e-01
6.677339122733699783e-01
8.651930959134672694e-01
6.708271863626622533e-01
7.749355230556542740e-01
9.144602633630011246e-01
6.508554504646945071e-01
7.811138585011139224e-01
6.727968119198358687e-01
8.117488035450513006e-01
8.300970355700753034e-01
8.427071916759930614e-01
8.372138138287377185e-01
7.683128360355120368e-01
7.179322685357915068e-01
7.927032311933348563e-01
6.592864418920173497e-01
8.558282878043534936e-01
6.822914155722804574e-01
6.945866278112986514e-01
7.729106633019889872e-01
7.026639067885406265e-01
7.764042681688061442e-01
7.429777602003233561e-01
7.846456465007117798e-01
8.260810559142778287e-01
7.051963742384488310e-01
7.657709622982205033e-01
8.376995995979800158e-01
9.057242284061695070e-01
6.385803036289302570e-01
8.546325925321874850e-01
7.360691956358831334e-01
8.533687218601035962e-01
7.950027974378904849e-01
7.427794007183948777e-01
5.989583278494506891e-01
7.448033332701554654e-01
7.340753887847658588e-01
8.874365746398530375e-01
8.549158663185850715e-01
7.210708439705190154e-01
8.586693135539759103e-01
7.673209359402496377e-01
8.306155818383690326e-01
7.691556483862365123e-01
7.689738481163198580e-01
6.636491149974799164e-01
8.667281447033678976e-01
7.331497214376134774e-01
8.889057947353171674e-01
6.981852668664083605e-01
7.368168050297354554e-01
9.229393162990150445e-01
7.686482171373265615e-01
6.763905708425718144e-01
8.108291004708326755e-01
8.483855640609664350e-01
6.849261249318571165e-01
7.769208217629081092e-01
8.742070273638458122e-01
7.929604676893350357e-01
7.753158639324542190e-01
6.453133040886415150e-01
8.489247016072989371e-01
7.604003393319310744e-01
6.688137358667480825e-01
7.868312038513612938e-01
7.293101659930363301e-01
8.444529221364465155e-01
6.807904902850824280e-01
7.124778592720174553e-01
7.748236358823870074e-01
5.958089672768469569e-01
9.387096003321941939e-01
7.193029032426700997e-01
9.384020078633167339e-01
8.858776819365355992e-01
6.994217796107153884e-01
6.514060977944361452e-01
6.659311054312591072e-01
6.802375912385159040e-01
8.597978410645704672e-01
7.202586187047383959e-01
8.746081009086802416e-01
6.206258180435055838e-01
8.475505860378974576e-01
6.909996420564253894e-01
8.718654158082410621e-01
7.019972831025841353e-01
6.003703594560397816e-01
8.005640616341025417e-01
8.723247328080735441e-01
7.861865631317885850e-01
7.790255903318906716e-01
6.662062395018724104e-01
8.250546239980721674e-01
7.890829706945877708e-01
7.915758095270596373e-01
7.021714826370560880e-01
8.263505795602509307e-01
7.422561167720882480e-01
6.890648210454186628e-01
7.644476604989111079e-01
7.705821519745914561e-01
7.014032544424534388e-01
8.840798074668866358e-01
8.163827121397858599e-01
7.584363307705160873e-01
7.862156681192029595e-01
8.094505356091710180e-01
9.088416537174716092e-01
7.699274423215771712e-01
6.539289487833567227e-01
7.196535517184861064e-01
8.813400495803890289e-01
7.775855175949543119e-01
7.871809646890858270e-01
7.693286900358496938e-01
7.565866723137535388e-01
8.043115742229762777e-01
6.343357855551373659e-01
6.664742650450411476e-01
7.572903679333445881e-01
7.297762386738264606e-01
6.688032273573673026e-01
7.417500062808104477e-01
8.634670813804835587e-01
7.444007557250232887e-01
7.685253743746714994e-01
7.129823471108061028e-01
8.019711491181418239e-01
7.218884426031203505e-01
6.554826939248198370e-01
8.604825997934052451e-01
7.177372493114960728e-01
8.535811889316335943e-01
7.261052241124245077e-01
6.657634939335177471e-01
6.627100064347785091e-01
7.804107354207223679e-01
8.120972285904016763e-01
9.410126419552310439e-01
6.638448880943782493e-01
7.006005634048173558e-01
6.658326068549871302e-01
6.253706828271295981e-01
7.573595239941989243e-01
6.770220655214240768e-01
8.309211697349100367e-01
7.631748644039800800e-01
7.586909401129463548e-01
7.944996395100156761e-01
6.527083921754283091e-01
6.560084919915194490e-01
8.008481445196210524e-01
7.780667081641901017e-01
6.272882937122263858e-01
7.000232998439995802e-01
7.204060184567566694e-01
8.597557723899281745e-01
7.238687201310037844e-01
7.736521990716234143e-01
7.022207399073229217e-01
7.283200598175461060e-01
7.940671174162652335e-01
8.973678670815503633e-01
6.410566163474240575e-01
8.014929957488912127e-01
6.383832753951187433e-01
7.368524413191879230e-01
7.173774857794692483e-01
7.904247082528971236e-01
7.074965486635541589e-01
7.464360874930299206e-01
7.057259748746957939e-01
7.762029744958349742e-01
6.966188688574060928e-01
8.129619073821721109e-01
7.610848367634970302e-01
6.656680768206012511e-01
6.342824316311028721e-01
7.502737427025600869e-01
7.581663145191405162e-01
8.348049715558579775e-01
9.101339510731725202e-01
6.509750987146791790e-01
8.399275814343847291e-01
6.533336788837623699e-01
6.863867512583775587e-01
7.951034329412653978e-01
7.484592657972238827e-01
7.509379446882108455e-01
7.399728511128743635e-01
7.234604301365953338e-01
6.634929725574724158e-01
7.529023837060313529e-01
7.234909833990861294e-01
6.919342278413059821e-01
7.946869083514480625e-01
8.175570965048443162e-01
6.798263144437728389e-01
6.043973004969276364e-01
7.694013343868144617e-01
6.223806347379039483e-01
6.211567597871624491e-01
7.129959618721732895e-01
7.422030455798993565e-01
8.216708081045106526e-01
7.823513234617244239e-01
8.061671397984480070e-01
6.976390178285825083e-01
9.021292605834321243e-01
7.221607685758140160e-01
7.725639264272695650e-01
6.697338706967435051e-01
7.073654702694782692e-01
7.632649818306016520e-01
7.803573546156152840e-01
5.908981202685498202e-01
7.603997756236414718e-01
7.329016899063653945e-01
7.305480067575664815e-01
7.514323739731278984e-01
8.338413329991457568e-01
6.340076741609338429e-01
7.315976585967221002e-01
8.015893725232401401e-01
6.743197888424620201e-01
7.485377148509521072e-01
8.146664580994618099e-01
7.798112942837115424e-01
8.956887164880715790e-01
8.029801559423147550e-01
6.822393821567894756e-01
7.367162280593301249e-01
6.352660294149996556e-01
8.732275941319876944e-01
7.557670385355262921e-01
6.446593411622014713e-01
7.454146844828912766e-01
7.302564599935831291e-01
6.254436561408615036e-01
7.250196655812339852e-01
7.269849543298679828e-01
7.351446238943251110e-01
7.547597136674679685e-01
7.265308367389775590e-01
7.772156757643642333e-01
7.909658820979621474e-01
8.306217702814538972e-01
8.042393696445409024e-01
6.868400266479960381e-01
7.219471146860405586e-01
7.053881217239769130e-01
7.287150839608226294e-01
8.027160780297647458e-01
7.331035341689576823e-01
8.155750225500174588e-01
8.383736652959118407e-01
8.020460061676444319e-01
7.469535969149804222e-01
7.785473577958680336e-01
7.320177273608962087e-01
7.714362959190675939e-01
6.667503004368109387e-01
7.014534089183165344e-01
6.436052364978533946e-01
8.368824530359634251e-01
7.472126219846919604e-01
8.704050563257380579e-01
8.195530718114222291e-01
7.471099187908633033e-01
8.320830766625654240e-01
8.306673008540168546e-01
6.833484031096876965e-01
7.662745963776288471e-01
7.892798352238900028e-01
6.722631797419290622e-01
7.959756848018063602e-01
7.511323910218196120e-01
7.410590741777322021e-01
8.150311725612383595e-01
7.807137278117076695e-01
8.226097319096981053e-01
6.968604300511690441e-01
8.484928643609989107e-01
5.851764591274815075e-01
7.417712131436130507e-01
7.855196477418706635e-01
7.039973791030708083e-01
7.029617420000768835e-01
8.930423721460145625e-01
8.848694988169462095e-01
7.915847204915416047e-01
7.140683838191432820e-01
6.635086980622191266e-01
7.594939781976616233e-01
7.555694657758504906e-01
6.377119162699327326e-01
7.715388419667098541e-01
7.727909005940695186e-01
7.014221274696775810e-01
7.703597088402830417e-01
7.910257297749520022e-01
7.030270611767200917e-01
6.140570990832786569e-01
6.826038925940824953e-01
7.231369121776977105e-01
8.517291385631711176e-01
6.238484642751285225e-01
7.023423773388968172e-01
7.235923164768373050e-01
7.989041288829683563e-01
7.186314982391622808e-01
7.613279983576577425e-01
7.234578950829430033e-01
8.427939427325975563e-01
6.636827002190753833e-01
6.570757347234125190e-01
6.588326626347802417e-01
8.793115320898235998e-01
7.696355764343251193e-01
6.854528415394521845e-01
7.681095716194179523e-01
8.756265294993234027e-01
6.568446019973569472e-01
7.537217926935930734e-01
6.714204608546371356e-01
7.796291967986155313e-01
7.682734412501887045e-01
7.304487183815328022e-01
6.975663049417373252e-01
7.833923431614142618e-01
7.823262297996762538e-01
7.560163872221119519e-01
7.090179123117089643e-01
8.663047111923873889e-01
8.522546448131761432e-01
8.477076223131604360e-01
8.655592631314811269e-01
7.459555317745802938e-01
8.018470357961255957e-01
7.269886149314280788e-01
7.653665957682947996e-01
6.714735509852045592e-01
6.461455737153182222e-01
7.793155504081346052e-01
7.776814278262789148e-01
7.181319194163783282e-01
6.976615366267786555e-01
6.831393715709328518e-01
7.413767684266399094e-01
9.153322337702887168e-01
7.381728988830166260e-01
7.004047421105004112e-01
8.219778752945327005e-01
8.380220873420268779e-01
8.685611155537774630e-01
8.847016402398636403e-01
7.647130295977399017e-01
8.632276396924909445e-01
6.295194830008367104e-01
8.163709181064816578e-01
8.272410033802540807e-01
7.452673883630115403e-01
6.847876201439241362e-01
7.735063461019712205e-01
7.135814181385740085e-01
8.161000700844267541e-01
6.865698382233675900e-01
7.221462191939193032e-01
7.684118008307876391e-01
7.448155185773369658e-01
8.656960507429163343e-01
8.060773672054236672e-01
7.059122945681491901e-01
7.817092024903402603e-01
8.504667317235673485e-01
7.179607892360505561e-01
7.836496386009988990e-01
7.391160363136373146e-01
8.117100202616646110e-01
6.641176243827020542e-01
7.254284252831814106e-01
7.613056399645419248e-01
6.912120494710153329e-01
8.602696873488152596e-01
6.584090008918108694e-01
7.459991505444278914e-01
7.391642804259744848e-01
7.806787093277937073e-01
6.826372742441368935e-01
7.948598483852290508e-01
8.178021525332955788e-01
7.889479726137256232e-01
6.671729513316647653e-01
7.106983274268197093e-01
7.626090747555802629e-01
7.755826387971487268e-01
7.330474390636196880e-01
7.510255361727409262e-01
7.396596798478777268e-01
7.335216736466185772e-01
7.283409807569932726e-01
7.617072918662047831e-01
7.115873522850164612e-01
8.202682714480021842e-01
7.973513567214081110e-01
7.554255839704195896e-01
9.001006764484712486e-01
8.149768189693088472e-01
7.310377590570980022e-01
7.251268241226841438e-01
6.808350577476657284e-01
7.132791647807892321e-01
6.715837946727823971e-01
6.775391463423738880e-01
7.463603123081420376e-01
7.015714258603243936e-01
8.015507400386825410e-01
6.465551644383503715e-01
7.052716709786455151e-01
7.058109002875224691e-01
8.527532117826053248e-01
7.665334120824872643e-01
7.523182449534003835e-01
6.899000457773255546e-01
7.473282633166316025e-01
7.603983413786715717e-01
6.603339600676663146e-01
7.780026575071218309e-01
7.183108248981088240e-01
7.732345413980874493e-01
6.590030037836424048e-01
7.646594775935769972e-01
8.021541359007305916e-01
6.929842651372714046e-01
6.411002796610366650e-01
7.937640085201788098e-01
6.202636839544646286e-01
6.732861696098221271e-01
8.039381576941081464e-01
8.071146329955850574e-01
6.286610403284780269e-01
8.937021986622356584e-01
8.406734382998893862e-01
6.755922468733180919e-01
8.693381884786803848e-01
7.028105408422256062e-01
6.822657700830254690e-01
7.421113898327978964e-01
7.823456495374313535e-01
8.215510393279704671e-01
7.399745680448057694e-01
6.745628243047581130e-01
7.458317477509414095e-01
8.531141700439394127e-01
7.711294865148216049e-01
7.245897623799523179e-01
7.233397278091550087e-01
7.734804427680550543e-01
7.767972538938022753e-01
6.703596217890577247e-01
7.872332404244000159e-01
6.996574917538221916e-01
7.577693107580949494e-01
7.949483656101895557e-01
6.317419039204790199e-01
8.326157340761463077e-01
6.801721669831226613e-01
7.167779881807579967e-01
8.221795681445751569e-01
8.074219036132749272e-01
6.971567868556302061e-01
7.393111940728895881e-01
6.213237156880171419e-01
6.644216523955353004e-01
8.368962068592461501e-01
7.159155627510933595e-01
7.990326645489906898e-01
7.124728566672908769e-01
9.251285031165773498e-01
7.210666863291770312e-01
7.204671448362464092e-01
6.545920471742205926e-01
7.021061232315335410e-01
7.793395576366051181e-01
7.045995448219410928e-01
7.820267371040421356e-01
8.154942449448306929e-01
6.967673505725249239e-01
7.105671549931248387e-01
6.826646476338084080e-01
7.862030086397078232e-01
7.648876973191489625e-01
7.256467284839599463e-01
6.940538716346622561e-01
6.852898306027580544e-01
6.405921463680634975e-01
7.990408556358740144e-01
7.677182021449350247e-01
6.212264043096111799e-01
7.920819729382108099e-01
8.346613037706944738e-01
6.976919552607400155e-01
6.292564743506781078e-01
7.971895933800793310e-01
8.622957242887543394e-01
8.415072019672692472e-01
7.362115330657253987e-01
8.123287647920852672e-01
6.910903214199726197e-01
7.263538133537639219e-01
7.995452282633948027e-01
7.474705586661910539e-01
9.066435113615542996e-01
6.513375390926117170e-01
7.796576327216548918e-01
5.916119981881018397e-01
8.730604735772007352e-01
6.258887452274932706e-01
7.482485287038799227e-01
7.536174927067118556e-01
7.400303499717912903e-01
8.325396531819876378e-01
8.128939903264102984e-01
7.401737719275310878e-01
7.361145418404215768e-01
7.142151798737996771e-01
6.035391002530502425e-01
8.184513129816307631e-01
8.131741539478124503e-01
7.105826978708797981e-01
8.154013848251949748e-01
7.983969186018843311e-01
8.388378718930686873e-01
7.807745833196186869e-01
6.292001433959703016e-01
7.334188508072204682e-01
9.028030519893860406e-01
7.657115935843517018e-01
8.586902129676942108e-01
8.688679118691916559e-01
7.309889728148183385e-01
7.707872168229811249e-01
6.779106586532512857e-01
7.298971678376742211e-01
7.561111937218349954e-01
5.755154573935847839e-01
8.407152753303469561e-01
8.371142514696674475e-01
8.648860840608245670e-01
7.969916599908634103e-01
7.004830765304304041e-01
8.164749124396090130e-01
7.874100252050004745e-01
7.408310580191930228e-01
6.960682394616292124e-01
7.415584798802058453e-01
7.770063887227272037e-01
7.107439251656587631e-01
6.835817662624513735e-01
7.734361610182449720e-01
8.127000475671167790e-01
6.452493551310016784e-01
6.571192916486068292e-01
7.604124064931683247e-01
7.956165798243848286e-01
7.385048925949072585e-01
7.291853626488072893e-01
7.863039172339620908e-01
7.752934964042068611e-01
7.048249537602451209e-01
6.306104636623830473e-01
8.567092699605650674e-01
8.188351942231509861e-01
6.385595485460424658e-01
7.207333527698300824e-01
7.095058354003159762e-01
7.546652196522339873e-01
8.153994303888090212e-01
6.199051114231650672e-01
7.149419571905529791e-01
7.536288048245536331e-01
7.501618809482152317e-01
6.861851705232735466e-01
6.503440991649441782e-01
8.256254683670966044e-01
8.910677936092472606e-01
7.196553386757450488e-01
8.296402721277478243e-01
8.429994402894877004e-01
8.273429962606092536e-01
7.407210398490846615e-01
7.589506264698078208e-01
7.704151710258066998e-01
7.392949522864021850e-01
7.248166902235705367e-01
8.140240399644100844e-01
6.623838839748326102e-01
7.557231740297011280e-01
7.295481725525964078e-01
7.425173592998873806e-01
7.936478318909562235e-01
7.796606678061879236e-01
7.072912983984765978e-01
8.077491035406410003e-01
7.898567115224331969e-01
7.311768424701623470e-01
6.853081058421143235e-01
6.553184502947241308e-01
8.502401421911294221e-01
7.754397885768929966e-01
7.893166292302170595e-01
6.811202966143511395e-01
6.505985965525481474e-01
9.216675614643098369e-01
7.286552509651910148e-01
7.580809004200574908e-01
6.921775134125732754e-01
7.998173173634653965e-01
8.195725425458932900e-01
7.104902807191435521e-01
6.561657575895061267e-01
7.993050367642697829e-01
6.701333535351291504e-01
7.981867166819580639e-01
6.297637560641005106e-01
7.084946491520934808e-01
7.023357499343880761e-01
8.408506814706926402e-01
6.926374450871828348e-01
7.328614265454225229e-01
7.370810387217895387e-01
8.187193355784777582e-01
7.055358782791353311e-01
7.695957204516242767e-01
6.805486719234313808e-01
6.588018078435907698e-01
7.505421954328330703e-01
8.386513358249968464e-01
7.503967939192959236e-01
8.100973487449936172e-01
7.363900524780886414e-01
7.911153522489214884e-01
7.367629705015354968e-01
7.802818137378368935e-01
6.854482090056944754e-01
6.907713807813985474e-01
8.562779792779020571e-01
8.358530122235232618e-01
7.268464589333283321e-01
8.109418547491081819e-01
6.859555825474911162e-01
7.915960724570468843e-01
8.056745632168118565e-01
8.387924455666642132e-01
8.390407629163245673e-01
5.779569299797229220e-01
6.386542878659179356e-01
6.660842960150249459e-01
6.176138791775543924e-01
8.062381851918957176e-01
8.405395746848861593e-01
7.692105894332249560e-01
7.346463007943383472e-01
7.257064443535578002e-01
7.648297206950498417e-01
9.121064915363896741e-01
6.039066149800402794e-01
8.150486205825978603e-01
8.161510268222311737e-01
7.182641366880082590e-01
7.959717142312562332e-01
7.004693113383465564e-01
7.645195814070999685e-01
6.724529330229871427e-01
7.465525387665006285e-01
7.084285012426354555e-01
7.126679042917569706e-01
6.650043940271810339e-01
8.811105170454490709e-01
8.959741918254268134e-01
8.163856234593342975e-01
7.603155611364358357e-01
6.194392029732747051e-01
9.148794772278451282e-01
8.442994716591181170e-01
6.403133638436070418e-01
8.663217505145383024e-01
8.822818073084166546e-01
7.453195524387346005e-01
7.616679935504572230e-01
6.679892946844184776e-01
7.518573528014445007e-01
7.445675229604268308e-01
7.618451025850032643e-01
7.317077499920300321e-01
7.612408394145221413e-01
9.159227027043751468e-01
7.543206376669817637e-01
8.057968261319817804e-01
6.557788076579766923e-01
8.470729323532740773e-01
8.125745890503160984e-01
6.880845669458085512e-01
6.472583439269419259e-01
8.610992923993417980e-01
7.614212123918758790e-01
6.818841465995651996e-01
7.722108653291964719e-01
6.976401277528538891e-01
7.661192358524409052e-01
6.716301070016449382e-01
8.247429933070351549e-01
7.778067615188846151e-01
6.754984876348202327e-01
6.550746948167912587e-01
6.681832601127256632e-01
8.830710662501832786e-01
7.954413204058269349e-01
7.460288410546478399e-01
7.399810382562205247e-01
8.492252796741492915e-01
8.507911289455186710e-01
7.635183658417301622e-01
7.332334068665529170e-01
6.765275017824854409e-01
7.701648600040582604e-01
7.754096827256948821e-01
6.131515106803011594e-01
7.529208220222036729e-01
8.943035962290140084e-01
6.896049469623170003e-01
7.182719907543256843e-01
8.958342911860901481e-01
7.997920263308129218e-01
6.900389092219304521e-01
8.621183650922006336e-01
7.368727129206139592e-01
8.837939819009162923e-01
6.330461621418683738e-01
6.318549117889036282e-01
8.163973146947912651e-01
8.050494098896016082e-01
7.353748452978516870e-01
7.146726969174361788e-01
6.277532868736667160e-01
6.477267942940428957e-01
7.293322320841700845e-01
7.359029753236369098e-01
7.418095019392142442e-01
7.579046602649602837e-01
8.638666258079154003e-01
7.906029045375158049e-01
6.827958212864085885e-01
7.035353841801914587e-01
7.058915006213869470e-01
7.737054224762425214e-01
7.834980628444742079e-01
6.987994193019574363e-01
7.058306243470062746e-01
7.077213047064900842e-01
7.683043363978819817e-01
8.123736762160270741e-01
7.205520506960972904e-01
7.107946208112378983e-01
7.707505713729613239e-01
7.124459044028768062e-01
7.070550139121102307e-01
7.202649070654285612e-01
8.203932084682971082e-01
8.300806282813709691e-01
8.740765885532832957e-01
7.195089002687797830e-01
6.267883915165697317e-01
6.660582003884435442e-01
7.492576367152434802e-01
8.290657316142928668e-01
6.258142784617245491e-01
7.711738189002288468e-01
7.684924659452376794e-01
6.930599519205361547e-01
7.666963461685000203e-01
7.551277866115672088e-01
8.392671834674282350e-01
8.150467893294883748e-01
7.481192351224122961e-01
8.025713028968177731e-01
8.243429978856640084e-01
6.507211878470403610e-01
6.812866512808937181e-01
7.268134881540498915e-01
8.088040056920741128e-01
9.230071097173673245e-01
7.275204115717535114e-01
6.405699824743549264e-01
7.406361335883798747e-01
8.528976698432209069e-01
8.356320661655889381e-01
7.532013931124943440e-01
8.648286383865227966e-01
8.333075390675764860e-01
8.616192513525789964e-01
7.439381474838600017e-01
6.340611863806516757e-01
6.786845607390807888e-01
8.249030320275154704e-01
7.333269203075143405e-01
8.284741490311989809e-01
7.411893751191526158e-01
8.238418917777940997e-01
6.283333186307508145e-01
6.418329784104431779e-01
7.740025839133938268e-01
7.312941750953468878e-01
7.511775779284072252e-01
8.365831778948907838e-01
8.432290617411396516e-01
7.820234654475229918e-01
6.776155232209163382e-01
7.505308931467834510e-01
6.203943784710128639e-01
8.685789063777032970e-01
5.888554176912530469e-01
7.819623188510189671e-01
7.394219394504999432e-01
7.091743567086359334e-01
6.531143057931447782e-01
7.562704744030649406e-01
7.089213037695309971e-01
6.724101133690445486e-01
7.272666597253567566e-01
8.189760713631292210e-01
6.554284190390751164e-01
7.326589271583149321e-01
8.194557101703859869e-01
6.273069364950707438e-01
7.910121088986881155e-01
7.391194600969455131e-01
6.619600736469084534e-01
7.405863157526861862e-01
7.841471052291103527e-01
7.392434727717724918e-01
8.362985881221557394e-01
7.988861780209108865e-01
7.412951265931593259e-01
7.875690018618595190e-01
7.610619165992396074e-01
5.721911760178696182e-01
6.687621211606729066e-01
8.241322536776289898e-01
7.206260105815354144e-01
7.728087937994246870e-01
8.068450095826343871e-01
7.803761701236554549e-01
6.663298503902138625e-01
7.936269103590603002e-01
6.481556314647192174e-01
7.926724966630810387e-01
7.051007577034921203e-01
6.304731708301335447e-01
6.422673744647153793e-01
8.263670943594131346e-01
7.554250787483602902e-01
7.257912357262102931e-01
7.185518693793523370e-01
6.655252019758578497e-01
6.727879016344524565e-01
7.719643979739118089e-01
7.843941297950863811e-01
8.243866705827435082e-01
6.774204686958961164e-01
9.186362413587858544e-01
8.098592675834430654e-01
8.555828961295001145e-01
8.080257962582236830e-01
7.352819875528778804e-01
7.594224416975315917e-01
7.011215502216580076e-01
7.418475372906626619e-01
7.155496393482325690e-01
7.335614207449610014e-01
7.941370039901393119e-01
7.171986079414888193e-01
8.676096495897492877e-01
6.888278363223604428e-01
6.663357055955057007e-01
6.115344912101098318e-01
8.149224953598765975e-01
8.442341026324986508e-01
7.752045448894292479e-01
6.690148338512122983e-01
6.949512073446314497e-01
9.288853099954480497e-01
6.596977559151490089e-01
7.069330964166404829e-01
7.836616679586598799e-01
8.655423175077719966e-01
8.812277011931951565e-01
6.295779859551503543e-01
7.814056084864721141e-01
6.919853068626369286e-01
8.081233968242108601e-01
6.289512908525051182e-01
7.308663974175003686e-01
8.500420507942976212e-01
8.732591096781360251e-01
8.213918123670957971e-01
7.934251838903633169e-01
8.564512906699915940e-01
7.317940795355080130e-01
7.140698558816548358e-01
7.851744665529299949e-01
9.021776298021709772e-01
7.571476667588259435e-01
8.684341189392281724e-01
6.464806351874523571e-01
8.056955964810819104e-01
6.857761284768693066e-01
7.577457205095007309e-01
6.894353267410503472e-01
6.707432308921736919e-01
6.966734724114891364e-01
7.779223345109260723e-01
6.957182376519842615e-01
8.621383203491570502e-01
7.837025620639713752e-01
8.107387823142168104e-01
5.982062780615775566e-01
7.025803937953626344e-01
7.001659053442460534e-01
7.432884917553165272e-01
7.555268326972166548e-01
7.991550625658990770e-01
7.269840555276938510e-01
6.431932876414444555e-01
7.053073637790564510e-01
7.647827864096743422e-01
7.134201861821121149e-01
7.982517316201598323e-01
7.885182716528850166e-01
6.968800330204597548e-01
8.376925091540851076e-01
7.562537725290434665e-01
8.669248430814970874e-01
6.888408500872077456e-01
8.868965813186577840e-01
7.516987795131184757e-01
6.991650418083914520e-01
6.717046721788452190e-01
7.244656676789443805e-01
8.065050189193422314e-01
7.686496453691793462e-01
6.576604287074423461e-01
8.068732927542852096e-01
7.164105130143390010e-01
8.031755929309916109e-01
7.734004255384588911e-01
6.437813389097848393e-01
8.550990779093493588e-01
7.719256065940953704e-01
8.752194336605926273e-01
7.261290819743203562e-01
6.977665274364578396e-01
8.655454660675266920e-01
8.024668565511061669e-01
7.222697319952040562e-01
7.371727880858285342e-01
7.798992926065668740e-01
7.231793336928855620e-01
8.847716595100459935e-01
8.428692486470465983e-01
7.489418989303713303e-01
7.814133199412605091e-01
6.828727681434320074e-01
6.892164707935788392e-01
8.120663529731226848e-01
8.001901538570485029e-01
8.677264637427767324e-01
8.240421329058097433e-01
7.590387415702206653e-01
6.702438055666313232e-01
8.764541638512012289e-01
7.136119722317073588e-01
7.582086257828655196e-01
8.015960085788322864e-01
7.265125168192471117e-01
8.640331950729496224e-01
6.905835826436433900e-01
6.114892637958506683e-01
8.165815271699747857e-01
7.698319021402553197e-01
6.940654597547101234e-01
7.003392862396982110e-01
7.675690878427360309e-01
6.987196385590396241e-01
7.528303505281196406e-01
7.678675654526418981e-01
8.618847588774518620e-01
6.453937828527502862e-01
6.373362552407446646e-01
7.559033657821879748e-01
7.681414299319714312e-01
8.486640486347892809e-01
6.911533506139014849e-01
8.203481293434468080e-01
7.498101036332069924e-01
7.126674935618473317e-01
8.467269076800082450e-01
8.875816567624823517e-01
8.523550178153866952e-01
8.486885763140333827e-01
8.545504874555130970e-01
6.700552604020088010e-01
7.077983109824931285e-01
7.463925410078264822e-01
8.134619993809591998e-01
6.319093816008612974e-01
7.242785772143374157e-01
7.919903653342479366e-01
7.169339148979455567e-01
8.829922668078042935e-01
7.547880627468844805e-01
8.643453120845963067e-01
7.890180396855801526e-01
6.974040539806831696e-01
6.757389435236716979e-01
6.209758470540068798e-01
7.854144736952927142e-01
6.978901108132608000e-01
8.242685371581094378e-01
8.340986860181017759e-01
6.956288830731806039e-01
6.452954200067445578e-01
7.568287252745342641e-01
7.810890194002672038e-01
6.975782887063115556e-01
8.037588419230692338e-01
7.057283319718393733e-01
6.988951782282252223e-01
6.772969825748659245e-01
6.952770584199993165e-01
6.391671000090870525e-01
8.734080194288700305e-01
7.721585967420087071e-01
6.702086429586365801e-01
8.044131810082086886e-01
7.390741901597605024e-01
8.333864717728586280e-01
8.187976200673726668e-01
7.982653527840947172e-01
6.854992742952499274e-01
7.622194174567168412e-01
6.852238747104082428e-01
7.967047814826881957e-01
7.324254083297047080e-01
6.876658161058138985e-01
6.595479374864551270e-01
7.292760503864236243e-01
7.708365097122577003e-01
6.625925217973238635e-01
8.575584254816589480e-01
7.955121869242053334e-01
7.013858213751047455e-01
7.078001433372556050e-01
7.625248197781457904e-01
7.863514278185682604e-01
7.305286880197164878e-01
6.729254078182980159e-01
7.691778085369819218e-01
7.052745823212808185e-01
6.279474582844143393e-01
7.213692916486545981e-01
6.645596229273880162e-01
8.109479991824104506e-01
7.742127429632025271e-01
7.022198077223316126e-01
6.663635885333959452e-01
7.636756870473953018e-01
6.240960842165867994e-01
9.368421614772947104e-01
6.707793208445900213e-01
7.183778810200055487e-01
7.254175610150817022e-01
7.564947306106410974e-01
7.129912977446491995e-01
7.921876631604706231e-01
8.050942028439680431e-01
7.498440578914351562e-01
7.496471899129695249e-01
8.293425815615566021e-01
7.333502843706732888e-01
7.707968256783335192e-01
7.758943352521837644e-01
8.623360278220625341e-01
8.092442307230041099e-01
6.803351657625886784e-01
9.199226715707635726e-01
6.661654901595176481e-01
6.112112999435140859e-01
9.209062550418205539e-01
6.724920670411255186e-01
7.861705834540854143e-01
7.378705369551389337e-01
8.555722617419975196e-01
7.403314950753444590e-01
6.185501616025190774e-01
6.869101913844382068e-01
7.467986085090033699e-01
7.626685558193088132e-01
6.972951696654661191e-01
7.298780820062836794e-01
8.648469487425403113e-01
7.755680017372273971e-01
7.076293554324065704e-01
7.032525168274409433e-01
8.145725395776616251e-01
6.180962670680910653e-01
8.258233683472221420e-01
8.230408194520685283e-01
8.682470027361800513e-01
6.889432269773502204e-01
7.422391313444123284e-01
7.565882400737925506e-01
7.750547101754048374e-01
7.401880453260474280e-01
8.256491487344681524e-01
6.353333496055221241e-01
7.977399553464052939e-01
9.203342627579083057e-01
8.178032464343918395e-01
7.896335732848939193e-01
8.717096759308438081e-01
7.332270406235917859e-01
7.135852878674013855e-01
7.178563903898181886e-01
7.944253003727739237e-01
6.829873367902390413e-01
8.147006461693887536e-01
8.235403199170725497e-01
7.302052531778023825e-01
8.325381800782177821e-01
7.519872623161742986e-01
7.457959118241949126e-01
7.466811930684180698e-01
7.308409423431346807e-01
7.690163058953779496e-01
7.215810630339866139e-01
7.912397038780797365e-01
7.256801815681318546e-01
8.326295565244694608e-01
6.612594375258848967e-01
7.695409297389591563e-01
7.789377060307035583e-01
6.643367114664006090e-01
6.554744462532366978e-01
8.035925724580555984e-01
7.281831305241485142e-01
7.718448262407202609e-01
7.255019487385616639e-01
7.600603680571846876e-01
7.653946934256515844e-01
7.202009730063070325e-01
6.711912941799482724e-01
7.671355758203269870e-01
5.948157226334701564e-01
8.420553078485968346e-01
9.148814993801309692e-01
5.711052735471850994e-01
6.754506320295380339e-01
7.271380401657516757e-01
7.588905925222902971e-01
8.517960709741252412e-01
7.493690542775697239e-01
6.386728103275542967e-01
7.363664917930330400e-01
7.527978633584274659e-01
7.821651248359008379e-01
7.548617313942921347e-01
7.115690742683835612e-01
8.305758094377587719e-01
6.748387789750601717e-01
8.045984493901369161e-01
6.719815058789118112e-01
6.301228603200034195e-01
7.042891489363546365e-01
5.723531575067307697e-01
7.891717092085335228e-01
7.106795421014372449e-01
7.345012665174506239e-01
9.128333710774158005e-01
6.186452228304029077e-01
8.347251545853965338e-01
8.517326121082667845e-01
7.250314534545316825e-01
6.520315669619050070e-01
7.661345841771304288e-01
7.384448911468537435e-01
6.912569469090004137e-01
7.164697347885825573e-01
7.564977527676993718e-01
7.372643374878726785e-01
7.398564040759720850e-01
7.834952087979839552e-01
6.715702068116468082e-01
8.068028420142224766e-01
8.231791660348251050e-01
7.257180524794389909e-01
7.384890218057130751e-01
8.434342687362077484e-01
6.904889449709802340e-01
6.614459117906197338e-01
6.796647964877626791e-01
6.188192865250214947e-01
7.691283087697106113e-01
6.396015680899230782e-01
7.734530345777760330e-01
8.345814616419764409e-01
8.214143903313112505e-01
9.249282248298511533e-01
6.351569568509207731e-01
8.718974406376059916e-01
8.057008941371515132e-01
7.828276101220699168e-01
6.832884218786109409e-01
6.510036380779781195e-01
6.945816811466027918e-01
6.716559321632956658e-01
8.198018298602574028e-01
6.710093539172204968e-01
8.561867285784152681e-01
8.936548290478143475e-01
6.403183600006040477e-01
6.650502353713092507e-01
7.308111785172419772e-01
8.358370671016608355e-01
6.987002993562124731e-01
7.333555264468262225e-01
6.264420573403358672e-01
6.064695020945325421e-01
6.675788833526852262e-01
7.998206077082864462e-01
7.916173707961745576e-01
8.074073194524147290e-01
9.092363940112446752e-01
7.948403338395358952e-01
6.709182216534357313e-01
7.707536248678121815e-01
7.059603112792981472e-01
6.983769321673146679e-01
7.217257383329596099e-01
7.456415274623273692e-01
7.722982281430940121e-01
7.595024671615389078e-01
7.197882743207545397e-01
6.568204760782763163e-01
8.014830997398797452e-01
7.240438396113141328e-01
6.856071308175023526e-01
5.767297537998599122e-01
7.048212607623119963e-01
8.868028072263343109e-01
7.627077814329611405e-01
7.755740877936613265e-01
7.060926589662857022e-01
7.116734499546002457e-01
8.079716150762479288e-01
7.928109527650634147e-01
7.680877979627965813e-01
6.591351670414542507e-01
8.376947340279828902e-01
6.560102918680116302e-01
7.014937384335276915e-01
8.127407280178261528e-01
7.076925305900404473e-01
8.567418943272607779e-01
7.320763724558672081e-01
7.470891184154734299e-01
8.852465401024929292e-01
6.273013921972498963e-01
8.086428900320510316e-01
7.426396605216933899e-01
8.396477941721794958e-01
6.483923043941409725e-01
7.104280825080114825e-01
6.769089316781029542e-01
5.946214289565996403e-01
7.626199662901823606e-01
8.028220965041222845e-01
7.827379349510401596e-01
7.766989760336426851e-01
7.256126495781344277e-01
7.794522127219291052e-01
7.059578553858877337e-01
8.832501335946801868e-01
7.055163405924639308e-01
8.820126428374216454e-01
7.310199311991010251e-01
5.971948463559141329e-01
8.753974877605040783e-01
8.540187154259043512e-01
7.580386903282415600e-01
7.237658280142820200e-01
7.363119266972927290e-01
7.489971674587946326e-01
5.955456754183461321e-01
6.979966855514160295e-01
8.641503403663544081e-01
7.323759916569043682e-01
7.583760226638336377e-01
7.114467329633364923e-01
7.255640055025299739e-01
6.891825308498273905e-01
8.388518195358316554e-01
9.125262268601916915e-01
6.744984487335546897e-01
8.775832670708522132e-01
7.088326410862838545e-01
7.266545395970912535e-01
6.435769230347766490e-01
6.446342683869737966e-01
7.590324331099098654e-01
6.970781659441819267e-01
7.892935765708396501e-01
7.170350494750287185e-01
8.189855367021877663e-01
6.936312341895493061e-01
8.367611213022380090e-01
8.606278305542818252e-01
7.209007144973037517e-01
6.420767587510521901e-01
7.232133594313768787e-01
7.168733900490166233e-01
6.087637630620056362e-01
7.561397571475894086e-01
7.735904828228905572e-01
6.701077769475352053e-01
7.656936826910452076e-01
7.351114993976388678e-01
7.172300253317280827e-01
6.255489371787203989e-01
8.506069841002890097e-01
8.471624078050227213e-01
8.873559034770662768e-01
7.413911148432265064e-01
8.668412073953796204e-01
7.207718183720072114e-01
6.530030796320770436e-01
7.219410746039707227e-01
7.367119610374552874e-01
5.690555810553991067e-01
7.851560962020888157e-01
8.256664557979445096e-01
7.646736698758827000e-01
7.045559193650612340e-01
7.491691051725918316e-01
7.572736606446850427e-01
7.174338033398710568e-01
6.598773648988300877e-01
7.831154235432622457e-01
8.002661497130819646e-01
6.433783194023919849e-01
7.930338491068302798e-01
9.214189340011637031e-01
8.352150846936646778e-01
9.016176594115644649e-01
8.255639716202459732e-01
8.281847493954299644e-01
8.154171738523048329e-01
6.229764366157789501e-01
6.136122564192181272e-01
7.503236484125658246e-01
7.882578456525870525e-01
6.790315757360647630e-01
6.912872568062301548e-01
6.756928407879612131e-01
7.400568527116490047e-01
7.753673399376254105e-01
7.063567521100959645e-01
8.618173896856109462e-01
8.389576141038036505e-01
6.803868891230486771e-01
8.912874043708860494e-01
8.037985541719806504e-01
7.387389047068934067e-01
6.073800179132862187e-01
6.297285528393694598e-01
8.244285960974014893e-01
7.878018862206579431e-01
8.441720173794518001e-01
8.003300815049561034e-01
8.196591131483814685e-01
7.130080003546882539e-01
7.798815997659531707e-01
6.938539301217983013e-01
6.593885571464519479e-01
6.677016705524138063e-01
7.475282496781606723e-01
7.384765110407628397e-01
7.151103230058923899e-01
7.963423837265286576e-01
8.497788699306961790e-01
8.337889866921817106e-01
8.650737743569900662e-01
6.201087170041799101e-01
7.805431486568744637e-01
7.832399199018923452e-01
8.146013749790665948e-01
8.495601500438557663e-01
7.364630894848378517e-01
6.910368517878887618e-01
6.799939797837804001e-01
7.969797069419018998e-01
8.385661871623302233e-01
7.121102649288655329e-01
6.825159249488045310e-01
8.104741095656233796e-01
8.950749303213433317e-01
7.976773488538891899e-01
7.153643547622466903e-01
7.915714203626101897e-01
8.541162434923306179e-01
8.793611537559355984e-01
7.166948451319015145e-01
7.570823609276819965e-01
7.296100512087231316e-01
7.090744553205801104e-01
7.629767821546615814e-01
6.348677047737680823e-01
8.185973421551998586e-01
8.114814473919842452e-01
7.860717935516835508e-01
8.857738366336244118e-01
7.234923632634495672e-01
7.175011973206939508e-01
6.383039175149096689e-01
6.804440294207174666e-01
8.271024456899196409e-01
8.129243528481437941e-01
7.018770411762814687e-01
7.380959406732073846e-01
7.780123018252048661e-01
8.116459985525595888e-01
9.080392015128737615e-01
7.220338350379394976e-01
6.960926410997377856e-01
6.128258186688697595e-01
6.445921071703745175e-01
9.045419412631323652e-01
8.056459334904468861e-01
8.540201275865058061e-01
7.983202313213882961e-01
6.968100069133869034e-01
7.495994171854831745e-01
8.139020109835962691e-01
7.495049970862018851e-01
7.032557191804711394e-01
8.000447014079447028e-01
7.812331518021143895e-01
6.651677911500629703e-01
7.899932701911934751e-01
6.667224721565900847e-01
7.741937330835630959e-01
8.047360294982247586e-01
7.016863141853041386e-01
7.318620004135950596e-01
7.699604711553161840e-01
6.562401636492246615e-01
7.617512572829713280e-01
7.732320488722260743e-01
8.644770958383996007e-01
8.212151802176123061e-01
7.597250825379678885e-01
7.944460848814998144e-01
7.419646512547890538e-01
7.679370860557885869e-01
8.208954785959622358e-01
8.515692452198688756e-01
7.641205562774698867e-01
5.799636712849708386e-01
8.896569846735447040e-01
7.516142378576690097e-01
9.239015003574081453e-01
8.073301010662773392e-01
7.003741559197278477e-01
6.523515642384186686e-01
6.361581459967565744e-01
6.696956626767919252e-01
7.980458172036271058e-01
7.564015483127086714e-01
6.882828328735650647e-01
6.940553342511376345e-01
9.185975948913338573e-01
7.930495539163091578e-01
7.974513300655267090e-01
7.431819594554577302e-01
8.671756733021525054e-01
7.319592593155896942e-01
6.688881376349137264e-01
7.856156199911132898e-01
8.800235026029702423e-01
7.912067201981732856e-01
7.616045295638675938e-01
7.047798849684323574e-01
6.694671557713075538e-01
8.860329163464423230e-01
7.854904984443598082e-01
7.903795423866742942e-01
8.587223523804070613e-01
8.014456571065091683e-01
8.287230162174016312e-01
7.518988482208516233e-01
6.130064773302263958e-01
8.070313716075308008e-01
7.350253071012256001e-01
8.469706203177028714e-01
7.169015495742153687e-01
8.500043153998499967e-01
7.636371425653710743e-01
7.220852828009395319e-01
7.332710337489445340e-01
8.255011021650070502e-01
7.730519098097099473e-01
6.218185826474946776e-01
7.816575439893210797e-01
7.267454306504649297e-01
6.466214094256029776e-01
8.045951156915069902e-01
6.309351188176935965e-01
6.522643533962908524e-01
7.533249594904926072e-01
7.719024960893581255e-01
7.569362447713984254e-01
7.514330992639798312e-01
7.423578158535065752e-01
8.467686508980776239e-01
7.137253537458773112e-01
7.862068805218369594e-01
7.129473541083808374e-01
8.151643734529026020e-01
8.759090870646699667e-01
7.640031803721900605e-01
7.667763807772449702e-01
7.733633654244004285e-01
6.953957667111382301e-01
8.307270920286294880e-01
8.111840349340074807e-01
7.933064425841578338e-01
8.696268456793815327e-01
7.568933994745505878e-01
8.123586080514442198e-01
7.290078249819856859e-01
7.086193316840279088e-01
7.855131770585568329e-01
8.232935770752662918e-01
7.311063122467682529e-01
7.790476139618448537e-01
7.659488544737030891e-01
8.473503776617733463e-01
8.548171689992128952e-01
8.042150540987206275e-01
7.741388071391966941e-01
7.195586205578342609e-01
8.047557878257315389e-01
8.782589277174129849e-01
8.127049471783713841e-01
7.655087803385610679e-01
7.916201407669228862e-01
6.660333340111882494e-01
7.707368362818649565e-01
6.471113848672337410e-01
7.126992700745927722e-01
7.983863480532416013e-01
6.971241616170544830e-01
6.473546630355319076e-01
8.035304169058756774e-01
8.129390315329630967e-01
7.607285290061530647e-01
7.822450206406416084e-01
6.609755187123803610e-01
7.320850756710091112e-01
7.494912092866372610e-01
7.550933030439920257e-01
7.933639977773401242e-01
8.182127807286058152e-01
8.309903418957999000e-01
6.839260981413366469e-01
5.863948128775813284e-01
7.600449882104814980e-01
7.705901454829248154e-01
8.384114445148567185e-01
6.482237459392797829e-01
8.137214680023769908e-01
7.708040744905967356e-01
7.435445326236094221e-01
8.628779860317565831e-01
8.954179193725214647e-01
7.838240559186625545e-01
7.152149828907135021e-01
7.228646291535795187e-01
6.833469207619622399e-01
7.736240572876095234e-01
7.950740640847641094e-01
7.264788462438590555e-01
8.283864783467738135e-01
6.977652658923193529e-01
7.584338949515907480e-01
6.910242247054310116e-01
6.922775192523678012e-01
7.408299664025311815e-01
7.767946727909541549e-01
7.424040424862731191e-01
7.915736467163178025e-01
7.175082363958275034e-01
6.440649961008315660e-01
7.577153317823667189e-01
6.925123263381476324e-01
7.021800414370006349e-01
7.411341506735863449e-01
8.427235094375419289e-01
7.934005523478773192e-01
7.190898155132982028e-01
6.940180357012484258e-01
5.642971674551603423e-01
5.761869138847862670e-01
7.346954989692801030e-01
7.504848654974095590e-01
7.915165886090418379e-01
7.038790723246763914e-01
7.541457277065205522e-01
6.650994083135204349e-01
8.617062397288920428e-01
8.599784196037724149e-01
7.587895303369012190e-01
8.391065736720111357e-01
6.705977523975908960e-01
8.355585300129996229e-01
6.649748257772472027e-01
8.182638803073629674e-01
8.229931671553235573e-01
7.725400332089846778e-01
7.296529352357749021e-01
7.137651468340113770e-01
7.913041059212514439e-01
6.607312504519345930e-01
8.399146134903393568e-01
8.051039345012418469e-01
7.332522034267738853e-01
7.547902924219895837e-01
7.805751107671197175e-01
7.374986323852926740e-01
7.649706953229776785e-01
8.177542925991397871e-01
7.539343117396936078e-01
8.192801901191131275e-01
8.505742319346391023e-01
7.540231949181031013e-01
8.619948886127450915e-01
7.755724278703376440e-01
8.146647465471004157e-01
7.208656464465755809e-01
8.919392027853522142e-01
6.901513614295616827e-01
7.561047226452175529e-01
7.311511688615354165e-01
6.813841263872338905e-01
7.900223276821712881e-01
8.987415768869964072e-01
6.637168142908553836e-01
7.242993831837102325e-01
7.984233375344939043e-01
8.208319725717672100e-01
8.016160062383138607e-01
8.791221681750712724e-01
6.867878214531467629e-01
9.372763240514467853e-01
8.464873334118426795e-01
6.975817846114612530e-01
6.765303165452696277e-01
8.106288037025116688e-01
7.662511475784845594e-01
6.119858432805335147e-01
7.497873614431592726e-01
6.998845846279265759e-01
7.111874873682513254e-01
6.854788308753307913e-01
7.974372997407090935e-01
6.019553424423793597e-01
8.191602851346792002e-01
8.193078191881129069e-01
7.596076693600232188e-01
8.439956323853302633e-01
8.073039627768849869e-01
8.937701035444005626e-01
7.178623482575594572e-01
6.444157043772729132e-01
8.850247781186042495e-01
8.090678379471578641e-01
7.099361588382379074e-01
7.477548108384031167e-01
7.057817162741892858e-01
7.702869028787369121e-01
6.571643164776711510e-01
7.684085322284517350e-01
8.263619660506490439e-01
8.100323018695548827e-01
8.018795644592479066e-01
6.020421100997620512e-01
7.305885452716265327e-01
7.043073534412549463e-01
7.651574506930360897e-01
7.343391802801984003e-01
8.683097062475003680e-01
8.897178530481737457e-01
8.213822828784068664e-01
8.076502461070131922e-01
6.528845188554180945e-01
7.674911896940784795e-01
7.875485383305349529e-01
7.054805246238958771e-01
7.366434188327494192e-01
8.677870997216831084e-01
8.235313361442208047e-01
