Student_ID,Baseline_Predicted_Score,Scenario_A_Predicted_Score,Scenario_B_Predicted_Score,Delta_Scenario_A,Delta_Scenario_B
1,64.70456,67.20001,63.97705,2.495453,-0.72750854
2,64.317314,66.46176,64.317314,2.1444473,0.0
3,68.754845,70.622,68.455414,1.867157,-0.29943085
4,70.69759,74.405914,70.69759,3.7083206,0.0
5,68.54033,69.851326,68.29392,1.310997,-0.24640656
6,68.29439,69.20216,67.624214,0.9077759,-0.67017365
7,66.10127,67.201904,65.51802,1.1006317,-0.58325195
8,62.499233,63.250988,62.499233,0.75175476,0.0
9,67.10984,69.01622,67.01492,1.9063797,-0.0949173
10,70.92854,73.65487,70.92854,2.726326,0.0
11,66.93715,68.53138,66.32724,1.5942307,-0.60990906
12,67.31242,69.95111,66.56147,2.6386871,-0.7509537
13,65.010185,67.31331,64.26803,2.3031235,-0.742157
14,63.088455,64.38261,63.088455,1.2941513,0.0
15,72.76902,75.28699,72.785774,2.5179672,0.01675415
16,64.341545,68.36053,64.341545,4.018982,0.0
17,65.30325,67.24073,65.30325,1.9374771,0.0
18,66.237335,68.32104,64.49795,2.083702,-1.7393875
19,69.15222,71.36063,69.15222,2.2084045,0.0
20,64.55235,65.51631,63.757843,0.96395874,-0.7945099
21,65.49641,67.78355,65.29767,2.28714,-0.1987381
22,65.807816,68.92867,65.807816,3.1208572,0.0
23,65.21272,67.07577,64.85612,1.8630447,-0.35660553
24,63.65819,65.310356,63.172184,1.6521645,-0.4860077
25,62.946075,64.60351,62.946075,1.6574326,0.0
26,65.63633,67.07296,65.63633,1.4366302,0.0
27,65.971825,68.025826,65.971825,2.0540009,0.0
28,66.33696,68.300095,65.88668,1.9631348,-0.45027924
29,71.56165,74.2545,71.56165,2.6928482,0.0
30,61.961784,63.34058,61.961784,1.3787956,0.0
31,71.98565,73.63557,71.31088,1.6499176,-0.67476654
32,66.75214,70.13517,65.80655,3.3830338,-0.94558716
33,65.58107,67.745155,64.596504,2.1640854,-0.98456573
34,72.312706,74.37399,71.22786,2.061287,-1.0848465
35,63.71764,64.14662,63.343086,0.42898178,-0.37455368
36,70.687614,72.43696,70.65756,1.7493439,-0.030052185
37,65.43188,66.457184,64.67213,1.0253067,-0.75975037
38,69.05167,70.690636,68.508255,1.6389694,-0.54341125
39,68.21309,70.80567,67.897285,2.5925827,-0.31580353
40,71.24103,73.00367,71.24103,1.7626419,0.0
41,66.23678,69.14759,65.86517,2.9108124,-0.37160492
42,68.97937,71.000656,68.727196,2.021286,-0.25217438
43,66.887146,70.76511,66.06281,3.8779602,-0.8243332
44,73.01956,75.0669,73.10325,2.0473404,0.08368683
45,67.57788,67.53457,66.86266,-0.043312073,-0.7152176
46,66.89753,70.71552,66.27243,3.8179932,-0.6250992
47,65.83988,68.76604,65.247406,2.926155,-0.5924759
48,71.40013,73.29955,70.87901,1.8994217,-0.52111816
49,67.632576,68.81696,67.632576,1.1843872,0.0
50,65.06158,66.44313,64.49819,1.3815536,-0.563385
51,67.065445,68.974846,66.430084,1.9094009,-0.6353607
52,68.93124,70.82109,68.0452,1.8898544,-0.88603973
53,70.70313,72.33031,70.25297,1.6271744,-0.4501648
54,66.83181,67.551125,66.5918,0.7193146,-0.24001312
55,66.45521,68.14478,66.01791,1.6895752,-0.43730164
56,72.61843,74.654915,72.16732,2.0364838,-0.45111084
57,70.177895,73.506325,69.52081,3.3284302,-0.6570816
58,64.02894,65.757484,63.313305,1.7285461,-0.7156334
59,74.65793,77.03813,74.78883,2.3802032,0.13090515
60,68.86447,71.327705,68.86447,2.463234,0.0
61,68.02059,69.80401,67.823906,1.7834167,-0.19668579
62,65.68393,67.38286,65.588615,1.6989288,-0.095314026
63,69.371864,70.39407,68.86812,1.0222092,-0.50374603
64,68.08617,72.853966,67.43677,4.7677994,-0.6493988
65,66.22194,68.03159,66.193726,1.8096542,-0.028213501
66,64.895515,68.01672,64.30657,3.1212082,-0.5889435
67,73.77227,76.7317,72.945274,2.9594269,-0.82699585
68,66.63325,67.063286,66.63325,0.43003845,0.0
69,70.52874,71.44568,70.2779,0.9169388,-0.25083923
70,67.80879,68.72232,67.03615,0.91352844,-0.77264404
71,64.65867,66.13228,64.65867,1.4736099,0.0
72,68.59448,70.74088,68.357414,2.1464005,-0.23706818
73,65.8321,69.08228,65.8321,3.250183,0.0
74,69.78483,72.30454,69.03728,2.5197144,-0.74755096
75,61.77928,64.439705,61.375202,2.6604233,-0.40407944
76,61.464165,63.56075,60.743412,2.0965843,-0.7207527
77,70.268906,72.60453,69.44058,2.3356247,-0.82832336
78,68.66286,70.09113,67.87705,1.4282761,-0.78580475
79,72.80252,76.40503,72.00479,3.6025085,-0.7977295
80,69.87698,72.717415,69.87698,2.8404312,0.0
81,62.768345,63.28469,62.768345,0.516346,0.0
82,70.16756,71.33288,70.16756,1.1653214,0.0
83,67.7226,69.31392,66.966644,1.5913162,-0.75595856
84,63.096684,66.1062,62.068653,3.0095177,-1.0280304
85,62.486267,64.23463,62.486267,1.7483597,0.0
86,64.86201,66.10197,64.82441,1.2399597,-0.037597656
87,66.2926,67.549706,66.2926,1.257103,0.0
88,65.21201,66.08293,64.98796,0.8709183,-0.22405243
89,69.25904,71.4152,68.810555,2.1561584,-0.44848633
90,65.05079,66.22643,65.05079,1.1756439,0.0
91,70.44783,71.749054,69.607735,1.3012238,-0.8400955
92,68.15175,69.30405,67.4295,1.152298,-0.7222519
93,67.44778,69.19855,67.05637,1.7507706,-0.3914032
94,69.37972,72.58331,69.286125,3.2035904,-0.09359741
95,71.86953,74.79945,71.304375,2.929924,-0.565155
96,68.6906,71.23403,68.6906,2.5434341,0.0
97,66.41034,68.85297,66.24747,2.442627,-0.16287231
98,73.918686,77.339195,73.842636,3.4205093,-0.076049805
99,66.59462,66.76117,66.59462,0.16654968,0.0
100,61.604176,63.24633,61.604176,1.6421547,0.0
101,73.1459,73.75321,72.17934,0.60731506,-0.96656036
102,66.41495,67.56592,65.659676,1.1509705,-0.7552719
103,64.48353,65.7961,63.99805,1.3125687,-0.48547745
104,74.84036,77.099686,74.28912,2.2593231,-0.551239
105,72.25257,74.46214,71.775635,2.2095718,-0.47693634
106,61.270203,62.227497,60.924694,0.95729446,-0.34550858
107,68.25309,69.539375,67.694664,1.2862854,-0.5584259
108,71.31202,74.15679,71.31202,2.8447723,0.0
109,66.673996,69.10603,65.91715,2.4320374,-0.75684357
110,66.88363,68.600655,66.41044,1.7170258,-0.4731903
111,61.309864,62.784653,60.9823,1.4747887,-0.32756424
112,65.965256,67.10707,65.62155,1.1418152,-0.34370422
113,62.39464,64.512955,62.39464,2.1183128,0.0
114,64.31993,68.41037,64.31993,4.090439,0.0
115,67.21199,68.733574,67.21199,1.5215836,0.0
116,65.39942,67.29583,65.51264,1.8964081,0.113220215
117,64.84913,66.26247,64.84913,1.4133377,0.0
118,65.67991,67.21076,65.24049,1.5308533,-0.43941498
119,72.6616,74.85286,72.43111,2.1912613,-0.23049164
120,69.50299,71.95896,69.20876,2.4559708,-0.2942276
121,63.663223,65.69561,63.099216,2.0323868,-0.5640068
122,61.30424,63.08419,60.43085,1.7799492,-0.8733902
123,75.09513,77.195015,74.51595,2.099884,-0.57917786
124,72.02587,72.82718,72.49631,0.8013077,0.4704361
125,68.86993,70.91515,68.43604,2.045227,-0.43388367
126,67.88698,69.98857,67.4447,2.101593,-0.442276
127,59.943077,60.66272,59.26084,0.71964264,-0.6822357
128,71.51625,73.937515,71.19765,2.4212646,-0.31860352
129,66.333244,68.155334,65.786514,1.8220901,-0.54673004
130,70.21872,72.00985,69.707596,1.7911301,-0.51112366
131,59.22665,60.237003,59.22665,1.0103531,0.0
132,67.21093,68.43392,67.214485,1.222992,0.0035552979
133,67.63905,71.08108,67.1159,3.4420242,-0.5231552
134,60.215435,61.694725,59.73822,1.47929,-0.4772148
135,66.65985,69.112114,65.99974,2.4522629,-0.6601105
136,66.04267,68.845604,65.36471,2.8029327,-0.67796326
137,67.490456,68.77111,67.494385,1.2806549,0.003929138
138,67.85592,70.36055,67.52186,2.504631,-0.33406067
139,71.01961,74.621,70.23527,3.6013947,-0.7843399
140,62.799763,64.6867,62.799763,1.8869362,0.0
141,68.433914,72.94525,68.433914,4.5113373,0.0
142,65.50984,68.332726,65.50984,2.8228836,0.0
143,69.96281,73.140755,69.75549,3.177948,-0.20731354
144,61.70214,63.315727,61.13994,1.6135864,-0.56220245
145,71.60564,74.118034,71.35775,2.5123978,-0.24788666
146,70.28299,71.630974,69.72544,1.3479843,-0.5575485
147,64.02536,66.61896,63.363514,2.5935974,-0.66184616
148,71.56753,74.82252,71.07388,3.2549896,-0.4936447
149,67.168106,68.654755,66.298355,1.4866486,-0.869751
150,67.95837,69.65795,68.60202,1.699585,0.64365387
151,68.54823,70.12698,68.54823,1.5787506,0.0
152,63.403526,65.36937,62.720768,1.9658432,-0.68275833
153,68.97555,71.17498,67.85255,2.1994324,-1.1230011
154,67.94011,71.31357,67.94011,3.3734589,0.0
155,66.12884,68.380226,65.78472,2.2513885,-0.3441162
156,67.29835,68.23391,66.37756,0.93556213,-0.920784
157,64.43176,65.627235,63.730145,1.1954727,-0.7016182
158,69.37011,72.05707,69.11935,2.6869583,-0.25076294
159,69.94474,74.11882,69.51092,4.17408,-0.43382263
160,66.10806,67.91696,66.10806,1.8088989,0.0
161,68.19919,68.88577,67.25448,0.6865845,-0.9447098
162,64.33924,66.23779,63.743717,1.898552,-0.59552383
163,65.05684,67.35674,65.166664,2.2999039,0.109825134
164,65.13674,67.59621,64.91081,2.459465,-0.22592926
165,67.31724,68.303474,67.00647,0.9862366,-0.31076813
166,64.51535,66.47701,64.51535,1.9616623,0.0
167,65.94207,67.286865,65.94207,1.3447952,0.0
168,71.03435,76.267075,71.03435,5.232727,0.0
169,60.79693,62.141956,60.221878,1.3450279,-0.57505035
170,73.30777,76.01876,73.05737,2.710991,-0.25039673
171,67.54997,70.1543,66.97563,2.6043243,-0.5743408
172,64.678,67.3282,64.163635,2.6502,-0.51436615
173,70.29819,72.55466,69.48656,2.2564697,-0.81163025
174,68.32222,70.40592,68.40147,2.083702,0.07924652
175,68.05205,69.069695,67.10306,1.0176468,-0.94898987
176,65.20122,68.978745,65.20122,3.7775269,0.0
177,60.552425,61.698315,59.93496,1.1458893,-0.617466
178,64.88255,66.68582,64.19598,1.8032684,-0.68657684
179,67.736206,69.86156,67.0424,2.125351,-0.6938095
180,66.453125,70.58197,65.79687,4.128845,-0.6562576
181,69.574196,70.81133,68.97942,1.2371368,-0.59477234
182,66.24178,68.663795,65.65948,2.4220123,-0.5823059
183,67.13329,67.87973,66.4658,0.7464371,-0.6674957
184,64.56713,65.49044,64.56713,0.9233093,0.0
185,69.900795,70.88001,69.490776,0.9792175,-0.41001892
186,65.45389,66.89412,65.31794,1.4402313,-0.13594818
187,66.21719,68.41095,65.99793,2.193756,-0.21926117
188,69.81426,72.8399,69.81426,3.0256348,0.0
189,68.52388,70.77829,68.3387,2.2544098,-0.18518066
190,66.4777,68.41726,65.6096,1.9395599,-0.868103
191,65.713745,67.766685,64.88588,2.0529404,-0.8278656
192,62.63977,63.71928,62.01848,1.0795097,-0.6212921
193,62.754993,63.44726,62.754993,0.6922684,0.0
194,68.0279,69.792046,68.0279,1.7641449,0.0
195,70.12468,73.03941,70.12468,2.914734,0.0
196,60.984875,62.337166,60.984875,1.3522911,0.0
197,60.014816,61.30228,60.014816,1.2874641,0.0
198,61.710537,62.195446,61.710537,0.48490906,0.0
199,63.26242,64.66462,63.209522,1.4021988,-0.052898407
200,68.34628,69.78336,67.54545,1.4370804,-0.80083466
201,70.3798,73.600784,69.753944,3.2209854,-0.6258545
202,65.20478,67.374374,65.20478,2.1695938,0.0
203,69.08495,70.23638,68.75747,1.1514282,-0.32748413
204,62.95428,64.39394,62.348396,1.4396629,-0.60588455
205,69.29565,71.24113,68.86462,1.9454803,-0.43103027
206,68.90988,71.76574,68.90988,2.8558578,0.0
207,61.52425,61.852005,61.52425,0.32775497,0.0
208,67.81225,70.032814,67.27851,2.2205658,-0.5337372
209,61.30706,62.97543,60.958157,1.6683693,-0.34890366
210,62.201603,63.693027,61.937496,1.4914246,-0.26410675
211,68.33133,71.09738,68.33133,2.7660522,0.0
212,71.48452,75.07348,71.12752,3.5889587,-0.35700226
213,66.61441,67.605225,65.71193,0.9908142,-0.9024811
214,70.90855,72.24657,70.33655,1.3380203,-0.5719986
215,67.5619,69.704926,67.42349,2.1430283,-0.13840485
216,67.98106,69.559105,66.11271,1.5780487,-1.8683472
217,68.25757,70.50795,68.27478,2.2503815,0.017211914
218,67.87727,70.34289,67.396866,2.4656143,-0.4804077
219,68.153725,69.52079,68.30752,1.3670654,0.15379333
220,64.75738,66.12582,64.75738,1.3684387,0.0
221,68.49428,69.49399,67.97551,0.9997101,-0.5187683
222,63.880024,65.28137,63.75576,1.4013481,-0.12426376
223,69.070335,70.9219,68.5743,1.8515625,-0.4960327
224,68.542694,70.86431,67.50197,2.3216171,-1.0407257
225,71.15675,73.11175,70.74199,1.9549942,-0.4147644
226,67.77443,69.91516,67.51469,2.1407318,-0.25974274
227,67.77947,69.46877,67.53221,1.6893005,-0.24726105
228,66.82222,69.41037,66.73064,2.58815,-0.09158325
229,62.88755,65.201,62.88755,2.313446,0.0
230,65.8287,67.55689,65.98344,1.7281952,0.15473938
231,68.2878,69.23555,67.53469,0.9477463,-0.7531128
232,66.1433,70.86941,66.1433,4.7261047,0.0
233,64.84804,67.48729,64.84804,2.6392517,0.0
234,69.80861,71.34874,69.42333,1.5401306,-0.3852768
235,61.587273,62.9933,61.587273,1.4060287,0.0
236,61.36286,62.721817,61.36286,1.3589554,0.0
237,65.78623,66.96632,65.68958,1.1800842,-0.09664917
238,68.17475,71.195404,67.97954,3.0206528,-0.19521332
239,59.61852,60.73848,58.93674,1.1199608,-0.68177795
240,69.5213,71.75138,68.73523,2.2300797,-0.7860718
241,64.75864,67.34373,64.16468,2.5850906,-0.593956
242,67.881004,69.71372,67.719635,1.8327179,-0.16136932
243,64.396774,65.43138,63.713383,1.0346069,-0.6833916
244,69.0348,69.45506,68.59615,0.4202652,-0.4386444
245,65.916664,68.274574,65.55401,2.3579102,-0.36265564
246,67.841965,70.43944,67.841965,2.5974731,0.0
247,73.03588,77.35986,73.03588,4.3239822,0.0
248,60.18913,62.21174,60.18913,2.0226097,0.0
249,66.816376,68.97794,66.816376,2.1615677,0.0
250,67.91669,69.35209,67.91669,1.4354019,0.0
251,65.68744,68.04195,65.065994,2.3545074,-0.6214447
252,65.101494,66.81764,65.101494,1.7161484,0.0
253,68.57518,71.45198,68.072,2.8768005,-0.50318146
254,66.80734,70.67079,65.851746,3.863449,-0.9555969
255,62.148674,64.57676,61.67393,2.4280853,-0.4747429
256,67.443436,68.38969,67.29242,0.9462509,-0.15101624
257,64.24259,65.333664,63.937225,1.0910721,-0.30536652
258,62.89479,63.56814,62.89479,0.6733475,0.0
259,72.304085,73.07683,71.84141,0.7727432,-0.462677
260,71.85381,75.06288,71.870964,3.2090683,0.017150879
261,65.52933,66.321945,64.89386,0.7926178,-0.6354675
262,66.84478,69.206726,66.37692,2.361946,-0.46785736
263,72.48296,76.12575,72.48296,3.642784,0.0
264,64.520615,66.944786,64.2117,2.4241714,-0.30891418
265,69.379524,71.867615,69.12753,2.4880905,-0.25199127
266,66.340126,66.82589,66.340126,0.48576355,0.0
267,70.28616,71.609924,69.87857,1.323761,-0.40759277
268,69.21418,70.51856,68.85693,1.3043823,-0.3572464
269,68.7677,70.462135,68.7677,1.6944351,0.0
270,63.883156,65.779655,63.09232,1.8964996,-0.79083633
271,67.28801,70.65828,67.28801,3.3702698,0.0
272,69.82902,71.87309,69.69598,2.044075,-0.13304138
273,66.75267,68.805725,66.319565,2.0530548,-0.43310547
274,62.69048,63.948822,62.230606,1.2583427,-0.4598732
275,69.77372,72.05375,69.77372,2.2800293,0.0
276,65.00207,66.80005,64.76916,1.7979813,-0.23291016
277,71.11752,72.62192,71.11752,1.5043945,0.0
278,67.74526,70.64951,67.74526,2.904251,0.0
279,64.899506,65.1278,64.60166,0.22829437,-0.29784393
280,72.09459,75.07876,71.3524,2.984169,-0.7421875
281,71.79406,73.84781,71.79406,2.053749,0.0
282,67.11667,68.74687,66.716484,1.6302032,-0.40018463
283,71.47114,74.06933,70.76216,2.5981903,-0.70897675
284,71.44037,73.06938,71.03336,1.6290131,-0.4070053
285,65.746445,66.11763,65.58807,0.3711853,-0.15837097
286,67.84606,70.90465,67.03232,3.0585861,-0.8137436
287,67.197685,68.63233,66.750336,1.4346466,-0.44734955
288,66.13778,68.57202,66.13778,2.4342422,0.0
289,71.16251,71.74342,70.73061,0.5809097,-0.43190002
290,63.28927,64.97486,62.759697,1.6855927,-0.52957153
291,65.45728,66.33267,65.53641,0.8753891,0.07912445
292,62.40655,63.537285,62.40655,1.1307335,0.0
293,65.791016,67.72295,65.791016,1.9319382,0.0
294,61.01896,62.276417,60.04381,1.2574577,-0.97514725
295,68.75945,71.132576,68.05513,2.3731232,-0.7043228
296,66.055115,67.8061,65.53297,1.7509842,-0.52214813
297,67.03151,68.951126,67.03151,1.9196167,0.0
298,67.89123,69.41317,67.08748,1.5219421,-0.8037491
299,70.22564,71.6047,69.80539,1.3790588,-0.42024994
300,74.013115,76.902145,73.934586,2.8890305,-0.07852936
301,67.454,68.84132,67.454,1.3873138,0.0
302,61.343216,62.384,60.99719,1.0407829,-0.34602737
303,71.87695,73.100204,71.52881,1.2232513,-0.34814453
304,66.03606,68.17774,65.73979,2.1416855,-0.29626465
305,64.568085,66.378654,64.568085,1.8105698,0.0
306,68.97379,74.217094,68.97379,5.2433014,0.0
307,67.29324,71.76977,66.65759,4.4765244,-0.63565063
308,70.77086,72.49545,70.32126,1.7245941,-0.44960022
309,63.307755,64.47394,62.95181,1.1661835,-0.3559456
310,68.148346,68.15885,68.148346,0.010505676,0.0
311,64.323906,65.7151,63.52308,1.3911972,-0.800827
312,69.64561,70.86356,69.74854,1.2179565,0.10293579
313,66.72638,68.25156,66.04673,1.525177,-0.67964935
314,68.437004,70.17777,68.027885,1.7407684,-0.40911865
315,66.69143,67.82839,65.71727,1.1369629,-0.97415924
316,64.91491,65.75034,64.62835,0.83543396,-0.28656006
317,67.39345,68.61245,67.00401,1.2190018,-0.3894348
318,64.676285,64.738205,64.15417,0.061920166,-0.5221176
319,60.94415,61.078876,60.94415,0.13472748,0.0
320,66.58955,68.45267,66.58955,1.863121,0.0
321,70.21877,71.357315,70.21877,1.1385422,0.0
322,66.74795,69.02059,66.605545,2.272644,-0.14240265
323,67.11383,68.53259,66.822296,1.4187622,-0.29153442
324,64.99017,66.75462,64.99017,1.7644501,0.0
325,67.408615,69.33968,66.91831,1.9310684,-0.49030304
326,70.49297,71.46769,70.1264,0.9747162,-0.36656952
327,65.23977,68.999405,64.78676,3.759636,-0.45301056
328,69.81175,71.08366,69.54786,1.271904,-0.26389313
329,63.081257,64.56432,62.45882,1.4830666,-0.6224365
330,72.761314,73.94758,72.355606,1.186264,-0.4057083
331,63.43048,64.296394,62.773533,0.8659134,-0.6569481
332,68.73393,69.58502,68.42232,0.8510895,-0.311615
333,68.20792,71.38652,68.3584,3.1786041,0.15048218
334,62.090336,63.64424,62.090336,1.5539055,0.0
335,68.4361,70.37336,68.4361,1.9372635,0.0
336,67.85936,70.5988,67.29406,2.739441,-0.5653
337,65.3893,68.20353,64.67079,2.8142319,-0.71850586
338,66.59139,68.2523,66.244064,1.6609039,-0.3473282
339,65.948204,67.283615,65.948204,1.3354111,0.0
340,71.010155,74.38277,70.26262,3.372612,-0.7475357
341,65.31694,66.85942,64.6965,1.5424805,-0.6204376
342,64.9743,66.88667,64.9743,1.9123764,0.0
343,69.482056,70.73487,68.904945,1.2528152,-0.5771103
344,66.3243,70.56562,66.3243,4.2413177,0.0
345,68.96668,70.42476,68.880745,1.4580765,-0.0859375
346,69.061455,72.042366,69.006454,2.9809113,-0.055000305
347,65.757195,66.61681,65.65646,0.85961914,-0.100730896
348,68.47145,72.75493,68.29559,4.283478,-0.17585754
349,62.057236,62.80557,62.122128,0.748333,0.064891815
350,70.896965,73.22158,70.28009,2.3246155,-0.6168747
351,68.13372,69.61304,67.67045,1.4793167,-0.4632721
352,63.480125,65.21653,62.758026,1.7364044,-0.7220993
353,70.2611,72.1978,70.14448,1.9366989,-0.116622925
354,69.73501,70.79334,69.50099,1.0583344,-0.23401642
355,69.3838,72.71807,69.588196,3.3342743,0.20439911
356,72.55519,75.98877,72.55519,3.4335785,0.0
357,64.9984,66.917076,64.72812,1.9186783,-0.27027893
358,69.93431,72.78269,69.41436,2.848381,-0.51995087
359,71.62438,75.39455,71.30376,3.7701645,-0.3206253
360,67.6778,68.78766,67.483696,1.1098557,-0.19410706
361,65.87703,66.008286,65.04675,0.1312561,-0.8302765
362,67.066795,68.20386,66.10283,1.1370621,-0.96396637
363,71.17065,74.109474,70.7427,2.9388275,-0.427948
364,62.83451,63.742825,62.496407,0.90831375,-0.33810425
365,63.73842,65.54038,63.73842,1.8019638,0.0
366,65.026764,68.127464,64.422516,3.1007004,-0.60424805
367,67.0018,68.5216,66.104836,1.5197983,-0.896965
368,68.745735,71.89617,67.86859,3.1504364,-0.87714386
369,70.445335,72.2756,70.143486,1.8302612,-0.30184937
370,66.044975,71.31379,66.044975,5.268814,0.0
371,67.91173,69.30566,67.51553,1.3939285,-0.39619446
372,65.2803,65.95749,64.81659,0.6771927,-0.46370697
373,70.017075,72.01579,70.017075,1.9987183,0.0
374,70.55259,70.92972,69.83137,0.3771286,-0.7212219
375,66.11957,69.305214,65.533134,3.185646,-0.5864334
376,72.71068,75.50828,72.464905,2.7975998,-0.24577332
377,68.93581,70.67717,68.64432,1.7413635,-0.29148865
378,71.88717,75.20037,71.42446,3.313202,-0.46270752
379,68.94757,70.204956,68.60931,1.2573853,-0.33826447
380,63.093754,64.77515,62.04535,1.6813927,-1.0484047
381,63.21157,64.956085,62.58446,1.7445145,-0.6271095
382,60.10262,61.493347,60.10262,1.390728,0.0
383,67.457466,69.10093,66.969376,1.6434631,-0.48809052
384,68.67125,70.096344,68.67125,1.4250946,0.0
385,73.97522,77.35821,73.97522,3.382988,0.0
386,67.8684,69.68409,67.174934,1.8156891,-0.6934662
387,62.54331,64.31243,62.05271,1.7691231,-0.49059677
388,65.69933,68.1621,64.9809,2.4627686,-0.71842957
389,68.668236,73.57486,68.668236,4.906624,0.0
390,64.923325,66.93976,64.28769,2.0164337,-0.6356354
391,66.43544,68.68452,65.13995,2.2490768,-1.2954865
392,61.23816,62.262627,60.548046,1.0244675,-0.69011307
393,70.61472,72.67732,69.887474,2.0625992,-0.72724915
394,65.32107,67.09321,65.32107,1.7721405,0.0
395,66.870605,69.6932,66.293755,2.8225937,-0.5768509
396,68.93553,72.36775,68.13434,3.4322205,-0.80119324
397,67.68495,69.590096,67.68495,1.9051437,0.0
398,66.05337,67.74026,66.05337,1.6868896,0.0
399,63.538074,64.82243,63.041164,1.284359,-0.4969101
400,67.52886,69.97807,67.52886,2.4492111,0.0
401,69.17026,70.62901,68.368034,1.4587555,-0.8022232
402,71.04285,72.489044,70.49026,1.4461975,-0.5525894
403,70.062,71.57112,69.81237,1.5091248,-0.24962616
404,64.88203,65.58669,64.665794,0.70466614,-0.2162323
405,68.45498,71.41801,67.98886,2.963028,-0.46611786
406,62.671402,63.912025,61.897728,1.2406235,-0.773674
407,67.232956,70.69745,66.52217,3.4644928,-0.7107849
408,65.65188,68.35937,65.088745,2.707489,-0.56313324
409,67.49395,69.44102,66.75892,1.9470673,-0.7350311
410,65.508415,66.95139,65.14204,1.4429779,-0.36637878
411,61.99519,62.082478,61.56361,0.0872879,-0.4315796
412,64.53018,68.97702,64.53018,4.4468384,0.0
413,68.72357,70.68187,68.29839,1.9582977,-0.42517853
414,65.607574,67.07023,64.75131,1.4626541,-0.8562622
415,67.88799,69.76882,66.624504,1.8808289,-1.2634888
416,67.53888,71.60976,67.53888,4.070877,0.0
417,63.78968,66.935394,63.78968,3.1457138,0.0
418,66.270096,66.490456,65.40543,0.2203598,-0.8646622
419,68.03348,69.901085,68.03348,1.8676071,0.0
420,68.35356,69.44579,68.26062,1.0922318,-0.092941284
421,67.29187,68.97253,66.613304,1.6806564,-0.678566
422,66.11231,67.15864,66.202065,1.0463257,0.0897522
423,64.76607,66.757614,64.16657,1.9915466,-0.59949493
424,65.538124,67.3269,65.538124,1.7887726,0.0
425,67.809425,70.09618,67.809425,2.2867584,0.0
426,69.645355,70.65344,69.20244,1.0080872,-0.44291687
427,69.45971,71.13029,68.77987,1.670578,-0.6798401
428,63.371437,65.02605,63.371437,1.6546097,0.0
429,68.82879,70.62023,68.267815,1.7914429,-0.5609741
430,67.94813,70.25996,67.88966,2.3118286,-0.05846405
431,60.305298,62.07257,60.305298,1.767273,0.0
432,65.31189,66.54681,64.802,1.2349167,-0.5098877
433,70.17068,71.25369,69.83444,1.0830154,-0.33623505
434,69.73316,70.35856,69.52015,0.6253967,-0.2130127
435,65.16295,67.7754,64.53945,2.6124496,-0.623497
436,63.209248,66.26652,62.377632,3.05727,-0.83161545
437,72.22034,74.61206,72.22034,2.3917236,0.0
438,71.176056,73.45053,70.604706,2.274475,-0.5713501
439,62.71255,63.826077,61.80761,1.1135254,-0.90494156
440,63.947998,64.88864,63.588783,0.9406433,-0.35921478
441,67.59243,70.0943,66.9968,2.5018692,-0.59562683
442,68.80358,72.256134,68.80358,3.4525528,0.0
443,61.37604,62.75455,60.791275,1.3785095,-0.5847664
444,70.59606,71.589035,70.28796,0.9929733,-0.30810547
445,65.084656,67.13126,64.43602,2.046608,-0.64863586
446,66.58267,68.66241,65.740616,2.0797348,-0.8420563
447,72.19467,72.45483,71.55116,0.26015472,-0.6435089
448,69.23111,70.272224,68.911575,1.0411148,-0.3195343
449,69.39894,70.97604,69.39894,1.5771027,0.0
450,71.81283,73.691734,70.70641,1.8789062,-1.1064148
451,63.60224,67.79407,63.336353,4.191826,-0.2658882
452,63.77998,65.486145,63.77998,1.7061653,0.0
453,71.20337,74.80195,71.20337,3.5985794,0.0
454,66.3418,68.074165,65.876335,1.7323685,-0.46546173
455,65.706436,67.42315,65.0342,1.716713,-0.6722336
456,68.82548,69.229996,68.10965,0.40451813,-0.71582794
457,68.81609,70.75631,68.46531,1.9402161,-0.3507843
458,66.83899,68.15445,66.514244,1.3154602,-0.32474518
459,70.48781,74.350815,70.291954,3.8630066,-0.19585419
460,66.352554,67.36858,66.10802,1.0160294,-0.24453735
461,58.093395,58.831707,58.093395,0.73831177,0.0
462,66.276505,67.22525,65.851425,0.9487457,-0.42507935
463,66.133446,69.21898,66.04624,3.0855331,-0.08720398
464,64.86768,67.37251,64.16224,2.5048294,-0.70544434
465,64.71489,67.524956,64.53612,2.8100662,-0.17877197
466,61.632103,62.530994,60.999115,0.89889145,-0.632988
467,63.64334,66.94724,62.944397,3.3039017,-0.6989441
468,62.86545,63.49445,62.218365,0.6289978,-0.6470871
469,64.74946,67.992096,64.74946,3.2426376,0.0
470,62.023495,63.513268,61.871548,1.4897728,-0.15194702
471,65.000916,68.23595,64.51453,3.2350311,-0.48638916
472,73.7273,77.67564,72.90055,3.9483337,-0.8267517
473,68.815575,71.92968,67.71872,3.1141052,-1.0968552
474,68.37406,69.91015,67.63292,1.536087,-0.7411423
475,72.4912,75.81459,72.271385,3.3233871,-0.21981812
476,69.75606,71.741776,69.29793,1.9857178,-0.45812988
477,66.05783,67.76727,66.05783,1.7094421,0.0
478,63.095654,64.421524,63.095654,1.3258705,0.0
479,63.089798,64.16971,62.51422,1.0799103,-0.5755768
480,69.140175,71.639915,68.92084,2.4997406,-0.21933746
481,61.227573,62.88982,61.227573,1.6622467,0.0
482,59.13227,59.003204,59.13227,-0.12906647,0.0
483,66.32082,67.70841,66.28612,1.3875885,-0.034706116
484,69.475464,70.83954,68.615585,1.3640747,-0.85987854
485,61.76892,63.552,61.76892,1.7830772,0.0
486,67.460754,69.158875,66.841934,1.6981201,-0.6188202
487,61.257103,62.900845,60.55259,1.6437416,-0.70451355
488,60.34208,61.973465,59.465,1.6313858,-0.877079
489,64.75181,67.22667,64.75181,2.4748611,0.0
490,70.87949,73.5837,70.27307,2.7042084,-0.6064224
491,73.40044,75.864235,72.76856,2.4637985,-0.6318741
492,64.62941,65.64354,63.155228,1.0141296,-1.4741821
493,67.231636,67.89767,66.662384,0.6660309,-0.569252
494,69.53928,72.0845,69.13356,2.5452194,-0.40572357
495,65.31805,67.5545,64.72167,2.2364502,-0.5963745
496,67.608574,71.09193,66.62755,3.4833527,-0.9810257
497,67.82492,69.51907,66.52141,1.6941528,-1.3035126
498,63.10833,63.73138,63.37241,0.6230507,0.26408005
499,71.95841,73.58528,71.44925,1.6268692,-0.5091629
500,66.42871,67.77259,65.76982,1.3438797,-0.6588898
501,64.00639,65.300835,63.41604,1.2944412,-0.5903549
502,67.08227,70.247284,66.96962,3.1650162,-0.11264801
503,65.48583,66.694595,65.051544,1.2087631,-0.43428802
504,62.635754,62.95509,62.205902,0.31933594,-0.42985153
505,69.51221,71.65342,69.222,2.1412125,-0.2902069
506,64.33161,65.80709,64.326584,1.4754791,-0.005027771
507,67.02411,69.53607,66.62952,2.511963,-0.3945923
508,67.00759,69.15223,67.00759,2.144638,0.0
509,67.79879,71.531715,67.79879,3.7329254,0.0
510,63.917515,67.38895,63.917515,3.4714317,0.0
511,68.17359,69.13863,67.90482,0.9650421,-0.2687683
512,66.889275,67.9696,66.889275,1.0803223,0.0
513,60.941307,63.00085,60.941307,2.0595436,0.0
514,66.20097,67.06848,65.4932,0.86750793,-0.7077713
515,71.98861,73.73809,71.19655,1.7494812,-0.79206085
516,70.89611,73.33868,70.177795,2.442566,-0.7183151
517,68.58558,70.41087,68.58558,1.8252945,0.0
518,63.895386,67.04728,62.925682,3.1518936,-0.9697037
519,67.08725,67.254265,66.18979,0.16701508,-0.89746094
520,73.350464,75.991936,72.84604,2.6414719,-0.50442505
521,67.2702,70.11382,66.544846,2.8436203,-0.72535706
522,63.414318,63.989853,63.292694,0.5755348,-0.12162399
523,64.22269,65.40359,64.22269,1.1809006,0.0
524,64.86382,66.015884,64.86382,1.1520615,0.0
525,70.15529,72.72988,70.15529,2.5745926,0.0
526,62.02807,64.40048,62.02807,2.3724136,0.0
527,69.02378,70.283806,68.758705,1.260025,-0.26507568
528,64.41401,67.10473,64.41401,2.6907196,0.0
529,63.15334,63.963177,62.547337,0.80983734,-0.6060028
530,70.659294,71.369064,70.62048,0.7097702,-0.03881073
531,63.968403,65.34057,63.190193,1.3721657,-0.7782097
532,65.412766,66.46424,64.634865,1.0514755,-0.7779007
533,66.31362,67.89141,65.41171,1.5777893,-0.9019089
534,63.66898,65.270584,63.66898,1.6016045,0.0
535,66.35219,67.82356,66.23609,1.4713745,-0.1160965
536,62.19117,65.46411,61.732765,3.2729416,-0.45840454
537,65.918274,67.484695,65.918274,1.5664215,0.0
538,66.08902,67.76312,65.41215,1.6741028,-0.67687225
539,66.08985,69.972244,66.12218,3.882393,0.032325745
540,64.56039,64.889175,64.12614,0.32878876,-0.43424988
541,70.63418,73.14822,70.438934,2.514038,-0.19524384
542,60.681328,61.264416,59.557117,0.5830879,-1.1242104
543,69.84147,72.03345,69.33769,2.1919785,-0.50377655
544,68.44957,69.43,68.44957,0.9804306,0.0
545,61.474514,62.864,61.125324,1.3894844,-0.34918976
546,66.2505,68.58884,65.71113,2.3383331,-0.5393753
547,65.8087,69.58139,65.8087,3.7726898,0.0
548,65.701836,66.1504,65.012764,0.44856262,-0.68907166
549,72.94917,74.44207,72.163284,1.492897,-0.7858887
550,69.80866,71.06632,69.80866,1.2576599,0.0
551,64.42185,66.21727,63.501637,1.7954178,-0.9202156
552,66.63424,68.17359,66.41602,1.5393524,-0.21821594
553,69.48152,71.47124,69.09109,1.9897156,-0.39043427
554,73.52734,77.153114,73.04776,3.6257706,-0.47958374
555,66.825584,68.770386,66.825584,1.9448013,0.0
556,67.80531,69.68445,67.75252,1.8791351,-0.05279541
557,64.17594,66.78663,63.37454,2.6106873,-0.80140305
558,64.75792,65.49035,64.29848,0.7324295,-0.45944214
559,67.23769,70.370094,67.23769,3.1324005,0.0
560,63.31411,66.50103,62.985012,3.1869202,-0.32909775
561,69.39338,71.559074,69.39338,2.1656952,0.0
562,70.24099,71.30041,69.91885,1.0594177,-0.32213593
563,61.21162,63.245564,61.21162,2.0339432,0.0
564,71.52252,73.003365,71.116066,1.4808426,-0.406456
565,74.74984,78.627525,74.34897,3.8776855,-0.40087128
566,68.29462,69.88509,67.674934,1.590477,-0.6196823
567,68.161255,70.95758,67.34986,2.7963257,-0.81139374
568,69.21259,70.43222,68.63846,1.2196274,-0.5741348
569,76.10237,77.71988,75.36453,1.6175079,-0.73783875
570,64.35322,65.4459,64.35827,1.0926819,0.005050659
571,66.14941,67.98416,65.73597,1.834755,-0.4134369
572,69.81408,71.33333,69.39725,1.519249,-0.41683197
573,71.9311,74.04875,71.48237,2.117653,-0.44873047
574,66.648964,69.76675,65.95747,3.1177826,-0.6914902
575,68.09424,69.19996,66.33094,1.1057205,-1.763298
576,67.688156,70.48218,67.06432,2.7940216,-0.6238327
577,65.54325,66.64601,65.54325,1.1027603,0.0
578,69.94471,72.463455,69.45353,2.5187454,-0.49118042
579,69.12363,70.74487,68.41413,1.6212463,-0.70949554
580,71.86634,73.511856,71.86634,1.6455154,0.0
581,70.531166,71.6682,70.24489,1.1370316,-0.28627777
582,63.895924,66.82893,63.895924,2.93301,0.0
583,64.72912,68.89004,64.06354,4.160919,-0.66558075
584,68.79469,70.66522,68.43202,1.8705292,-0.3626709
585,66.62382,66.11982,65.135376,-0.5039978,-1.4884415
586,66.15606,68.727196,66.15606,2.5711365,0.0
587,65.441536,65.44991,65.441536,0.008377075,0.0
588,67.32869,68.22662,66.9979,0.89793396,-0.33078766
589,58.539684,60.211597,57.799946,1.6719131,-0.73973846
590,65.99774,69.446465,65.562584,3.4487228,-0.43515778
591,61.922443,64.3069,61.922443,2.3844566,0.0
592,67.39667,69.01326,66.476494,1.6165924,-0.92017365
593,71.45507,73.693306,70.5004,2.2382355,-0.95467377
594,66.20009,67.19578,65.60202,0.9956894,-0.59806824
595,62.00721,63.8074,61.06596,1.80019,-0.94124985
596,71.69501,73.30877,71.43706,1.6137619,-0.25794983
597,65.676254,66.91465,64.80646,1.2383957,-0.86979675
598,64.83299,67.02942,64.80325,2.1964264,-0.02973938
599,66.5818,67.33646,66.422455,0.75465393,-0.15934753
600,62.295883,63.910793,62.295883,1.6149101,0.0
601,70.09681,72.265686,70.09681,2.1688766,0.0
602,66.69972,68.410675,66.338806,1.7109528,-0.36091614
603,69.24177,71.58477,68.96202,2.3430023,-0.279747
604,69.860825,71.2562,69.39519,1.3953781,-0.4656372
605,62.9186,63.128464,62.289425,0.20986557,-0.6291733
606,67.00076,69.28125,66.45443,2.280487,-0.5463333
607,61.733807,62.759502,61.733807,1.0256958,0.0
608,63.667767,64.96289,63.47505,1.295124,-0.19271469
609,67.093704,68.84496,66.71211,1.7512589,-0.3815918
610,69.44094,71.15504,69.54468,1.7140961,0.10373688
611,65.513466,66.282814,64.92054,0.76934814,-0.592926
612,64.22132,66.28492,64.60329,2.0635986,0.38196564
613,71.22805,73.11876,70.56081,1.8907089,-0.66724396
614,67.1787,69.560234,66.75949,2.3815308,-0.41921234
615,62.688618,65.42324,62.03787,2.734623,-0.6507492
616,65.69562,66.525276,65.22147,0.8296585,-0.47414398
617,73.601524,75.47242,73.08817,1.8708954,-0.51335144
618,63.511013,64.87516,63.041615,1.3641472,-0.4693985
619,69.86934,74.015335,69.86934,4.145996,0.0
620,65.67745,67.79904,65.67745,2.1215897,0.0
621,67.46239,68.33519,67.46239,0.87280273,0.0
622,63.526253,64.633446,63.526253,1.107193,0.0
623,63.752476,65.5367,63.752476,1.7842216,0.0
624,65.65263,67.689865,65.65263,2.0372314,0.0
625,60.82213,60.81341,60.57086,-0.008716583,-0.25126648
626,66.06873,68.3676,65.80818,2.2988663,-0.26055145
627,69.5184,71.65376,69.5184,2.1353607,0.0
628,67.53015,68.15976,67.58926,0.62960815,0.05910492
629,69.815346,71.82859,69.815346,2.0132446,0.0
630,69.71532,71.987236,69.55245,2.2719193,-0.16286469
631,60.184093,60.680225,59.702057,0.4961319,-0.4820366
632,63.968117,67.11555,63.312317,3.1474304,-0.65579987
633,69.09842,71.55549,69.09842,2.4570694,0.0
634,67.56276,68.84228,66.92532,1.2795181,-0.6374359
635,71.99635,74.12793,71.55094,2.1315765,-0.44541168
636,68.16149,71.29083,67.81367,3.1293411,-0.3478241
637,60.12338,60.95538,60.12338,0.83200073,0.0
638,66.461784,67.56759,66.461784,1.1058044,0.0
639,64.91638,66.28194,64.12969,1.3655548,-0.78668976
640,67.31581,69.72431,66.763885,2.4085007,-0.55192566
641,66.8495,67.1348,66.111725,0.2853012,-0.7377777
642,66.60261,68.13296,66.217804,1.5303497,-0.38480377
643,64.3023,65.88884,63.83043,1.5865402,-0.47187042
644,73.15089,76.22111,72.707306,3.070221,-0.44358063
645,68.8481,70.56492,68.58172,1.7168198,-0.2663803
646,66.41407,69.002716,66.41407,2.588646,0.0
647,64.29373,66.3874,64.29373,2.093666,0.0
648,67.344795,70.18878,67.344795,2.8439865,0.0
649,69.43411,71.77975,68.88498,2.3456345,-0.5491333
650,72.33168,74.34578,71.59545,2.0140991,-0.73622894
651,67.269806,69.03024,66.85185,1.760437,-0.4179535
652,63.211597,65.92617,63.211597,2.714573,0.0
653,63.336246,64.27585,62.863552,0.9396019,-0.4726944
654,64.57643,66.33555,64.24677,1.7591171,-0.3296585
655,64.15304,65.73964,63.75844,1.5866013,-0.3945999
656,66.272156,67.77611,65.48247,1.503952,-0.7896881
657,66.975266,69.29255,66.70204,2.3172836,-0.27322388
658,68.08536,70.6413,67.183426,2.5559387,-0.90193176
659,70.23072,73.3615,70.00813,3.130783,-0.22258759
660,61.6698,63.667374,60.924355,1.9975739,-0.74544525
661,65.65618,67.060455,65.01871,1.404274,-0.63747406
662,63.68667,65.14065,63.03527,1.4539795,-0.6513977
663,69.17693,70.48111,68.79363,1.3041763,-0.38330078
664,58.08458,60.668774,58.08458,2.5841942,0.0
665,69.09966,70.25622,69.01773,1.1565552,-0.08193207
666,72.134315,74.79883,71.72139,2.6645126,-0.41292572
667,70.74986,74.63991,70.18714,3.8900452,-0.56272125
668,63.762924,66.2519,63.50052,2.4889755,-0.2624054
669,68.09841,69.610344,67.39349,1.5119324,-0.7049179
670,66.1747,67.57175,66.1747,1.397049,0.0
671,66.80004,69.51279,65.809715,2.7127457,-0.9903259
672,65.61588,67.10652,65.61588,1.4906387,0.0
673,65.97876,68.59273,65.37086,2.613968,-0.6079025
674,65.79221,68.47385,65.39869,2.681633,-0.39352417
675,61.123135,63.50182,60.56099,2.378685,-0.56214523
676,72.31676,74.13058,71.92073,1.8138199,-0.3960266
677,65.61839,66.31407,65.23899,0.6956787,-0.37940216
678,70.3141,72.85559,69.65544,2.5414886,-0.6586609
679,61.093002,62.490734,61.093002,1.3977318,0.0
680,65.79433,67.50269,65.79433,1.7083664,0.0
681,68.928246,70.868935,68.53331,1.9406891,-0.3949356
682,67.0584,71.93134,66.18299,4.87294,-0.875412
683,66.37026,68.88995,65.94503,2.5196915,-0.42523193
684,68.97358,70.63337,68.753654,1.65979,-0.21992493
685,66.66705,68.56853,65.98216,1.901474,-0.68489075
686,70.940956,74.83547,70.940956,3.894516,0.0
687,68.589554,69.24987,68.1268,0.66031647,-0.4627533
688,62.365944,63.157448,61.40169,0.7915039,-0.9642525
689,67.64435,68.27075,67.378136,0.6264038,-0.26621246
690,74.12291,77.22304,73.576935,3.1001282,-0.54597473
691,63.245327,64.85782,62.924335,1.6124916,-0.32099152
692,68.848145,69.920425,68.367065,1.0722809,-0.4810791
693,63.98125,65.03613,63.835503,1.054882,-0.14574814
694,69.04528,70.57764,68.96802,1.5323563,-0.07726288
695,67.53897,69.95244,67.53897,2.4134674,0.0
696,64.15001,65.45216,64.15001,1.3021545,0.0
697,64.64605,66.67151,64.205315,2.0254593,-0.44073486
698,67.440216,69.88697,67.21067,2.4467545,-0.2295456
699,66.66243,69.25477,65.844666,2.5923386,-0.8177643
700,67.78429,69.31476,67.44869,1.5304718,-0.33559418
701,67.143845,68.08534,66.16691,0.9414978,-0.97693634
702,64.98365,67.46483,64.2657,2.4811783,-0.7179489
703,63.58828,65.650734,63.022007,2.0624542,-0.56627274
704,69.57574,73.63093,67.5883,4.055191,-1.9874344
705,60.086327,59.825413,59.92574,-0.26091385,-0.16058731
706,64.01689,65.047195,63.807644,1.030304,-0.20924759
707,69.061905,69.49655,68.53555,0.4346466,-0.5263519
708,61.724533,63.129845,61.724533,1.4053116,0.0
709,67.56485,69.72785,67.16942,2.163002,-0.39543152
710,64.98611,67.40485,64.52488,2.4187393,-0.46122742
711,68.40088,70.951965,68.40088,2.5510864,0.0
712,69.19717,70.23333,68.759575,1.0361633,-0.43759155
713,68.35831,70.00666,68.16606,1.6483536,-0.19224548
714,70.50729,72.724976,70.54214,2.217682,0.034843445
715,62.919025,64.57107,62.78172,1.6520424,-0.13730621
716,66.14642,67.219635,65.5118,1.0732117,-0.63462067
717,63.285934,65.072334,62.95646,1.7863998,-0.3294754
718,74.075294,75.66594,73.62323,1.5906448,-0.4520645
719,66.212326,68.31167,65.57272,2.0993423,-0.63960266
720,71.80038,72.77526,71.327934,0.97488403,-0.47244263
721,69.155235,71.03088,68.57386,1.8756485,-0.5813751
722,62.416637,64.40622,62.416637,1.9895821,0.0
723,65.603065,66.75715,64.884865,1.1540833,-0.7182007
724,64.10222,65.73203,64.10222,1.6298141,0.0
725,61.942783,63.115314,61.441204,1.1725311,-0.5015793
726,71.59515,72.9661,71.10411,1.3709488,-0.4910431
727,65.15309,67.717026,65.14791,2.5639343,-0.005180359
728,64.92758,67.5429,63.963863,2.6153183,-0.9637184
729,61.603123,63.292065,61.106674,1.688942,-0.49644852
730,65.45203,67.31668,65.15986,1.8646545,-0.29216766
731,63.092175,64.05992,62.62302,0.96774673,-0.46915436
732,64.66294,66.418655,64.66294,1.7557144,0.0
733,65.61825,67.69556,65.08435,2.0773087,-0.5338974
734,68.50579,70.609825,66.50654,2.1040344,-1.9992523
735,62.568924,62.69373,62.568924,0.12480545,0.0
736,69.85375,71.14122,69.56639,1.287468,-0.28736115
737,67.36116,69.7742,67.36116,2.4130402,0.0
738,65.59712,67.764015,64.982376,2.166893,-0.6147461
739,69.430786,71.57263,69.430786,2.1418457,0.0
740,67.82444,69.38003,67.26908,1.5555878,-0.5553589
741,64.89392,66.723694,64.89392,1.829773,0.0
742,63.82015,66.13983,63.82015,2.319683,0.0
743,62.689407,64.32017,61.90514,1.6307602,-0.7842674
744,65.38018,68.19214,64.505005,2.8119583,-0.8751755
745,70.30292,72.50585,70.30292,2.2029343,0.0
746,72.36081,73.893845,71.72152,1.5330353,-0.63928986
747,68.65297,71.58997,68.10695,2.937004,-0.5460205
748,67.14517,69.47289,66.7729,2.3277206,-0.37226868
749,69.067955,71.37431,68.576485,2.3063583,-0.49147034
750,66.77158,69.317024,66.20388,2.5454407,-0.56770325
751,65.15817,70.014046,65.15817,4.855873,0.0
752,71.40496,72.55443,71.0125,1.1494675,-0.39246368
753,71.90655,72.54196,70.01835,0.6354141,-1.8881989
754,58.724598,59.82085,58.724598,1.0962524,0.0
755,70.52404,71.79049,70.11965,1.266449,-0.40438843
756,66.05686,66.85467,65.6078,0.7978058,-0.44905853
757,68.97954,70.8857,68.31428,1.9061584,-0.6652603
758,65.337776,67.99502,65.19978,2.6572418,-0.13799286
759,63.664795,65.789795,63.570324,2.125,-0.09447098
760,73.82335,75.56369,73.82335,1.7403412,0.0
761,67.289444,69.95759,66.92758,2.6681442,-0.36186218
762,63.69205,66.030396,62.839466,2.3383446,-0.85258484
763,73.4163,77.426674,72.931305,4.010376,-0.48499298
764,69.29515,71.031166,69.29515,1.7360153,0.0
765,70.37482,71.893845,70.44686,1.5190277,0.07204437
766,65.42997,65.79195,65.42997,0.36197662,0.0
767,65.13092,67.79559,64.79021,2.6646729,-0.3407135
768,62.291935,63.19013,62.20995,0.89819336,-0.08198547
769,69.02158,73.465034,69.02158,4.443451,0.0
770,75.279015,78.750175,74.864204,3.471161,-0.41481018
771,67.09991,69.10913,66.67335,2.009224,-0.42655945
772,63.601124,65.01257,63.414196,1.4114494,-0.1869278
773,67.053696,69.47348,66.77871,2.4197845,-0.27498627
774,69.63298,71.25732,68.77482,1.6243362,-0.8581619
775,73.98445,75.37761,73.22056,1.393158,-0.7638931
776,65.712395,68.22196,64.8842,2.5095673,-0.82819366
777,64.06009,64.86905,63.52871,0.80895996,-0.5313797
778,64.211754,67.66471,64.211754,3.4529572,0.0
779,69.52038,71.87301,69.52038,2.3526306,0.0
780,71.78131,75.45448,71.37247,3.673172,-0.408844
781,72.39782,74.70347,72.27721,2.3056488,-0.1206131
782,71.10818,74.76258,71.149254,3.6544037,0.04107666
783,68.661674,73.192726,67.89261,4.5310516,-0.76906586
784,64.61114,66.11936,64.61114,1.5082245,0.0
785,66.581566,68.849304,66.53689,2.2677383,-0.044677734
786,66.408035,67.91628,65.91594,1.5082474,-0.49209595
787,74.128815,76.133644,73.28459,2.0048294,-0.844223
788,67.28437,68.053635,66.97595,0.7692642,-0.30841827
789,68.95969,70.48601,66.672104,1.5263214,-2.2875824
790,68.40601,70.9768,68.40601,2.5707855,0.0
791,71.72932,75.61289,71.72932,3.8835754,0.0
792,69.26848,71.204956,68.72656,1.9364777,-0.5419159
793,66.908905,68.04616,66.36723,1.1372528,-0.54167175
794,66.33691,67.42729,65.886665,1.0903854,-0.4502411
795,70.2171,72.43669,69.632744,2.2195892,-0.5843582
796,70.44317,74.408875,70.44317,3.9657059,0.0
797,69.1078,71.84816,69.09179,2.7403564,-0.0160141
798,69.65879,71.49704,69.08059,1.8382492,-0.5782013
799,66.600624,68.32534,65.7069,1.7247162,-0.89372253
800,67.40917,68.91252,67.11224,1.5033493,-0.2969284
801,70.15553,70.92279,69.09135,0.7672577,-1.0641861
802,63.281998,63.931915,62.587048,0.6499176,-0.6949501
803,69.3603,73.325096,68.86637,3.964798,-0.493927
804,68.35758,70.59374,67.90001,2.2361603,-0.45757294
805,68.73848,71.883606,68.40132,3.1451263,-0.3371582
806,67.43393,68.74533,66.34386,1.3114014,-1.0900726
807,70.936325,72.72162,70.431694,1.7852936,-0.50463104
808,68.29765,70.79462,68.29765,2.4969635,0.0
809,62.338406,63.726345,61.746536,1.3879395,-0.59186935
810,71.3176,73.1245,71.30115,1.8069,-0.016448975
811,67.50731,68.9086,67.50731,1.4012909,0.0
812,63.60679,64.75745,62.913795,1.1506577,-0.69299316
813,68.00532,69.566895,67.73512,1.5615768,-0.270195
814,65.65285,67.044716,65.013405,1.3918686,-0.63944244
815,65.41066,66.64819,65.05928,1.2375336,-0.3513794
816,64.90894,65.86776,64.532104,0.9588165,-0.37683868
817,64.73742,66.4247,64.3114,1.6872787,-0.42601776
818,64.4989,66.01543,64.4989,1.5165253,0.0
819,70.60841,74.39693,68.76067,3.7885132,-1.8477402
820,63.717003,64.638214,63.717003,0.92121124,0.0
821,66.75433,67.674484,66.78709,0.92015076,0.03275299
822,69.34024,70.316284,68.73821,0.9760437,-0.6020279
823,67.15183,69.76749,67.02781,2.615654,-0.12402344
824,61.27268,63.258526,60.655907,1.9858475,-0.6167717
825,67.982086,69.55971,67.982086,1.5776215,0.0
826,66.35793,68.75141,66.16265,2.3934784,-0.19528198
827,69.65471,71.391,68.94265,1.73629,-0.712059
828,68.001175,68.73932,67.8362,0.7381439,-0.16497803
829,65.12502,67.54306,64.48557,2.4180374,-0.6394501
830,61.43508,63.00202,60.815517,1.5669403,-0.61956406
831,70.4654,71.461395,69.849686,0.99599457,-0.615715
832,65.61282,66.870155,65.29472,1.2573318,-0.31809998
833,65.37872,66.22321,65.37872,0.84449005,0.0
834,73.89555,77.07087,72.67428,3.1753159,-1.2212753
835,68.8862,72.96714,68.8862,4.0809402,0.0
836,71.46206,73.07506,71.070015,1.612999,-0.39204407
837,67.04423,68.66827,66.30042,1.6240387,-0.74380493
838,68.72676,71.516235,68.41891,2.7894745,-0.3078537
839,69.56264,71.34717,68.945045,1.7845306,-0.61759186
840,70.5775,72.773865,70.04499,2.1963654,-0.53250885
841,69.69141,73.73265,69.07302,4.0412445,-0.6183853
842,68.2805,70.23613,68.124466,1.9556274,-0.15603638
843,72.46588,74.28765,71.93923,1.8217697,-0.5266495
844,68.9682,70.50456,68.9682,1.5363617,0.0
845,69.23548,71.50048,68.42651,2.2649994,-0.8089676
846,63.8213,64.12402,63.8213,0.30272293,0.0
847,68.78858,70.346016,68.78858,1.5574341,0.0
848,70.24907,73.00445,70.1569,2.7553787,-0.092170715
849,68.804855,71.020874,68.68218,2.2160187,-0.122673035
850,72.40428,74.46489,71.70503,2.060608,-0.69924927
851,74.03269,76.80219,74.03269,2.7695007,0.0
852,70.82694,72.452736,70.25784,1.6257935,-0.5690994
853,72.990654,76.05799,72.80735,3.067337,-0.18330383
854,65.04722,65.02746,64.384834,-0.019760132,-0.66238403
855,66.516304,67.83544,66.516304,1.3191376,0.0
856,68.603065,73.181046,68.603065,4.57798,0.0
857,67.98832,71.27476,67.42751,3.286438,-0.5608063
858,69.62737,71.628296,69.086296,2.0009232,-0.54107666
859,72.976715,75.029724,72.80915,2.053009,-0.16756439
860,65.42554,66.40578,64.98946,0.98023987,-0.4360733
861,64.475555,67.00252,64.0358,2.5269623,-0.4397583
862,68.773,70.19709,68.56652,1.4240875,-0.20648193
863,69.34701,70.888405,68.93709,1.5413971,-0.40991974
864,71.5681,73.3076,70.74559,1.739502,-0.82250977
865,65.1856,69.66474,65.1856,4.479141,0.0
866,69.01295,69.873985,68.635796,0.8610382,-0.3771515
867,68.85708,72.032814,68.15357,3.1757355,-0.70350647
868,62.721375,64.49624,62.553555,1.7748642,-0.16781998
869,64.27263,66.74194,63.93878,2.4693146,-0.33384705
870,73.10625,76.63427,72.6506,3.5280228,-0.45565033
871,60.735737,62.30422,60.706863,1.5684814,-0.028873444
872,71.10604,73.71873,70.75975,2.6126862,-0.3462906
873,64.14655,65.24841,63.30603,1.10186,-0.84052277
874,67.829834,68.54467,67.37728,0.7148361,-0.4525528
875,70.82754,71.898224,70.38463,1.0706863,-0.44290924
876,68.99475,70.147,67.891304,1.1522522,-1.103447
877,67.3288,70.58455,67.3288,3.2557526,0.0
878,67.70797,70.985,67.70797,3.277031,0.0
879,62.213196,64.01681,62.092213,1.8036118,-0.120983124
880,67.89052,69.41298,67.89232,1.5224609,0.0018005371
881,70.61139,72.63414,70.61139,2.0227509,0.0
882,65.52602,68.93347,65.12144,3.4074554,-0.40457916
883,66.26165,67.8916,65.88034,1.6299515,-0.3813095
884,64.890526,65.66189,64.22882,0.7713623,-0.661705
885,67.31367,69.69478,67.31367,2.3811111,0.0
886,62.02908,64.5886,61.829647,2.5595207,-0.19943237
887,67.329185,71.088806,67.329185,3.7596207,0.0
888,65.44117,67.30525,65.44117,1.8640823,0.0
889,66.9865,67.95156,66.36781,0.9650574,-0.6186905
890,65.80125,67.87418,65.51757,2.072937,-0.28367615
891,69.68771,71.367676,69.31983,1.6799622,-0.36788177
892,73.25762,73.94628,72.789055,0.68865967,-0.4685669
893,61.97659,62.516327,60.86415,0.5397377,-1.1124382
894,69.23193,71.274635,69.23193,2.0427017,0.0
895,68.17556,69.18072,67.53763,1.0051575,-0.6379318
896,74.47014,76.429115,72.07524,1.9589767,-2.3948975
897,66.557884,68.13213,65.74793,1.5742493,-0.8099518
898,65.79227,67.69454,65.50836,1.9022751,-0.28390503
899,65.81952,67.6976,65.7216,1.8780823,-0.09791565
900,72.03226,73.91513,71.67985,1.8828735,-0.35240936
901,66.58908,68.683525,65.82309,2.0944443,-0.7659912
902,66.5151,67.35593,66.09262,0.84082794,-0.42247772
903,71.6733,74.00601,71.27658,2.3327103,-0.3967209
904,63.677856,65.16871,63.179573,1.4908524,-0.4982834
905,67.6772,69.799736,66.94348,2.1225357,-0.7337189
906,69.55862,70.846214,69.512886,1.2875977,-0.04573059
907,62.913025,63.582443,62.62687,0.66941833,-0.2861557
908,67.06238,68.90755,66.41941,1.8451691,-0.6429672
909,71.35143,75.1612,71.35143,3.8097687,0.0
910,68.0019,68.261795,67.24669,0.25989532,-0.7552109
911,65.38727,67.86453,64.71028,2.4772644,-0.6769867
912,63.285053,65.21166,62.764565,1.926609,-0.52048874
913,59.835747,61.485497,59.835747,1.6497498,0.0
914,65.83238,68.36665,65.50566,2.5342712,-0.3267212
915,64.55738,66.210464,63.774082,1.6530838,-0.7832985
916,68.24595,69.9162,67.83405,1.6702499,-0.41189575
917,60.797825,62.634617,60.797825,1.836792,0.0
918,63.760197,65.73125,63.760197,1.9710503,0.0
919,65.98858,67.80647,65.57761,1.817894,-0.4109726
920,66.131325,69.515205,65.66,3.3838806,-0.4713211
921,72.37467,74.432076,71.88304,2.0574036,-0.49163055
922,71.44142,74.77611,71.2106,3.3346863,-0.2308197
923,65.43013,66.33406,65.43013,0.90393066,0.0
924,73.762276,75.2936,72.74922,1.5313263,-1.0130539
925,65.24954,68.01187,64.18661,2.762329,-1.0629349
926,59.66552,62.3472,59.66552,2.6816788,0.0
927,65.61603,68.06603,65.61603,2.4500046,0.0
928,71.47991,73.52945,70.983826,2.0495377,-0.49608612
929,72.04425,73.51502,72.04425,1.4707718,0.0
930,66.136055,67.4992,65.66589,1.3631439,-0.47016144
931,63.82507,65.64019,62.824806,1.8151207,-1.0002632
932,72.3626,74.36112,72.24767,1.9985199,-0.1149292
933,71.066025,71.896805,70.65241,0.83078,-0.41361237
934,67.0166,69.29903,66.611565,2.282425,-0.40503693
935,64.02751,65.43449,64.02751,1.4069748,0.0
936,63.72198,65.309715,63.72198,1.5877342,0.0
937,67.21502,69.34204,66.75775,2.1270218,-0.45726776
938,66.94598,70.62999,66.52247,3.6840134,-0.4235077
939,68.21176,71.28889,67.42811,3.0771255,-0.78365326
940,70.361145,73.15093,69.475716,2.7897873,-0.8854294
941,67.59612,69.10626,67.59612,1.5101395,0.0
942,65.932236,67.48472,65.81181,1.5524826,-0.12042236
943,67.76631,70.05785,67.343765,2.291542,-0.4225464
944,65.67982,67.48024,65.09161,1.8004227,-0.58820343
945,65.01652,64.74509,64.76881,-0.27143097,-0.24771118
946,70.40149,73.377365,69.01595,2.9758759,-1.3855362
947,63.331146,65.30518,62.56031,1.9740372,-0.7708359
948,71.19321,72.014404,71.00424,0.8211975,-0.18896484
949,69.949135,72.52442,69.107,2.5752869,-0.84213257
950,62.688686,66.03019,62.03313,3.3415031,-0.6555557
951,71.4572,75.808,70.96692,4.3507996,-0.49028015
952,69.97202,72.7596,69.9532,2.7875748,-0.018821716
953,69.7268,72.02065,69.25434,2.2938538,-0.4724579
954,67.87797,69.55786,67.27613,1.6798935,-0.60183716
955,65.2115,66.98126,65.2115,1.7697601,0.0
956,71.92589,74.105354,71.454155,2.1794662,-0.4717331
957,65.42527,69.12921,64.72883,3.7039413,-0.69644165
958,73.447395,75.9174,72.78873,2.4700012,-0.6586685
959,67.93801,70.46349,67.2003,2.5254822,-0.73770905
960,64.29653,66.07994,63.885925,1.7834091,-0.41060638
961,70.40128,72.0171,69.90616,1.6158142,-0.49512482
962,68.380486,70.799484,68.10103,2.4189987,-0.2794571
963,66.1802,67.23779,65.49797,1.0575943,-0.6822281
964,68.81335,69.70088,68.17918,0.8875351,-0.63417053
965,72.960075,75.10123,72.57696,2.1411514,-0.38311768
966,67.51108,69.047745,67.24133,1.5366669,-0.26974487
967,65.96257,67.371445,65.45428,1.4088745,-0.50829315
968,67.4161,70.69513,67.13633,3.2790298,-0.2797699
969,62.33927,63.718098,62.133553,1.3788261,-0.205719
970,65.534676,67.73676,65.29694,2.2020874,-0.23773193
971,66.49347,67.37581,65.883415,0.8823395,-0.610054
972,61.758068,64.82568,61.758068,3.0676155,0.0
973,69.655396,71.33759,68.9211,1.6821976,-0.7342987
974,65.81674,67.68745,65.530785,1.8707047,-0.28595734
975,67.51395,69.87501,67.29689,2.361061,-0.21705627
976,63.452312,64.61455,62.54217,1.1622353,-0.910141
977,71.24803,71.95458,71.02625,0.7065506,-0.22177887
978,68.87314,70.66432,68.039566,1.7911835,-0.8335724
979,64.22069,65.50644,64.22069,1.2857513,0.0
980,71.03183,72.729095,69.9928,1.6972656,-1.039032
981,66.674835,67.05926,65.66395,0.3844223,-1.0108871
982,69.269745,71.72648,68.95817,2.4567337,-0.31157684
983,67.48401,69.459854,67.177826,1.9758453,-0.30618286
984,72.03153,73.71279,71.71456,1.6812592,-0.31697083
985,65.12155,65.90856,64.99576,0.7870102,-0.12579346
986,70.049446,73.45314,69.45108,3.4036942,-0.5983658
987,69.116035,71.14855,69.16146,2.0325165,0.045425415
988,67.20312,70.175514,67.20312,2.9723969,0.0
989,71.92218,73.85516,71.60512,1.9329834,-0.31706238
990,73.364365,75.23481,73.202965,1.8704453,-0.16139984
991,65.94107,70.14923,65.39826,4.2081604,-0.54280853
992,64.22555,67.75989,63.638084,3.53434,-0.5874634
993,63.72842,65.3444,62.61539,1.6159782,-1.1130295
994,65.94103,68.45957,65.685715,2.5185394,-0.2553177
995,67.14529,68.07566,66.84588,0.93037415,-0.29940796
996,70.025795,71.99125,69.32307,1.9654541,-0.7027283
997,60.897575,61.631058,60.673874,0.73348236,-0.22370148
998,64.32009,65.48246,63.510666,1.1623688,-0.80942535
999,70.588455,71.56282,70.588455,0.97436523,0.0
1000,60.24786,61.68549,60.070805,1.4376297,-0.17705536
1001,70.08648,73.463524,69.80799,3.3770447,-0.27848816
1002,67.69347,69.029686,67.79246,1.3362198,0.098991394
1003,62.089108,62.540104,61.76479,0.4509964,-0.32431793
1004,64.41708,66.58066,64.41708,2.1635742,0.0
1005,65.4876,66.62147,64.887955,1.1338654,-0.5996475
1006,66.43749,68.411064,65.959785,1.9735718,-0.4777069
1007,67.80824,69.94442,67.11609,2.136177,-0.69215393
1008,66.73804,69.396996,66.31481,2.6589584,-0.4232254
1009,73.52902,74.76544,72.969734,1.2364197,-0.559288
1010,66.99817,69.17538,66.99817,2.177208,0.0
1011,64.45401,66.10905,63.987644,1.6550369,-0.4663658
1012,71.18143,74.33871,70.64004,3.15728,-0.54138947
1013,65.764725,66.214485,64.98835,0.44976044,-0.7763748
1014,61.258087,62.815407,61.258087,1.5573196,0.0
1015,70.68777,72.5078,70.08362,1.8200302,-0.60414886
1016,64.63439,66.50527,64.288414,1.8708801,-0.34597778
1017,70.18213,73.62938,69.6115,3.4472504,-0.5706253
1018,73.87076,76.62018,73.57774,2.7494202,-0.29301453
1019,65.84826,66.73559,65.259735,0.8873291,-0.58852386
1020,67.05348,69.08606,66.59382,2.0325775,-0.4596634
1021,71.02475,73.16675,70.5646,2.1419983,-0.46015167
1022,69.289116,71.95521,69.289116,2.666092,0.0
1023,66.49514,69.22103,66.00015,2.725891,-0.4949875
1024,70.40143,72.59817,69.87028,2.1967392,-0.5311508
1025,69.89517,72.23514,69.258125,2.3399658,-0.6370468
1026,69.335106,70.6,68.91199,1.2648926,-0.4231186
1027,73.17443,76.10021,72.87665,2.9257812,-0.2977829
1028,65.57678,68.85172,65.57678,3.2749405,0.0
1029,70.29032,72.537094,69.29261,2.2467728,-0.9977112
1030,64.574265,65.88564,64.013374,1.3113785,-0.5608902
1031,62.185947,63.35025,61.829815,1.1643028,-0.3561325
1032,67.42288,68.93551,66.29849,1.5126266,-1.1243896
1033,70.56123,73.26491,69.95817,2.7036743,-0.6030655
1034,65.65845,66.800606,65.0974,1.1421585,-0.5610504
1035,64.50875,64.922516,64.2922,0.41376495,-0.21655273
1036,66.98718,68.19148,66.61,1.2042999,-0.377182
1037,66.297874,68.80882,66.036575,2.5109482,-0.26129913
1038,65.144875,65.922066,64.87116,0.77719116,-0.27371216
1039,65.68387,68.82418,65.088905,3.1403122,-0.5949631
1040,67.78089,68.64677,67.00718,0.86587524,-0.77371216
1041,68.456055,69.95264,68.24622,1.496582,-0.20983124
1042,69.93524,70.77139,69.93524,0.8361511,0.0
1043,66.57105,68.98648,66.08715,2.4154282,-0.48390198
1044,67.34307,69.48186,66.803,2.1387863,-0.5400696
1045,66.70396,67.58194,66.54003,0.8779831,-0.16392517
1046,68.52605,69.181564,67.984116,0.6555176,-0.54193115
1047,69.475006,69.49775,68.198364,0.022743225,-1.2766418
1048,67.89802,69.08304,68.04838,1.1850204,0.1503601
1049,68.6702,69.50064,68.60614,0.83044434,-0.0640564
1050,68.92451,73.996605,68.92451,5.072098,0.0
1051,66.26613,68.09778,66.26613,1.8316498,0.0
1052,66.331215,68.703926,65.88331,2.3727112,-0.4479065
1053,67.872925,68.03033,67.55221,0.15740204,-0.32071686
1054,68.11943,69.44167,67.954575,1.3222427,-0.16485596
1055,67.35927,68.57738,66.98801,1.2181091,-0.3712616
1056,63.115486,64.616516,62.49325,1.50103,-0.62223434
1057,65.58964,68.39475,65.10739,2.8051147,-0.4822464
1058,70.54711,73.194145,70.2758,2.6470337,-0.2713089
1059,65.98023,66.517365,65.98023,0.53713226,0.0
1060,66.17252,68.31671,66.06385,2.144188,-0.108673096
1061,57.523956,58.17821,57.523956,0.6542549,0.0
1062,64.06997,66.457054,63.60991,2.387085,-0.46006012
1063,72.99809,75.53199,72.49205,2.5338974,-0.5060425
1064,70.52039,73.75518,70.37,3.234787,-0.15039062
1065,71.82188,73.573784,71.54933,1.7519073,-0.27254486
1066,66.213524,68.94885,66.213524,2.7353287,0.0
1067,64.64782,67.33357,63.874126,2.6857529,-0.7736931
1068,65.69537,67.046196,65.36391,1.3508224,-0.33146667
1069,69.00003,71.30627,68.23772,2.3062363,-0.76231384
1070,62.894184,63.16075,62.42343,0.26656723,-0.47075272
1071,67.50581,69.72097,66.93114,2.2151566,-0.5746765
1072,63.164158,64.663704,62.812763,1.499546,-0.35139465
1073,68.73426,70.07276,68.73426,1.338501,0.0
1074,73.376274,75.51687,72.48779,2.1405945,-0.88848114
1075,65.96712,67.44582,65.69017,1.4787064,-0.27694702
1076,63.156498,64.4053,63.156498,1.2487984,0.0
1077,69.38014,71.96157,69.38014,2.5814285,0.0
1078,65.50899,67.2069,65.323135,1.6979141,-0.18585205
1079,69.44458,70.91415,69.44458,1.4695663,0.0
1080,67.53069,71.57731,66.67374,4.0466156,-0.8569565
1081,67.294136,69.16965,67.294136,1.8755112,0.0
1082,63.99709,66.21827,63.99709,2.22118,0.0
1083,65.01583,65.40149,65.13542,0.38565826,0.11959076
1084,64.794395,67.293976,64.45118,2.4995804,-0.34321594
1085,66.220474,69.56449,65.44901,3.344017,-0.7714615
1086,68.4982,71.50194,68.01128,3.0037384,-0.48692322
1087,64.52927,66.767136,64.22064,2.2378693,-0.30862427
1088,66.09808,66.58349,65.10728,0.48540497,-0.9908066
1089,65.74785,67.55247,64.79814,1.8046188,-0.94970703
1090,67.13528,68.73483,66.80931,1.599556,-0.32596588
1091,70.90828,75.2805,70.518585,4.372223,-0.3896942
1092,66.814926,69.14017,66.814926,2.325241,0.0
1093,66.86075,68.6533,66.245766,1.7925491,-0.6149826
1094,71.67047,74.64628,71.308014,2.9758072,-0.36245728
1095,65.16448,66.96163,65.16448,1.7971497,0.0
1096,60.370922,60.239594,59.440926,-0.13132858,-0.9299965
1097,68.06879,71.30534,67.2005,3.236557,-0.86828613
1098,69.51281,72.594154,69.2107,3.0813446,-0.30210876
1099,65.42935,66.73911,64.960686,1.309761,-0.46866608
1100,65.285866,65.881996,65.16049,0.5961304,-0.12537384
1101,70.42807,72.21418,70.144615,1.7861099,-0.2834549
1102,71.131805,73.826515,70.57271,2.6947098,-0.5590973
1103,71.21849,73.557205,70.63703,2.3387146,-0.58145905
1104,72.17993,72.497475,71.411736,0.31754303,-0.7681961
1105,71.19903,73.06436,70.83836,1.8653336,-0.36066437
1106,68.737755,71.45825,68.115135,2.7204971,-0.6226196
1107,58.260944,59.778904,58.260944,1.5179596,0.0
1108,65.32044,68.757805,64.185974,3.4373627,-1.1344681
1109,68.88916,69.894905,68.4642,1.0057449,-0.42495728
1110,70.088036,72.984024,69.432274,2.8959885,-0.6557617
1111,65.67801,66.9663,65.67801,1.2882919,0.0
1112,67.308586,70.70261,66.885765,3.39402,-0.42282104
1113,69.894615,72.04424,69.894615,2.1496277,0.0
1114,63.84595,65.93461,63.38982,2.0886574,-0.45613098
1115,66.65388,71.20634,65.855125,4.5524597,-0.79875183
1116,70.56205,71.673195,70.16373,1.111145,-0.39832306
1117,68.39036,70.754745,68.39036,2.3643875,0.0
1118,65.26406,66.341194,65.21025,1.0771332,-0.05381012
1119,61.410725,61.8604,61.1562,0.4496765,-0.25452423
1120,68.92499,69.9685,68.323524,1.0435104,-0.6014633
1121,71.46098,73.95858,71.17864,2.4975967,-0.282341
1122,60.090416,61.808147,60.090416,1.7177315,0.0
1123,68.39863,71.50617,67.599464,3.107544,-0.7991638
1124,70.94583,73.43119,68.46698,2.4853592,-2.4788513
1125,59.021595,60.30707,58.48065,1.2854767,-0.54094315
1126,67.396935,69.46317,66.914474,2.0662384,-0.48246002
1127,68.39118,69.0895,67.87289,0.6983185,-0.5182953
1128,62.46177,63.977386,61.752647,1.5156174,-0.7091217
1129,68.65247,71.70579,68.65247,3.0533142,0.0
1130,66.588005,67.848175,66.588005,1.26017,0.0
1131,67.53046,67.035095,67.53046,-0.49536133,0.0
1132,69.672455,71.22936,69.664185,1.5569077,-0.008270264
1133,66.68302,69.18162,66.12814,2.4985962,-0.55487823
1134,70.15761,73.460724,70.15761,3.3031158,0.0
1135,72.80454,73.86689,72.03118,1.0623474,-0.7733612
1136,66.99092,68.665405,66.49752,1.6744843,-0.49340057
1137,65.43129,66.176865,64.702934,0.74557495,-0.7283554
1138,66.67948,71.09198,66.30997,4.4124985,-0.36951447
1139,68.04444,69.96711,67.715164,1.9226685,-0.32927704
1140,59.87507,62.1131,59.38808,2.2380295,-0.48698807
1141,68.32571,69.3754,67.85662,1.0496902,-0.4690857
1142,73.0272,74.66778,72.579544,1.6405792,-0.44765472
1143,69.471924,74.17504,69.05197,4.7031174,-0.4199524
1144,66.85767,68.55979,66.60493,1.7021179,-0.25274658
1145,67.603325,70.09071,67.196205,2.4873886,-0.40711975
1146,67.16995,70.38634,66.71877,3.216385,-0.4511795
1147,67.546585,70.18884,67.24813,2.6422577,-0.29845428
1148,67.024704,69.627075,66.538345,2.6023712,-0.48635864
1149,64.316124,67.31427,63.61243,2.998146,-0.7036934
1150,73.73437,75.9294,73.73437,2.1950302,0.0
1151,69.79248,71.22287,69.47477,1.4303894,-0.31771088
1152,68.763954,70.53306,68.356895,1.769104,-0.40705872
1153,67.979416,70.217896,67.762024,2.2384796,-0.21739197
1154,67.4499,70.0976,67.03541,2.647705,-0.41448975
1155,69.98151,72.89973,68.971756,2.9182205,-1.0097504
1156,68.65981,70.93276,68.65981,2.2729492,0.0
1157,74.30554,76.555374,73.71261,2.2498322,-0.59293365
1158,71.1127,73.41465,70.70136,2.3019485,-0.4113388
1159,69.61173,71.84379,69.25133,2.2320557,-0.36040497
1160,67.731415,69.23334,67.06578,1.5019226,-0.66563416
1161,66.891556,70.59066,65.84838,3.6991043,-1.0431747
1162,68.80334,69.890816,68.80334,1.0874786,0.0
1163,70.4183,72.10895,70.057526,1.6906509,-0.36077118
1164,67.607086,69.28059,67.156654,1.6735001,-0.45043182
1165,71.51289,73.09789,71.02986,1.5849991,-0.48303223
1166,65.64092,68.153015,65.04214,2.5120926,-0.5987854
1167,60.734127,62.01154,60.36531,1.2774124,-0.36881638
1168,71.31833,73.23697,70.781525,1.9186401,-0.5368042
1169,70.15694,71.43727,69.63049,1.2803345,-0.5264435
1170,65.221634,66.30674,65.221634,1.0851059,0.0
1171,65.70255,66.73244,65.219765,1.0298843,-0.4827881
1172,72.06948,73.80454,71.90683,1.7350616,-0.16265106
1173,67.88047,70.30012,66.665115,2.4196472,-1.2153549
1174,65.31473,66.27662,65.33179,0.9618912,0.017059326
1175,62.493572,63.142876,62.493572,0.64930344,0.0
1176,69.49844,73.44967,69.05542,3.9512253,-0.44302368
1177,69.93251,72.36366,69.93251,2.4311523,0.0
1178,69.593475,72.33551,68.23892,2.742035,-1.3545532
1179,66.72641,68.35926,65.71829,1.6328506,-1.0081177
1180,71.22402,73.25064,70.84009,2.026619,-0.38393402
1181,67.394135,69.91056,66.655464,2.516426,-0.73867035
1182,65.75039,67.11876,65.66883,1.36837,-0.08155823
1183,61.89905,62.702023,61.06071,0.8029709,-0.83834076
1184,59.948765,59.89887,59.685738,-0.04989624,-0.2630272
1185,68.14821,70.70999,67.73015,2.5617828,-0.4180603
1186,59.862934,61.054375,59.238453,1.1914406,-0.6244812
1187,70.87862,75.05781,70.65869,4.1791916,-0.21992493
1188,68.766136,69.50933,68.50166,0.7431946,-0.26447296
1189,64.99998,66.33802,64.427444,1.3380432,-0.57253265
1190,67.87254,70.49004,67.60861,2.6175003,-0.26393127
1191,65.52171,67.20657,65.06095,1.6848602,-0.46076202
1192,61.50632,63.42027,61.467735,1.913948,-0.038585663
1193,65.81705,67.64326,65.312775,1.82621,-0.50427246
1194,65.90303,67.97013,65.12579,2.0671005,-0.77723694
1195,69.651436,72.59699,68.97522,2.9455566,-0.6762161
1196,71.11408,74.21248,70.75405,3.0983963,-0.36003113
1197,64.336235,66.011185,63.719936,1.6749496,-0.6162987
1198,70.75319,73.00218,70.29948,2.248993,-0.45371246
1199,66.120575,67.75388,65.863235,1.6333084,-0.25733948
1200,70.673164,72.49178,70.47404,1.8186188,-0.1991272
1201,65.24927,67.47217,65.24927,2.2229004,0.0
1202,62.679405,63.812527,62.679405,1.1331215,0.0
1203,67.3467,68.43364,66.60562,1.086937,-0.74108124
1204,65.997955,67.77835,65.997955,1.7803955,0.0
1205,69.635284,72.77458,69.635284,3.1392975,0.0
1206,65.36506,69.934654,64.23023,4.5695953,-1.1348267
1207,65.00534,67.69545,64.29274,2.6901093,-0.7126007
1208,75.048294,77.18744,75.048294,2.139145,0.0
1209,73.02683,74.201416,72.65778,1.1745834,-0.36904907
1210,59.187485,61.15695,57.99758,1.9694672,-1.1899033
1211,66.314674,69.0548,66.08752,2.7401276,-0.2271576
1212,67.51768,69.197266,67.04124,1.6795883,-0.47644043
1213,65.599205,67.88417,65.51766,2.2849655,-0.08154297
1214,64.16023,65.828354,63.426357,1.6681213,-0.7338753
1215,65.54662,67.36296,65.92245,1.8163376,0.37582397
1216,67.92631,70.06882,67.406364,2.1425095,-0.51994324
1217,64.76133,67.629074,64.2095,2.8677444,-0.5518265
1218,69.335976,71.216896,68.485794,1.8809204,-0.8501816
1219,71.73343,74.55819,71.26868,2.8247604,-0.4647522
1220,66.607864,67.5476,66.06639,0.9397354,-0.5414734
1221,69.42035,72.44225,69.0271,3.021904,-0.3932495
1222,62.219925,63.251755,62.219925,1.0318298,0.0
1223,66.65786,67.88914,66.65786,1.2312775,0.0
1224,66.74425,67.30665,65.94681,0.5624008,-0.7974396
1225,71.829666,73.124275,71.14513,1.2946091,-0.6845398
1226,66.4539,69.07352,66.29746,2.6196136,-0.15644073
1227,67.00102,68.74328,66.520584,1.7422562,-0.48043823
1228,72.41916,75.29243,71.895294,2.8732681,-0.52386475
1229,65.24037,66.551605,64.57255,1.3112335,-0.6678238
1230,66.78127,67.91953,66.31596,1.1382599,-0.46530914
1231,64.773224,67.62721,64.39545,2.8539886,-0.3777771
1232,62.727665,65.31642,62.727665,2.5887566,0.0
1233,63.983284,64.56615,63.416557,0.58286285,-0.5667267
1234,71.93364,72.85456,71.10259,0.9209213,-0.83104706
1235,68.45321,70.31446,67.592896,1.8612518,-0.8603134
1236,65.35962,67.8648,64.825386,2.5051804,-0.5342331
1237,65.851654,68.097855,65.26421,2.2462006,-0.5874405
1238,69.82237,71.841484,68.94182,2.0191116,-0.8805542
1239,64.83763,68.47225,64.29007,3.6346207,-0.54756165
1240,74.612236,76.355705,74.275154,1.7434692,-0.3370819
1241,68.352066,70.25001,67.58198,1.8979416,-0.7700882
1242,64.389,66.125984,63.813717,1.7369843,-0.57528305
1243,69.68511,72.02856,69.24211,2.3434448,-0.4430008
1244,68.8533,71.69623,68.8533,2.842926,0.0
1245,61.91234,63.836403,61.211063,1.9240646,-0.7012749
1246,70.81699,71.273575,70.05724,0.45658112,-0.75975037
1247,62.5325,64.645645,61.97135,2.113144,-0.5611496
1248,66.597984,69.86473,66.12593,3.2667465,-0.47205353
1249,63.54606,66.49668,63.092743,2.9506226,-0.45331573
1250,64.35575,66.64163,63.227314,2.285881,-1.128437
1251,61.423473,62.81215,61.423473,1.3886757,0.0
1252,64.6346,66.07236,63.60821,1.4377594,-1.0263863
1253,64.15646,65.01362,63.414646,0.85715485,-0.7418175
1254,68.339485,69.682884,68.339485,1.343399,0.0
1255,66.25264,70.818726,65.63565,4.566086,-0.61698914
1256,64.260544,67.41374,64.260544,3.1531982,0.0
1257,68.60568,70.5695,68.45004,1.9638214,-0.15563965
1258,62.223343,63.389545,61.845455,1.1662025,-0.37788773
1259,67.49947,73.46747,67.20286,5.9679947,-0.2966156
1260,68.12754,70.88545,68.12754,2.7579117,0.0
1261,58.31551,58.110016,58.31551,-0.20549393,0.0
1262,65.82775,68.53934,65.45281,2.711586,-0.37493896
1263,61.592407,61.882755,61.555862,0.29034805,-0.0365448
1264,68.3149,70.71619,67.76759,2.4012833,-0.5473099
1265,70.96833,73.43311,70.43764,2.4647827,-0.53069305
1266,71.0972,75.023026,70.85018,3.925827,-0.2470169
1267,63.11924,64.02453,63.13678,0.9052887,0.017539978
1268,67.929955,69.7113,67.296074,1.7813492,-0.6338806
1269,67.28369,70.17096,66.55287,2.887268,-0.7308197
1270,71.0236,72.494286,71.0236,1.4706879,0.0
1271,67.634026,69.39426,67.15109,1.760231,-0.48293304
1272,70.43444,72.69568,70.02296,2.261238,-0.41148376
1273,64.387955,66.42109,64.04196,2.0331345,-0.34599304
1274,64.973976,67.39019,64.303314,2.416214,-0.6706619
1275,64.533936,66.09104,64.36612,1.557106,-0.16781616
1276,64.491844,66.16724,64.01597,1.6753922,-0.47587585
1277,60.22037,62.231037,60.22037,2.010666,0.0
1278,68.99673,73.20493,68.416916,4.208206,-0.5798111
1279,69.62565,71.462105,69.62565,1.8364563,0.0
1280,71.42732,74.87712,71.1515,3.4497986,-0.2758255
1281,70.39745,73.80042,70.158745,3.4029694,-0.2387085
1282,63.689075,65.41278,63.170635,1.7237053,-0.51844025
1283,67.039536,68.687614,66.490555,1.6480789,-0.5489807
1284,70.02094,71.82435,69.57246,1.8034058,-0.44848633
1285,71.21824,75.2841,70.785446,4.0658646,-0.43279266
1286,71.65338,73.14242,71.58056,1.4890366,-0.07282257
1287,63.72432,66.30432,63.377106,2.5800018,-0.34721375
1288,70.318184,71.33417,70.31405,1.0159836,-0.004135132
1289,66.76007,68.1907,66.51056,1.4306259,-0.24951172
1290,69.86376,73.24097,69.09347,3.377205,-0.7702942
1291,68.64523,71.70531,68.64523,3.0600739,0.0
1292,66.234314,67.71398,65.685074,1.4796677,-0.5492401
1293,70.1359,72.62197,70.1359,2.4860687,0.0
1294,69.18568,72.61045,68.44892,3.4247742,-0.7367554
1295,66.680016,67.42596,66.680016,0.74594116,0.0
1296,66.38958,68.17436,65.82752,1.7847824,-0.5620575
1297,69.00761,71.20306,69.00761,2.1954498,0.0
1298,61.248177,62.52404,60.638416,1.2758636,-0.6097603
1299,65.23869,66.39436,64.84264,1.1556702,-0.3960495
1300,62.11582,63.642113,60.474033,1.5262909,-1.6417885
1301,65.84222,70.90312,65.48649,5.0609055,-0.35572815
1302,67.32624,68.888504,67.00196,1.5622635,-0.3242798
1303,66.93512,69.26848,66.93512,2.3333588,0.0
1304,65.69742,67.03061,65.04826,1.3331909,-0.64915466
1305,64.427666,66.491035,64.427666,2.0633698,0.0
1306,62.06348,62.381847,61.666092,0.318367,-0.39738846
1307,65.64853,67.67252,65.69814,2.0239944,0.049613953
1308,68.051346,71.03317,68.051346,2.9818268,0.0
1309,63.49282,64.637665,62.94803,1.144844,-0.5447922
1310,64.212746,67.46505,63.92499,3.252304,-0.28775406
1311,64.60081,66.554634,64.20201,1.9538269,-0.39879608
1312,70.235535,72.35946,69.88382,2.1239243,-0.3517151
1313,68.1677,70.59568,68.14548,2.4279785,-0.022224426
1314,66.11596,66.90469,65.56553,0.78873444,-0.5504303
1315,66.001854,70.989265,65.645134,4.9874115,-0.35671997
1316,69.44422,69.77586,68.55542,0.33164215,-0.8888016
1317,65.66781,69.37963,64.956985,3.7118225,-0.71082306
1318,62.055706,63.34965,61.804043,1.2939453,-0.2516632
1319,69.500656,71.42765,69.39993,1.9269943,-0.10072327
1320,63.676117,65.16804,63.555473,1.4919205,-0.120643616
1321,69.42878,71.75401,69.42878,2.3252335,0.0
1322,61.99397,63.98585,61.99397,1.9918823,0.0
1323,68.64756,70.921165,67.8726,2.2736053,-0.7749634
1324,71.06847,73.09462,70.69005,2.0261536,-0.37841797
1325,73.7171,74.996635,73.53611,1.2795334,-0.18099213
1326,67.30739,69.18346,67.36839,1.8760681,0.06100464
1327,67.78552,69.47261,67.21454,1.687088,-0.5709839
1328,69.84332,71.49629,69.130005,1.6529694,-0.7133179
1329,62.34856,64.242096,61.627617,1.8935356,-0.72094345
1330,62.152954,62.163307,62.152954,0.010353088,0.0
1331,65.19953,69.274895,64.80874,4.075363,-0.39079285
1332,67.45599,69.66455,67.00515,2.2085571,-0.4508438
1333,72.10959,74.32072,71.707565,2.2111282,-0.40202332
1334,65.10585,66.62938,64.4304,1.523529,-0.6754532
1335,65.98862,67.38372,65.675896,1.3951035,-0.31272125
1336,65.50332,67.77383,64.95075,2.2705078,-0.5525665
1337,66.32841,68.92969,66.11611,2.6012802,-0.21229553
1338,69.660255,70.85033,69.68493,1.1900711,0.024673462
1339,71.11943,73.835434,71.11943,2.7160034,0.0
1340,63.98027,69.034706,63.98027,5.0544357,0.0
1341,67.556046,69.64521,67.058556,2.0891647,-0.49748993
1342,69.10599,70.657776,69.10599,1.5517883,0.0
1343,67.60379,70.05402,67.30341,2.4502335,-0.3003769
1344,70.78969,72.05225,70.78969,1.2625656,0.0
1345,62.76268,64.922615,62.311634,2.159935,-0.451046
1346,68.58393,69.90641,67.757576,1.3224792,-0.826355
1347,68.18123,69.75775,67.4701,1.5765228,-0.71112823
1348,68.981636,69.84748,68.70263,0.8658447,-0.27900696
1349,63.05569,65.098465,63.05569,2.0427742,0.0
1350,66.36807,68.174446,66.36807,1.8063736,0.0
1351,69.96421,70.68027,69.64348,0.7160568,-0.32073212
1352,65.87256,67.3396,65.53187,1.467041,-0.3406906
1353,64.4644,65.90729,63.805122,1.4428864,-0.65927887
1354,66.55948,68.41639,66.55948,1.8569107,0.0
1355,63.300125,65.60185,63.95543,2.3017273,0.65530396
1356,67.03006,70.33673,67.03006,3.3066711,0.0
1357,66.870964,69.73495,66.870964,2.8639832,0.0
1358,58.749847,59.18591,58.008724,0.43606186,-0.7411232
1359,70.330475,71.099144,70.52752,0.7686691,0.19704437
1360,67.07664,68.56316,66.15384,1.4865265,-0.92279816
1361,64.03835,65.23463,63.549183,1.1962738,-0.48917007
1362,69.98094,73.00647,69.98094,3.025528,0.0
1363,66.51002,69.47376,66.025215,2.963745,-0.48480225
1364,64.95308,65.70747,64.37379,0.75439453,-0.5792923
1365,64.759575,66.68346,64.759575,1.9238815,0.0
1366,70.334236,72.060104,69.53038,1.7258682,-0.8038559
1367,62.55982,65.62613,61.51898,3.066311,-1.0408401
1368,63.60283,70.33132,63.60283,6.7284927,0.0
1369,69.22301,70.71076,68.7792,1.4877548,-0.4438095
1370,68.39154,69.34923,68.0246,0.9576874,-0.36694336
1371,71.16569,72.70867,70.50155,1.542984,-0.6641388
1372,61.75123,63.731857,60.84108,1.980629,-0.9101486
1373,65.967926,70.22098,65.50796,4.2530518,-0.45996857
1374,69.9083,72.7471,69.9083,2.8387985,0.0
1375,61.49805,62.62547,61.42925,1.1274185,-0.06880188
1376,70.61603,72.39836,70.140785,1.7823334,-0.4752426
1377,68.47438,71.924805,68.19204,3.4504242,-0.282341
1378,60.661835,62.371918,60.09481,1.710083,-0.56702423
1379,67.62501,69.53196,67.62501,1.9069519,0.0
1380,68.71499,70.47512,68.0502,1.7601318,-0.6647873
1381,69.684715,70.61584,69.48118,0.9311218,-0.20353699
1382,70.48162,72.11163,70.48162,1.6300125,0.0
1383,69.861244,73.333435,69.861244,3.4721909,0.0
1384,60.7026,61.199547,60.7026,0.49694824,0.0
1385,69.81687,72.08718,69.55982,2.2703094,-0.25704956
1386,63.155052,64.94784,62.35304,1.7927856,-0.8020134
1387,66.630424,68.63565,66.40755,2.0052261,-0.2228775
1388,71.44385,73.06219,71.09368,1.6183395,-0.35016632
1389,65.32391,66.58582,64.21264,1.2619095,-1.1112747
1390,64.91175,65.261055,64.5789,0.3493042,-0.3328476
1391,69.901085,72.28324,69.901085,2.3821564,0.0
1392,71.59467,74.48444,71.612946,2.8897705,0.0182724
1393,69.30084,72.434715,69.197266,3.133873,-0.10357666
1394,64.61322,65.58246,63.957016,0.9692383,-0.6562042
1395,63.406902,64.10568,63.406902,0.69878006,0.0
1396,70.34991,72.95037,69.49466,2.6004639,-0.8552475
1397,66.04275,66.69976,65.67979,0.65701294,-0.36296082
1398,69.18964,71.519585,69.18964,2.3299484,0.0
1399,66.56278,67.11321,66.34359,0.5504303,-0.2191925
1400,63.806988,66.350426,63.32516,2.543438,-0.48182678
1401,67.531166,69.801216,67.1512,2.27005,-0.37996674
1402,68.67223,70.57526,68.03755,1.9030228,-0.6346817
1403,70.061874,71.76059,69.55727,1.6987152,-0.50460815
1404,66.68798,70.10764,66.01922,3.4196625,-0.6687622
1405,65.17256,68.53941,64.8004,3.3668518,-0.37216187
1406,67.706055,68.798065,67.28168,1.0920105,-0.42437744
1407,72.77626,75.96525,72.49154,3.1889877,-0.28472137
1408,70.07256,72.145424,69.30164,2.0728607,-0.7709198
1409,63.03315,62.764744,62.305443,-0.2684059,-0.7277069
1410,61.92794,62.109467,61.92794,0.18152618,0.0
1411,67.28281,70.29455,66.94907,3.0117416,-0.3337326
1412,68.33735,70.20359,67.89495,1.8662415,-0.44239807
1413,68.263374,70.37317,68.263374,2.1097946,0.0
1414,62.847107,64.43173,63.015045,1.5846252,0.16793823
1415,66.794525,69.059,66.794525,2.264473,0.0
1416,63.846012,66.14384,63.846012,2.2978249,0.0
1417,70.46151,73.78593,70.46151,3.324417,0.0
1418,72.44158,74.70116,71.56713,2.259575,-0.8744507
1419,71.46078,73.911125,70.869415,2.450348,-0.591362
1420,67.22352,69.96227,66.93488,2.7387543,-0.28863525
1421,70.73399,72.711205,70.73399,1.977211,0.0
1422,64.580376,66.33641,64.580376,1.7560349,0.0
1423,69.225296,71.13631,69.225296,1.9110107,0.0
1424,59.524624,61.65297,59.524624,2.1283455,0.0
1425,70.05015,71.85569,69.210396,1.805542,-0.8397522
1426,71.092384,72.18428,69.82925,1.091896,-1.2631378
1427,70.758484,73.72906,70.08852,2.9705734,-0.66996765
1428,69.50507,70.49834,69.05292,0.99326324,-0.45215607
1429,65.28035,65.97222,64.512085,0.69187164,-0.7682648
1430,67.2001,68.906525,67.24214,1.7064209,0.042037964
1431,71.31304,76.40483,70.75061,5.0917892,-0.56243134
1432,65.389015,67.123856,64.77432,1.7348404,-0.6146927
1433,68.95599,71.371445,68.437256,2.415451,-0.5187378
1434,71.08854,72.05067,70.71886,0.9621277,-0.3696823
1435,61.92878,63.66477,61.04071,1.7359886,-0.88806915
1436,67.89107,69.975555,67.89107,2.084488,0.0
1437,64.42891,68.45302,63.872314,4.024109,-0.55659485
1438,72.97702,75.20859,72.31622,2.2315674,-0.6607971
1439,71.44336,74.0289,70.49854,2.5855408,-0.9448166
1440,63.705402,66.03502,63.09992,2.3296165,-0.605484
1441,63.27299,65.36548,63.056976,2.0924873,-0.21601486
1442,69.52448,71.37226,69.35203,1.8477783,-0.17245483
1443,67.76294,71.59094,67.329384,3.828003,-0.4335556
1444,60.532265,61.555824,60.532265,1.0235596,0.0
1445,67.07581,70.73232,66.870514,3.6565094,-0.20529938
1446,69.201126,71.48185,68.405655,2.2807236,-0.7954712
1447,70.64126,72.95793,69.914,2.3166733,-0.7272568
1448,65.72651,68.267456,65.72651,2.540947,0.0
1449,63.896008,64.896675,63.263367,1.0006676,-0.63264084
1450,64.19114,65.55031,64.19114,1.359169,0.0
1451,62.932533,63.306374,62.932533,0.37384033,0.0
1452,61.565266,64.03163,61.565266,2.4663658,0.0
1453,70.59695,72.9935,70.19257,2.396553,-0.40437317
1454,70.63824,72.26198,70.63824,1.6237411,0.0
1455,70.18638,71.359924,69.54721,1.1735458,-0.6391678
1456,63.20402,67.05771,63.20402,3.8536873,0.0
1457,68.984695,71.96261,68.105484,2.977913,-0.8792114
1458,68.7538,72.030876,68.11382,3.2770767,-0.6399765
1459,64.71063,66.91188,64.1392,2.2012482,-0.571434
1460,61.60336,64.29527,60.693016,2.6919136,-0.91034317
1461,68.12622,70.31517,68.25238,2.1889496,0.12615967
1462,72.940186,75.61436,72.940186,2.6741714,0.0
1463,73.74635,75.53163,73.249466,1.7852783,-0.4968872
1464,67.629875,69.91856,67.13406,2.288681,-0.49581146
1465,64.65033,66.19936,64.04688,1.5490341,-0.60344696
1466,71.21071,75.02997,70.2119,3.8192596,-0.9988098
1467,66.0089,67.71846,65.200836,1.7095566,-0.8080673
1468,69.004395,71.19235,68.98449,2.1879578,-0.01990509
1469,63.48949,65.537796,62.964123,2.0483055,-0.52536774
1470,62.37512,63.753735,61.983604,1.3786163,-0.39151382
1471,64.35302,66.79511,64.35302,2.442093,0.0
1472,69.47012,69.9907,69.31384,0.5205765,-0.15628052
1473,69.43571,69.958626,68.50542,0.5229187,-0.9302902
1474,67.92548,71.0779,67.92548,3.15242,0.0
1475,68.068825,69.8016,68.068825,1.7327728,0.0
1476,65.17807,66.409096,65.13821,1.2310257,-0.039863586
1477,66.56304,68.35057,66.56304,1.787529,0.0
1478,68.636604,70.74842,67.82122,2.1118164,-0.8153839
1479,69.029335,70.17028,68.09499,1.1409454,-0.93434143
1480,67.79664,68.89401,67.79664,1.097374,0.0
1481,61.48637,62.670647,60.667416,1.1842766,-0.81895447
1482,66.8151,68.511154,65.896355,1.6960526,-0.91874695
1483,67.29521,68.766235,67.29521,1.4710236,0.0
1484,71.029076,73.134705,70.623535,2.105629,-0.40554047
1485,72.0067,73.92322,71.12629,1.9165192,-0.88040924
1486,70.11702,71.56299,69.74491,1.4459686,-0.37210846
1487,64.73561,66.16529,64.56505,1.4296799,-0.17056274
1488,68.8812,69.93443,68.847595,1.0532303,-0.033607483
1489,65.79812,71.03022,65.16875,5.2321014,-0.62937164
1490,66.1278,68.44174,66.1278,2.313942,0.0
1491,71.586975,73.411865,70.36955,1.8248901,-1.2174225
1492,70.672134,72.56018,70.3576,1.8880463,-0.31453705
1493,69.92912,71.16433,69.379585,1.2352066,-0.54953766
1494,70.76926,72.40097,70.16843,1.6317139,-0.6008301
1495,70.32078,72.68874,69.38653,2.3679657,-0.9342499
1496,69.84992,71.17331,69.84992,1.3233871,0.0
1497,62.880642,64.294914,62.54302,1.4142723,-0.3376236
1498,72.545746,74.98902,71.9564,2.4432755,-0.58934784
1499,67.67994,70.230286,67.67994,2.5503464,0.0
1500,71.18582,72.95717,70.54442,1.771347,-0.6414032
1501,60.62303,60.29963,60.010345,-0.3234024,-0.61268616
1502,68.61898,70.924034,68.662964,2.3050537,0.04398346
1503,73.56745,74.8008,72.546036,1.233345,-1.0214157
1504,64.7781,65.40387,64.7781,0.62577057,0.0
1505,63.451138,65.12684,63.130146,1.6757011,-0.32099152
1506,66.5873,67.980896,66.5873,1.3935928,0.0
1507,61.772087,63.252808,61.5239,1.4807205,-0.24818802
1508,71.33835,73.93648,70.978775,2.5981293,-0.35957336
1509,70.001236,74.19057,70.001236,4.189331,0.0
1510,69.47226,71.03016,68.88283,1.5578995,-0.58943176
1511,67.80286,69.13514,67.551994,1.332283,-0.25086212
1512,64.956696,69.76377,64.32477,4.8070755,-0.6319275
1513,69.135475,71.43833,68.5113,2.3028564,-0.624176
1514,65.231804,69.251564,65.231804,4.01976,0.0
1515,63.10108,64.48661,62.60918,1.3855286,-0.4919014
1516,61.9281,62.481564,61.738575,0.553463,-0.1895256
1517,71.39471,73.6172,71.25772,2.222496,-0.13698578
1518,65.18979,67.421616,65.18979,2.2318268,0.0
1519,70.65243,73.78661,70.90643,3.1341858,0.25400543
1520,61.566113,61.7936,60.793324,0.22748566,-0.772789
1521,64.630104,67.20236,64.630104,2.572258,0.0
1522,67.84706,68.7235,67.84706,0.87644196,0.0
1523,66.948425,69.46733,66.56574,2.5189056,-0.3826828
1524,70.87762,72.75532,70.87762,1.8777008,0.0
1525,64.9609,66.54715,64.56165,1.5862503,-0.39924622
1526,64.90796,67.24724,64.30984,2.3392792,-0.59812164
1527,64.32697,65.15187,63.393192,0.82489777,-0.93378067
1528,70.57859,72.7058,70.232544,2.1272125,-0.34604645
1529,70.12689,71.92159,69.34608,1.7947006,-0.7808151
1530,69.19228,71.575386,69.19228,2.3831024,0.0
1531,67.63784,70.31598,67.07888,2.6781387,-0.55895996
1532,71.52923,73.507935,71.00646,1.9787064,-0.5227661
1533,68.48756,69.950584,67.59252,1.463028,-0.8950348
1534,69.14876,71.1539,69.26312,2.0051422,0.114364624
1535,61.41083,62.95082,60.843693,1.5399895,-0.5671387
1536,68.811844,70.36062,68.70019,1.5487747,-0.11165619
1537,66.157486,67.81194,66.051575,1.6544571,-0.105911255
1538,64.4869,67.39455,64.00523,2.9076462,-0.48166656
1539,70.617836,72.0247,70.444855,1.4068604,-0.17298126
1540,62.5992,63.760628,62.172054,1.1614265,-0.4271469
1541,68.42145,71.7206,67.71689,3.2991486,-0.7045593
1542,62.872932,64.44086,62.39585,1.5679245,-0.4770813
1543,67.775215,69.48562,67.775215,1.7104034,0.0
1544,63.688286,65.01177,63.688286,1.3234863,0.0
1545,70.07284,71.73602,69.44153,1.6631851,-0.6313095
1546,64.41007,65.219444,64.03775,0.80937195,-0.37232208
1547,60.383984,62.405167,60.228214,2.021183,-0.15576935
1548,71.55884,74.20427,71.42074,2.6454315,-0.13809967
1549,64.340034,64.91508,63.469173,0.5750427,-0.87086105
1550,65.61168,67.70553,65.140656,2.0938492,-0.47102356
1551,70.41699,72.630264,69.74597,2.213272,-0.6710205
1552,66.00403,67.08854,65.229805,1.0845108,-0.7742233
1553,63.998566,64.27671,63.998566,0.27814484,0.0
1554,65.76041,67.82148,65.0363,2.0610733,-0.72410583
1555,67.56868,68.73294,67.01617,1.1642609,-0.5525131
1556,65.62698,68.60747,65.082634,2.980484,-0.5443497
1557,67.165436,69.75326,66.63595,2.587822,-0.5294876
1558,65.92197,67.14696,65.92197,1.2249908,0.0
1559,65.44266,67.29419,65.62362,1.851532,0.18096161
1560,69.887886,70.273674,69.65195,0.38578796,-0.23593903
1561,67.52387,68.13505,66.77993,0.61117554,-0.74394226
1562,68.080246,70.10833,67.75575,2.0280838,-0.3244934
1563,65.78793,67.46106,65.24175,1.6731262,-0.5461807
1564,67.64999,69.91958,67.476715,2.2695923,-0.17327118
1565,62.893208,64.18215,62.077938,1.2889442,-0.8152695
1566,69.88383,72.04212,69.57043,2.1582947,-0.31340027
1567,69.71115,70.243546,69.26787,0.5323944,-0.44328308
1568,72.66382,74.97976,72.17641,2.3159409,-0.4874115
1569,63.634594,65.22978,63.634594,1.5951881,0.0
1570,71.8466,73.86981,71.7835,2.0232086,-0.06310272
1571,67.914505,70.098595,67.314514,2.1840897,-0.59999084
1572,70.323166,72.273125,69.87618,1.9499588,-0.44698334
1573,66.67985,68.343666,66.37686,1.6638184,-0.30298615
1574,72.10614,73.74188,71.40074,1.6357422,-0.70539856
1575,64.474945,65.577866,63.6306,1.1029205,-0.8443451
1576,64.9523,65.56116,64.67534,0.6088562,-0.27696228
1577,67.61368,70.084465,67.3702,2.470787,-0.24347687
1578,64.43715,67.25663,63.893814,2.819481,-0.54333496
1579,69.05262,72.11036,68.37266,3.0577393,-0.67996216
1580,67.90738,70.37848,67.2398,2.4710999,-0.66757965
1581,62.117203,63.717537,61.268166,1.6003342,-0.8490372
1582,69.02386,69.991844,68.46087,0.96798706,-0.5629883
1583,68.18303,69.906395,67.87883,1.7233658,-0.30419922
1584,69.09389,70.39935,68.64438,1.3054657,-0.44950867
1585,65.31082,67.32451,65.38907,2.0136871,0.07824707
1586,67.62979,70.050514,67.17494,2.420723,-0.45484924
1587,72.37836,74.1994,72.05527,1.8210449,-0.3230896
1588,70.99188,73.33855,70.424446,2.3466644,-0.5674362
1589,67.64375,70.78608,67.64375,3.1423264,0.0
1590,68.16343,71.02457,68.16343,2.8611374,0.0
1591,68.886215,70.4043,68.2345,1.5180817,-0.65171814
1592,64.31399,65.65817,64.21876,1.3441849,-0.0952301
1593,63.28316,64.79434,62.40493,1.5111809,-0.87823105
1594,66.60032,68.32245,66.04737,1.7221298,-0.552948
1595,65.02333,68.05686,64.99428,3.0335312,-0.029052734
1596,66.0309,68.97846,66.0309,2.9475632,0.0
1597,71.86433,72.57637,70.74868,0.71204376,-1.1156464
1598,68.59182,70.34091,68.12462,1.7490921,-0.46720123
1599,64.320404,66.18417,63.930504,1.8637695,-0.3899002
1600,62.53295,62.49031,61.672413,-0.042640686,-0.8605385
1601,61.49025,62.920097,61.07205,1.4298477,-0.41820145
1602,70.92078,73.454,70.8074,2.533226,-0.1133728
1603,66.64722,67.31511,66.11262,0.66789246,-0.5345993
1604,64.32962,65.22889,63.860195,0.8992691,-0.4694252
1605,69.54989,72.157524,69.54989,2.6076355,0.0
1606,69.53466,71.85009,69.10342,2.3154297,-0.4312439
1607,62.62136,64.202484,62.110874,1.5811234,-0.5104866
1608,66.80663,68.50643,66.3775,1.6997986,-0.42913055
1609,63.809258,65.68901,63.156155,1.8797531,-0.6531029
1610,68.43494,70.796165,67.932396,2.361229,-0.5025406
1611,64.96042,67.78443,64.78264,2.8240128,-0.17778015
1612,65.47056,67.15081,65.47056,1.6802521,0.0
1613,65.99351,66.9302,65.53748,0.9366913,-0.45602417
1614,68.77971,69.985725,68.77971,1.2060165,0.0
1615,68.65049,69.78477,68.0946,1.1342773,-0.55589294
1616,62.569733,62.73646,61.427437,0.16672897,-1.1422958
1617,69.78079,71.73808,69.14814,1.9572906,-0.6326523
1618,65.573524,67.73593,64.99455,2.162407,-0.57897186
1619,70.771515,74.21251,70.23667,3.4409943,-0.53484344
1620,69.859024,70.6739,69.859024,0.81487274,0.0
1621,71.10789,73.11089,70.73898,2.003006,-0.3689041
1622,66.99074,69.61559,66.55042,2.624855,-0.44031525
1623,65.77114,68.61207,65.53535,2.8409271,-0.23579407
1624,70.91335,73.90708,70.61584,2.9937286,-0.29751587
1625,67.28254,69.24847,66.2806,1.9659271,-1.0019379
1626,71.8893,73.95116,70.99537,2.0618591,-0.8939285
1627,71.7575,76.11387,71.7575,4.356369,0.0
1628,64.94067,68.00875,64.32321,3.0680847,-0.6174545
1629,67.87016,69.85773,67.22563,1.9875641,-0.64453125
1630,63.230446,65.97109,62.713184,2.7406464,-0.5172615
1631,66.21646,67.69924,66.280815,1.4827805,0.06435394
1632,66.409676,67.19835,65.778694,0.7886734,-0.63098145
1633,70.978424,73.65942,70.61515,2.6809921,-0.36327362
1634,64.25996,67.03676,64.32939,2.776802,0.06943512
1635,68.58463,71.66979,67.849556,3.0851593,-0.7350769
1636,71.05609,72.33225,70.0975,1.2761612,-0.95858765
1637,66.76814,68.53242,66.45873,1.7642746,-0.3094101
1638,67.144295,68.0473,66.47095,0.9030075,-0.6733475
1639,65.04014,68.28859,64.35282,3.2484512,-0.6873169
1640,58.72575,60.00642,58.72575,1.2806702,0.0
1641,71.55772,75.34561,70.91322,3.7878952,-0.6444931
1642,64.021385,65.49556,63.263756,1.4741745,-0.7576294
1643,63.848984,65.18022,63.642437,1.3312378,-0.20654678
1644,74.6806,76.202515,74.10914,1.5219116,-0.57146454
1645,73.73813,77.1143,71.75898,3.376175,-1.9791489
1646,71.23777,72.71617,70.36687,1.4784012,-0.870903
1647,62.131435,64.76073,61.222027,2.6292915,-0.90940857
1648,63.3301,66.57326,62.45316,3.2431564,-0.8769417
1649,65.04593,65.65093,64.050865,0.60500336,-0.9950638
1650,69.39713,70.82391,68.99208,1.4267807,-0.40505219
1651,72.33224,74.55573,71.99861,2.2234955,-0.3336258
1652,65.8941,68.69077,65.8941,2.7966766,0.0
1653,70.4263,73.62663,70.4263,3.2003326,0.0
1654,70.85724,73.172356,70.42773,2.315117,-0.42951202
1655,61.85204,62.35758,61.85204,0.50553894,0.0
1656,67.36155,71.29232,66.537636,3.9307709,-0.8239136
1657,68.04065,69.65031,67.39095,1.6096573,-0.64969635
1658,63.68557,64.558365,63.68557,0.8727951,0.0
1659,67.19819,68.48596,66.74266,1.2877731,-0.45552826
1660,62.657387,65.01473,62.657387,2.3573456,0.0
1661,66.89231,67.93176,66.868034,1.0394516,-0.024276733
1662,65.90659,69.09245,65.490875,3.1858597,-0.41571808
1663,68.26225,71.28301,67.66099,3.0207596,-0.60126495
1664,68.68646,70.227264,68.443275,1.540802,-0.24318695
1665,66.94433,67.86834,66.37752,0.92401123,-0.5668106
1666,69.72418,72.775696,69.3489,3.0515137,-0.3752823
1667,70.9617,75.37798,70.9617,4.4162827,0.0
1668,69.56696,72.521255,69.09099,2.9542923,-0.47597504
1669,65.69698,67.50087,64.68703,1.8038864,-1.0099564
1670,68.53373,70.361565,67.95322,1.8278351,-0.580513
1671,67.896126,70.26991,67.75997,2.373787,-0.13615417
1672,65.890656,68.61501,65.718315,2.7243576,-0.1723404
1673,62.533115,65.84085,62.127846,3.3077354,-0.40526962
1674,67.4191,69.01518,67.04066,1.5960846,-0.37844086
1675,68.154335,69.52653,67.53756,1.3721924,-0.6167755
1676,62.386303,66.86682,62.386303,4.4805183,0.0
1677,64.653366,67.211,64.42034,2.5576324,-0.2330246
1678,62.61179,65.31962,62.61179,2.7078285,0.0
1679,68.69822,69.37698,68.69822,0.67876434,0.0
1680,66.72207,68.404976,66.566376,1.6829071,-0.15569305
1681,67.862526,71.080894,67.41566,3.2183685,-0.4468689
1682,67.24802,68.69576,66.65293,1.4477463,-0.59508514
1683,64.15751,66.09793,63.98752,1.940422,-0.16999054
1684,68.5004,70.28329,67.67764,1.7828903,-0.8227539
1685,68.95197,71.87582,68.53312,2.9238434,-0.41885376
1686,68.55768,70.10694,67.80704,1.549263,-0.75064087
1687,63.449047,64.72994,63.24891,1.2808952,-0.20013809
1688,69.46433,71.76931,68.715836,2.3049774,-0.748497
1689,63.43178,64.41373,63.126804,0.98194504,-0.30497742
1690,69.09849,71.14967,68.528725,2.0511856,-0.5697632
1691,64.58804,67.198044,63.94781,2.6100006,-0.6402321
1692,71.35766,75.64946,71.024574,4.2918015,-0.3330841
1693,65.66632,67.903206,65.462845,2.236885,-0.20347595
1694,70.435616,71.67689,70.435616,1.241272,0.0
1695,63.598526,65.36546,63.980953,1.7669373,0.38242722
1696,64.95159,68.21764,64.77967,3.2660522,-0.17192078
1697,71.433876,76.02458,70.84435,4.590706,-0.5895233
1698,64.013855,64.457214,64.013855,0.44335938,0.0
1699,66.62839,70.39718,66.62839,3.7687912,0.0
1700,68.589226,71.22382,67.79818,2.6345978,-0.79104614
1701,64.8078,66.77705,64.8078,1.9692459,0.0
1702,72.13987,73.610794,71.71981,1.4709244,-0.4200592
1703,68.82235,69.73049,68.08449,0.9081421,-0.73786163
1704,63.533043,64.44481,63.533043,0.91176605,0.0
1705,67.51543,69.12963,67.57508,1.6142044,0.059654236
1706,68.45795,69.54713,67.540405,1.08918,-0.9175415
1707,62.66208,63.4013,62.5369,0.73921967,-0.12517929
1708,70.15994,72.601234,69.64182,2.4412918,-0.5181198
1709,71.986046,76.50663,71.986046,4.520584,0.0
1710,67.708084,71.96822,66.970825,4.2601395,-0.7372589
1711,66.43148,69.89217,66.26019,3.4606934,-0.17128754
1712,64.68145,65.45844,64.27271,0.7769928,-0.40873718
1713,61.270668,63.117535,60.831593,1.8468666,-0.43907547
1714,67.84663,68.97011,67.44486,1.1234818,-0.40176392
1715,64.58034,68.13357,63.75927,3.5532303,-0.8210678
1716,65.76436,71.01943,65.76436,5.2550735,0.0
1717,67.687515,69.87129,67.274826,2.1837769,-0.4126892
1718,65.25166,68.3223,64.55635,3.0706406,-0.6953125
1719,62.296677,64.24412,62.296677,1.9474411,0.0
1720,67.4554,68.16807,67.4554,0.7126694,0.0
1721,62.75337,64.558945,62.530743,1.8055763,-0.22262573
1722,71.71689,72.40966,71.515755,0.6927719,-0.20113373
1723,72.93044,75.93157,72.33733,3.0011292,-0.59310913
1724,62.46262,63.26675,62.46262,0.80413055,0.0
1725,70.020134,71.92039,70.020134,1.9002533,0.0
1726,71.22442,72.85171,70.962265,1.6272888,-0.26215363
1727,67.599525,69.104225,67.599525,1.5046997,0.0
1728,71.28981,73.57887,70.75752,2.2890625,-0.5322876
1729,69.35183,70.80565,69.13658,1.4538193,-0.21524811
1730,71.35044,73.881325,71.20697,2.5308838,-0.14347076
1731,67.622574,68.6102,66.5295,0.9876251,-1.093071
1732,67.064224,69.27547,66.14085,2.2112427,-0.923378
1733,68.40308,70.02628,68.411255,1.6231995,0.008171082
1734,65.84939,67.0103,65.50282,1.1609116,-0.34656525
1735,65.65429,67.561104,65.65429,1.9068146,0.0
1736,63.584797,66.441444,63.110085,2.8566475,-0.47471237
1737,70.47569,72.77847,70.1541,2.3027802,-0.32159424
1738,66.713394,69.0165,66.334045,2.3031082,-0.37934875
1739,61.05526,62.513092,60.194557,1.4578323,-0.8607025
1740,67.83742,69.859276,67.37448,2.0218582,-0.4629364
1741,71.950966,72.90799,71.56661,0.9570236,-0.38435364
1742,64.28225,67.926216,63.65666,3.6439667,-0.6255913
1743,64.68038,65.76943,64.68038,1.0890503,0.0
1744,68.49858,69.986084,68.49858,1.487503,0.0
1745,65.270905,68.07883,65.155426,2.8079224,-0.115478516
1746,62.715084,64.8321,62.339184,2.1170158,-0.37590027
1747,62.79812,63.2682,62.528057,0.47008133,-0.2700615
1748,71.28246,73.56706,71.17043,2.2845993,-0.11203003
1749,67.52315,69.29673,67.52315,1.7735825,0.0
1750,61.69739,65.053604,61.69739,3.3562126,0.0
1751,70.322685,74.080986,70.322685,3.7583008,0.0
1752,67.85399,71.1859,67.03163,3.3319092,-0.8223572
1753,70.76438,72.901245,70.76438,2.1368637,0.0
1754,71.63886,74.33184,70.89007,2.692978,-0.74879456
1755,63.148075,65.32766,62.33161,2.1795845,-0.8164635
1756,66.521675,68.50542,66.521675,1.9837418,0.0
1757,63.09746,64.649124,62.720722,1.5516624,-0.3767395
1758,71.32974,73.41956,71.268715,2.0898209,-0.061027527
1759,66.45651,68.16996,66.382095,1.7134476,-0.074417114
1760,62.003063,63.13152,61.41743,1.1284561,-0.5856323
1761,63.115025,66.787834,61.80776,3.6728096,-1.3072662
1762,64.10152,65.96335,64.10152,1.8618317,0.0
1763,67.504715,69.67167,67.011154,2.166954,-0.4935608
1764,68.02699,70.77465,67.277466,2.7476578,-0.749527
1765,67.07545,68.62668,66.123566,1.5512314,-0.9518814
1766,65.7184,68.21513,65.48972,2.4967346,-0.22867584
1767,65.87915,68.02945,65.72397,2.150299,-0.15518188
1768,72.64269,73.76354,72.089066,1.1208496,-0.553627
1769,67.44749,69.51182,67.44749,2.064331,0.0
1770,62.777115,64.538,62.777115,1.7608871,0.0
1771,65.81843,68.175514,65.81843,2.3570862,0.0
1772,67.530655,69.46303,67.25771,1.932373,-0.2729416
1773,67.61983,69.90314,67.284515,2.28331,-0.3353119
1774,70.73876,74.803055,70.09429,4.064293,-0.6444702
1775,64.30417,66.90875,63.470562,2.6045837,-0.8336067
1776,71.65901,73.50305,69.92211,1.8440399,-1.7369003
1777,74.43982,76.43184,73.92856,1.9920197,-0.511261
1778,68.90043,71.33289,68.13761,2.4324646,-0.7628174
1779,69.16758,71.92169,68.61217,2.7541122,-0.5554123
1780,71.171745,73.32285,71.443,2.1511078,0.2712555
1781,63.25916,64.90282,62.800953,1.6436577,-0.45820618
1782,63.63097,62.985394,63.051083,-0.6455765,-0.5798874
1783,70.146736,72.85665,69.57121,2.7099152,-0.5755234
1784,70.85161,71.40421,70.68392,0.5526047,-0.16768646
1785,71.20856,73.12418,70.67819,1.9156265,-0.530365
1786,63.58378,64.6085,62.88259,1.0247192,-0.70118713
1787,72.70486,75.31404,72.67666,2.6091843,-0.028198242
1788,70.826164,74.24805,69.930855,3.4218826,-0.89530945
1789,70.31587,72.2456,70.31587,1.9297256,0.0
1790,67.849434,68.66429,67.5692,0.8148575,-0.2802353
1791,64.93091,65.64466,65.04137,0.71375275,0.110458374
1792,62.998978,63.99943,62.468506,1.000454,-0.5304718
1793,71.642715,74.84588,71.642715,3.2031631,0.0
1794,65.301414,68.04567,64.908424,2.744255,-0.3929901
1795,70.701614,73.2625,70.223564,2.5608826,-0.47805023
1796,65.102264,66.5877,65.27755,1.4854355,0.17528534
1797,62.886105,64.57463,62.608257,1.6885262,-0.2778473
1798,71.79921,73.7808,71.79921,1.9815903,0.0
1799,68.260544,72.03584,68.260544,3.775299,0.0
1800,62.775295,64.45126,62.775295,1.6759682,0.0
1801,70.100395,71.94093,69.50948,1.840538,-0.59091187
1802,63.684895,64.99568,63.684895,1.3107872,0.0
1803,70.60895,72.91884,70.01319,2.3098907,-0.59575653
1804,63.49296,65.612495,63.49296,2.1195335,0.0
1805,63.005966,63.933254,62.15359,0.92728806,-0.85237503
1806,69.62393,73.18125,70.01774,3.5573196,0.39380646
1807,73.89445,77.39641,73.00556,3.5019608,-0.8888855
1808,66.48475,69.20474,66.48475,2.7199936,0.0
1809,69.48493,71.5828,68.713196,2.0978699,-0.77173615
1810,72.43879,74.51231,71.57972,2.0735168,-0.8590698
1811,65.65005,67.664406,65.392204,2.0143585,-0.25784302
1812,64.018394,65.824974,63.41006,1.8065796,-0.6083336
1813,68.201324,70.3158,68.201324,2.114479,0.0
1814,62.429104,63.38002,61.82699,0.9509163,-0.60211563
1815,68.73638,70.46831,68.28253,1.731926,-0.4538498
1816,63.208256,63.92392,62.969982,0.7156639,-0.23827362
1817,70.36686,72.96494,70.012276,2.5980835,-0.35458374
1818,66.266754,68.32008,65.89776,2.0533295,-0.36899567
1819,69.610306,71.399895,68.62776,1.7895889,-0.98254395
1820,69.69679,71.916565,69.02298,2.2197723,-0.67381287
1821,60.108406,60.753624,59.623035,0.6452179,-0.48537064
1822,59.43207,59.488388,59.43207,0.056316376,0.0
1823,70.18312,72.299126,70.18312,2.116005,0.0
1824,71.05193,73.33319,71.21977,2.2812576,0.16783905
1825,68.757515,71.02288,68.29479,2.2653656,-0.46272278
1826,69.663216,71.71506,68.92324,2.0518417,-0.739975
1827,69.98334,71.75125,69.45343,1.7679138,-0.5299072
1828,63.158775,65.48208,63.158775,2.3233032,0.0
1829,72.64847,75.245544,71.71685,2.5970764,-0.93161774
1830,67.03924,68.41283,66.34498,1.3735886,-0.69425964
1831,66.48289,68.15903,66.55015,1.6761398,0.06726074
1832,67.75896,67.668846,67.45531,-0.09011078,-0.3036499
1833,70.17738,71.5553,70.17738,1.3779144,0.0
1834,65.44771,66.83994,65.44771,1.3922348,0.0
1835,62.33395,63.578636,61.656437,1.2446861,-0.6775131
1836,66.897285,69.0416,66.22882,2.1443176,-0.66846466
1837,68.845985,70.67198,68.748886,1.8259964,-0.097099304
1838,63.839233,64.2266,63.839233,0.38736725,0.0
1839,72.13803,73.61824,71.78006,1.4802094,-0.3579712
1840,65.291405,66.82653,65.291405,1.5351257,0.0
1841,69.42207,71.77853,69.42207,2.356453,0.0
1842,69.03618,72.30363,69.03618,3.2674484,0.0
1843,67.86578,68.98633,67.45946,1.1205444,-0.4063263
1844,64.02088,68.39075,64.02088,4.3698654,0.0
1845,66.54362,68.629776,66.54362,2.0861588,0.0
1846,65.911964,66.41729,65.905785,0.5053253,-0.0061798096
1847,67.26542,69.229675,67.16492,1.9642563,-0.100502014
1848,71.349976,72.36012,71.1823,1.0101471,-0.16767883
1849,64.26884,65.36198,63.982216,1.0931396,-0.2866211
1850,64.62042,65.71827,63.951332,1.097847,-0.6690903
1851,66.75837,68.31054,66.75837,1.5521698,0.0
1852,71.4701,73.64718,71.4701,2.1770782,0.0
1853,64.67771,65.592575,63.499893,0.9148636,-1.1778183
1854,68.515114,70.05957,68.08364,1.5444565,-0.43147278
1855,73.85176,77.92212,72.98263,4.0703583,-0.869133
1856,64.40729,67.043175,63.966476,2.6358871,-0.44081116
1857,64.98337,66.22567,64.98337,1.242302,0.0
1858,75.47923,78.7669,75.47923,3.2876663,0.0
1859,68.858116,71.71461,68.16798,2.856491,-0.6901398
1860,65.63986,67.267395,65.23719,1.627533,-0.4026718
1861,66.1165,67.804924,66.2812,1.6884232,0.16469574
1862,69.26163,71.64153,68.932655,2.3799057,-0.32897186
1863,62.041,64.364265,61.858055,2.323265,-0.18294525
1864,64.983826,65.57246,64.983826,0.5886307,0.0
1865,65.12322,68.19181,64.84699,3.0685883,-0.27622986
1866,66.66104,67.53765,66.49633,0.8766098,-0.164711
1867,66.942245,68.58522,66.53449,1.6429749,-0.407753
1868,57.891304,57.720116,57.507717,-0.17118835,-0.38358688
1869,66.08728,67.42461,65.94472,1.337326,-0.14256287
1870,67.37891,70.18278,67.02801,2.8038712,-0.35089874
1871,66.11763,67.01301,66.100204,0.8953781,-0.017425537
1872,62.970375,64.0176,62.09208,1.047226,-0.8782959
1873,69.10226,72.89922,69.10226,3.7969666,0.0
1874,67.933266,69.754555,67.96791,1.8212891,0.03464508
1875,66.46103,68.59373,65.989075,2.132698,-0.47195435
1876,68.616455,70.31342,68.5854,1.6969681,-0.031051636
1877,68.43097,69.69331,68.09536,1.2623444,-0.33560944
1878,60.28571,61.73093,60.28571,1.445221,0.0
1879,69.88586,71.52727,69.88586,1.6414108,0.0
1880,69.14232,70.09069,69.14232,0.9483719,0.0
1881,65.3889,67.946236,65.02488,2.557335,-0.3640213
1882,68.81103,72.41094,68.19802,3.5999146,-0.6130066
1883,63.235523,66.536064,62.919743,3.300541,-0.31578064
1884,72.57102,75.04666,71.92131,2.4756393,-0.6497116
1885,67.44534,71.03903,67.44534,3.593689,0.0
1886,67.75918,69.9894,67.75918,2.2302246,0.0
1887,63.491325,66.82331,62.727173,3.3319855,-0.7641525
1888,64.001305,65.00531,63.133152,1.0040054,-0.8681526
1889,71.91442,76.24553,71.63486,4.331108,-0.2795639
1890,68.22172,70.204216,67.570244,1.9824982,-0.651474
1891,69.62614,70.09318,69.07622,0.46704102,-0.5499191
1892,64.50076,69.8749,64.08024,5.374138,-0.4205246
1893,65.534325,66.133896,64.91919,0.5995712,-0.6151352
1894,70.39692,72.762024,69.39522,2.3651047,-1.0017014
1895,59.094578,60.17184,58.253212,1.0772629,-0.8413658
1896,64.17608,66.48603,64.17608,2.3099518,0.0
1897,66.28478,67.66717,65.7503,1.3823853,-0.53448486
1898,74.42544,76.655815,73.90135,2.2303772,-0.524086
1899,71.128525,73.40049,71.07941,2.271965,-0.049118042
1900,69.614746,69.9534,68.94694,0.33865356,-0.66780853
1901,70.127174,72.470985,69.15901,2.343811,-0.96816254
1902,67.12327,71.99707,66.154594,4.873802,-0.9686737
1903,67.468445,69.95975,66.89886,2.4913025,-0.5695877
1904,65.65069,66.39159,65.031105,0.74089813,-0.61958313
1905,61.933254,64.1726,61.933254,2.2393456,0.0
1906,61.113068,63.71163,60.57278,2.5985641,-0.540287
1907,67.03911,68.88899,66.31991,1.849884,-0.71920013
1908,67.87844,70.0498,67.87844,2.1713562,0.0
1909,72.66153,75.31548,72.24737,2.6539536,-0.41416168
1910,65.61391,67.34326,65.285904,1.7293549,-0.32800293
1911,68.72947,69.23709,68.37338,0.50762177,-0.35608673
1912,67.61969,69.68455,67.311295,2.0648575,-0.3083954
1913,62.68619,64.67715,62.68619,1.9909554,0.0
1914,64.92734,67.41619,64.867645,2.4888535,-0.059692383
1915,63.44651,65.830284,63.16489,2.3837738,-0.28162003
1916,63.97984,66.70791,63.97984,2.7280693,0.0
1917,65.04694,66.01784,63.893623,0.97089386,-1.1533203
1918,71.37695,74.28361,70.11673,2.9066544,-1.2602234
1919,68.7329,70.24363,68.18677,1.5107269,-0.54613495
1920,67.569016,70.418106,66.993675,2.8490906,-0.5753403
1921,67.32746,68.35634,66.678444,1.0288773,-0.64901733
1922,70.04487,72.15012,70.04487,2.1052551,0.0
1923,63.178524,64.26733,63.178524,1.0888023,0.0
1924,69.62789,74.794304,69.627045,5.1664124,-0.0008468628
1925,69.885254,71.38647,69.56269,1.5012131,-0.32256317
1926,64.21841,65.2639,63.471165,1.0454941,-0.747242
1927,63.087753,63.973495,62.867146,0.8857422,-0.22060776
1928,69.95729,72.88071,69.70381,2.9234161,-0.253479
1929,72.7122,75.055885,72.7122,2.343689,0.0
1930,67.82597,69.1621,67.82597,1.3361282,0.0
1931,61.298637,62.992485,60.615746,1.6938477,-0.68289185
1932,69.25971,71.08689,68.64775,1.827179,-0.61196136
1933,69.970856,71.87898,69.93119,1.9081268,-0.039665222
1934,65.66246,66.98169,64.912125,1.3192291,-0.7503357
1935,67.01073,70.004875,67.01073,2.9941483,0.0
1936,63.754086,64.95467,63.122173,1.2005882,-0.63191223
1937,71.76704,74.18293,71.46627,2.4158936,-0.300766
1938,64.59795,65.747284,64.22881,1.1493301,-0.36914062
1939,68.40739,70.803314,67.50106,2.3959274,-0.9063263
1940,65.76953,67.03861,65.49259,1.2690811,-0.2769394
1941,66.89241,69.307945,66.89241,2.415535,0.0
1942,64.34853,65.92232,63.637672,1.5737839,-0.7108612
1943,65.16609,66.79748,64.82775,1.6313858,-0.33834076
1944,74.63278,75.80564,73.62217,1.1728592,-1.0106125
1945,70.30063,72.03941,69.60544,1.7387848,-0.6951904
1946,68.44034,68.8316,66.97023,0.39125824,-1.470108
1947,66.86207,68.526474,65.85812,1.6644058,-1.0039444
1948,60.21916,61.73448,59.161507,1.5153236,-1.0576515
1949,69.32598,71.269394,68.82487,1.9434128,-0.5011139
1950,66.23241,67.75581,66.068405,1.523407,-0.16400146
1951,68.27397,71.05663,68.018265,2.7826614,-0.2557068
1952,69.0091,72.11717,68.704994,3.1080704,-0.30410767
1953,68.03816,69.81666,67.346214,1.7784958,-0.69194794
1954,71.681915,72.54433,71.26659,0.8624115,-0.41532898
1955,67.421585,68.80451,67.019325,1.382927,-0.40225983
1956,66.596016,68.64653,66.596016,2.0505142,0.0
1957,69.84287,72.222626,69.3304,2.379753,-0.51247406
1958,70.118034,72.313774,69.38937,2.1957397,-0.7286606
1959,65.16464,65.88315,64.92853,0.71850586,-0.2361145
1960,63.938835,66.921875,63.19948,2.9830399,-0.739357
1961,61.431713,63.141884,61.431713,1.7101707,0.0
1962,70.37245,72.90731,69.95236,2.5348587,-0.42008972
1963,68.43694,71.83443,68.43694,3.3974838,0.0
1964,70.38562,73.04593,70.24666,2.6603088,-0.13896179
1965,64.46783,66.74408,63.577824,2.2762527,-0.8900032
1966,65.60585,66.72087,65.60585,1.1150208,0.0
1967,64.142105,65.100494,63.396908,0.9583893,-0.7451973
1968,68.362946,70.081055,67.67432,1.7181091,-0.68862915
1969,70.64414,72.591484,70.64414,1.9473419,0.0
1970,68.34276,71.2125,68.34276,2.8697433,0.0
1971,66.99898,69.17608,66.27544,2.1771011,-0.72354126
1972,71.58878,74.96549,71.616455,3.376709,0.027671814
1973,68.06152,70.08699,68.17783,2.025467,0.11631012
1974,61.592007,62.443375,60.832405,0.85136795,-0.7596016
1975,71.72079,73.6309,71.37151,1.9101105,-0.34927368
1976,64.745895,66.007996,64.07219,1.2621002,-0.67370605
1977,72.08894,73.82606,72.08894,1.737114,0.0
1978,63.857433,66.83564,63.38384,2.9782066,-0.47359467
1979,67.835236,68.85048,67.14193,1.0152435,-0.69330597
1980,66.89518,69.30955,66.910904,2.4143677,0.015724182
1981,66.772736,69.01441,66.32801,2.2416763,-0.44472504
1982,69.6484,71.20301,69.20645,1.5546112,-0.44194794
1983,66.19379,67.18329,66.19379,0.98950195,0.0
1984,70.86275,73.10162,70.44091,2.2388763,-0.42183685
1985,65.890594,67.23996,65.21483,1.3493652,-0.675766
1986,67.94474,70.22441,67.22358,2.2796707,-0.7211609
1987,64.6286,66.86879,64.42272,2.2401886,-0.20587921
1988,67.63573,69.36848,67.35696,1.7327499,-0.27877045
1989,71.17993,73.3114,71.047806,2.1314697,-0.13212585
1990,69.358986,73.22843,69.2452,3.8694458,-0.11378479
1991,65.86168,68.14034,65.86168,2.2786636,0.0
1992,69.012,70.36118,68.55283,1.3491821,-0.45916748
1993,64.647736,65.64826,64.61031,1.0005264,-0.03742218
1994,66.636086,70.14999,66.636086,3.5139008,0.0
1995,69.40056,71.44351,69.59773,2.0429535,0.19717407
1996,69.63054,72.04853,69.59424,2.4179916,-0.03630066
1997,68.227295,69.4639,68.029945,1.2366028,-0.19734955
1998,67.48644,68.793785,66.84834,1.3073425,-0.6380997
1999,66.81044,70.40166,66.43828,3.591217,-0.37216187
2000,69.10026,70.26517,68.762276,1.1649094,-0.33798218
2001,63.258774,66.27216,63.258774,3.0133896,0.0
2002,63.44876,64.20334,62.947365,0.75457764,-0.5013962
2003,69.42424,70.26659,69.107216,0.8423462,-0.31702423
2004,68.02393,71.83165,68.02393,3.8077164,0.0
2005,63.212795,65.48843,62.105618,2.275631,-1.1071777
2006,64.42195,65.5898,64.34533,1.1678467,-0.07662201
2007,66.94007,68.723854,66.484116,1.783783,-0.4559555
2008,66.0936,66.974625,64.81331,0.8810272,-1.2802887
2009,68.494415,69.134056,68.33213,0.6396408,-0.16228485
2010,74.159225,75.57714,73.65359,1.4179153,-0.5056381
2011,67.87001,69.33954,67.298485,1.4695282,-0.5715256
2012,72.13512,73.54752,71.567154,1.4124069,-0.56796265
2013,70.3149,73.88194,70.3149,3.5670395,0.0
2014,65.50863,67.091324,65.50863,1.582695,0.0
2015,66.00351,67.79155,66.00351,1.7880402,0.0
2016,67.33902,69.01109,67.33902,1.6720734,0.0
2017,62.495712,65.1685,62.73113,2.6727905,0.23541641
2018,72.20394,72.72604,71.68359,0.52210236,-0.5203476
2019,76.54359,79.024864,76.16771,2.4812775,-0.37587738
2020,70.288864,72.74496,70.288864,2.4560928,0.0
2021,64.21778,64.1916,63.847584,-0.026184082,-0.3701973
2022,68.05705,69.79075,67.48731,1.733696,-0.5697403
2023,63.85915,65.44641,63.85915,1.5872612,0.0
2024,68.90917,71.76015,68.55793,2.850975,-0.35124207
2025,69.86382,71.2498,69.310265,1.3859787,-0.55355835
2026,71.590546,75.20213,70.90815,3.6115875,-0.68239594
2027,58.875328,59.20901,58.875328,0.333683,0.0
2028,67.316,68.941216,67.316,1.6252136,0.0
2029,68.56272,71.866936,68.2788,3.3042145,-0.2839203
2030,67.11743,68.25839,66.56011,1.1409607,-0.55731964
2031,65.537506,66.821556,65.19549,1.28405,-0.34201813
2032,69.093956,70.28911,68.546875,1.1951523,-0.547081
2033,62.074276,62.208282,62.074276,0.1340065,0.0
2034,68.77687,71.585846,68.77687,2.8089752,0.0
2035,61.96048,63.190056,61.495327,1.2295761,-0.46515274
2036,67.91894,70.352715,67.40026,2.4337769,-0.51867676
2037,69.44435,71.76835,69.08287,2.3239975,-0.3614807
2038,71.48166,73.17638,70.728645,1.6947174,-0.7530136
2039,67.41165,68.67332,66.77889,1.2616653,-0.6327591
2040,71.49534,74.720726,70.94905,3.2253876,-0.54628754
2041,65.09717,66.70151,64.193344,1.6043396,-0.90382385
2042,64.11844,65.79483,64.053566,1.6763916,-0.06487274
2043,68.262085,71.36747,68.262085,3.1053848,0.0
2044,69.918236,73.2479,70.10804,3.3296661,0.18980408
2045,63.349663,63.69391,62.932312,0.3442459,-0.41735077
2046,70.10171,72.066956,70.00625,1.9652481,-0.095458984
2047,64.33018,67.91106,63.462593,3.5808792,-0.8675842
2048,65.368744,66.90252,64.32824,1.5337753,-1.0405045
2049,63.649563,65.89973,63.193394,2.250164,-0.45616913
2050,72.30684,74.6207,71.91917,2.313858,-0.38767242
2051,65.7817,66.93336,65.7817,1.1516571,0.0
2052,65.28372,67.02088,65.28372,1.7371597,0.0
2053,70.19523,71.24295,69.34104,1.0477219,-0.854187
2054,70.4842,72.239265,69.75245,1.7550659,-0.7317505
2055,67.43605,69.01081,66.97548,1.5747604,-0.4605713
2056,71.62762,73.509544,71.62762,1.8819275,0.0
2057,69.241516,71.183014,68.97691,1.9414978,-0.26460266
2058,69.13206,72.69846,69.13206,3.5664062,0.0
2059,67.05814,68.933655,67.26717,1.8755112,0.20903015
2060,63.721348,65.76351,63.301083,2.0421638,-0.4202652
2061,65.99062,67.35367,65.99062,1.3630447,0.0
2062,67.49021,68.86159,67.49021,1.371376,0.0
2063,69.36028,71.66622,68.817276,2.3059387,-0.5430069
2064,71.0649,75.2769,71.0649,4.211998,0.0
2065,68.25868,69.966675,68.25868,1.7079926,0.0
2066,67.13266,70.117546,66.5798,2.9848862,-0.55285645
2067,70.30173,73.3592,70.30173,3.0574722,0.0
2068,65.67692,67.00444,65.44476,1.3275223,-0.23215485
2069,69.84266,73.069916,69.56606,3.2272568,-0.27659607
2070,65.13506,66.16109,64.20501,1.0260239,-0.9300537
2071,76.653275,77.67562,75.95329,1.0223465,-0.6999817
2072,64.46704,68.88166,63.92365,4.4146194,-0.5433922
2073,62.050446,64.51411,61.567432,2.4636612,-0.48301315
2074,72.33187,76.27102,72.33187,3.939148,0.0
2075,65.10908,66.0883,64.485565,0.97922516,-0.62351227
2076,62.170525,63.305798,61.917152,1.135273,-0.2533722
2077,71.19563,72.27366,69.82025,1.0780258,-1.3753815
2078,67.0367,69.2102,64.78698,2.1735,-2.2497177
2079,67.8108,69.20828,67.49458,1.3974838,-0.31621552
2080,67.68663,69.25626,67.60764,1.5696335,-0.07898712
2081,70.46857,71.99728,70.04765,1.5287094,-0.4209137
2082,72.457275,76.07444,71.77972,3.6171646,-0.6775589
2083,67.53382,68.24921,67.0701,0.71538544,-0.46372223
2084,59.873478,62.084724,59.873478,2.2112465,0.0
2085,66.364944,69.923935,66.07268,3.5589905,-0.29226685
2086,63.467014,65.01297,63.467014,1.5459557,0.0
2087,65.692245,67.80689,65.16813,2.114647,-0.5241165
2088,62.10438,65.384476,62.10438,3.2800941,0.0
2089,70.317116,72.6451,69.684746,2.3279877,-0.63237
2090,70.95657,72.87163,70.185776,1.9150543,-0.7707977
2091,68.424355,70.64483,67.69039,2.2204742,-0.733963
2092,64.836586,65.973465,64.48885,1.136879,-0.34773254
2093,71.051994,73.84776,70.862946,2.7957687,-0.18904877
2094,69.031815,71.42021,69.031815,2.3883972,0.0
2095,63.513783,64.25354,63.513783,0.73975754,0.0
2096,60.082153,60.69304,59.679417,0.6108856,-0.40273666
2097,68.012245,70.694466,67.2994,2.6822205,-0.71284485
2098,67.84404,69.642555,67.95743,1.7985153,0.11338806
2099,72.26116,74.65198,72.07799,2.3908157,-0.18317413
2100,62.658257,65.09276,62.392406,2.4345016,-0.26585007
2101,68.570305,70.652374,67.20113,2.0820694,-1.3691711
2102,61.841316,63.805542,61.841316,1.9642258,0.0
2103,62.2319,63.928482,61.85434,1.6965828,-0.37755966
2104,67.71101,68.9325,67.71101,1.221489,0.0
2105,66.41997,68.760735,66.41997,2.340767,0.0
2106,63.059628,64.79239,62.359066,1.7327614,-0.7005615
2107,65.52795,66.4891,65.43448,0.9611511,-0.09346771
2108,67.04426,68.412224,66.84262,1.3679657,-0.20163727
2109,64.17185,66.26542,63.49919,2.093567,-0.6726608
2110,67.87754,69.5079,67.07282,1.6303558,-0.804718
2111,66.58178,69.064674,65.954544,2.482895,-0.6272354
2112,66.61074,68.45445,65.64962,1.8437119,-0.9611206
2113,61.60879,62.69809,60.522552,1.0892982,-1.0862389
2114,68.052666,68.950806,67.04113,0.89813995,-1.0115356
2115,68.2591,70.578064,67.847725,2.318962,-0.41137695
2116,66.37309,68.287224,66.1571,1.9141312,-0.21599579
2117,69.70935,71.158485,69.70935,1.4491348,0.0
2118,67.02724,70.54198,67.02724,3.51474,0.0
2119,68.550766,70.75995,68.550766,2.2091827,0.0
2120,64.64467,66.58535,64.64467,1.9406815,0.0
2121,62.852085,64.93378,62.156746,2.0816917,-0.6953392
2122,63.884224,64.84588,63.216354,0.96165466,-0.66786957
2123,70.0105,71.89271,69.73847,1.8822098,-0.27202606
2124,70.98652,73.46624,70.31594,2.479721,-0.670578
2125,65.98153,68.611565,65.98153,2.6300354,0.0
2126,66.530556,69.5579,66.536865,3.0273438,0.0063095093
2127,63.62495,66.54839,63.11489,2.9234428,-0.51005936
2128,66.4021,68.74502,66.4021,2.3429184,0.0
2129,70.64075,73.25233,70.051674,2.61158,-0.5890732
2130,65.761665,68.30213,65.22777,2.5404663,-0.5338974
2131,66.959785,69.10087,66.87154,2.1410828,-0.08824921
2132,63.56741,66.951965,62.812653,3.3845558,-0.7547569
2133,68.51761,71.20245,67.90225,2.684845,-0.61535645
2134,70.82361,72.50957,69.93764,1.6859589,-0.88597107
2135,62.660294,63.987377,62.552994,1.3270836,-0.107299805
2136,70.79778,73.11231,70.7168,2.3145294,-0.08098602
2137,68.47179,69.61195,67.99387,1.1401672,-0.4779129
2138,60.21877,60.567303,59.350235,0.34853363,-0.8685341
2139,65.30675,68.23817,64.76739,2.9314194,-0.53936005
2140,66.961464,68.74868,66.698746,1.7872162,-0.2627182
2141,67.84465,69.8756,67.49621,2.0309525,-0.34844208
2142,65.78114,66.722176,65.21865,0.9410324,-0.5624924
2143,73.6532,75.30905,73.95028,1.6558533,0.297081
2144,72.155876,74.98099,70.99284,2.8251114,-1.1630325
2145,68.49004,72.49009,68.49004,4.000046,0.0
2146,63.84364,64.62091,63.84364,0.7772713,0.0
2147,66.49468,67.39471,65.99219,0.9000244,-0.5024948
2148,64.8081,67.45513,64.40439,2.6470337,-0.4037094
2149,69.033226,71.40647,68.68979,2.3732452,-0.3434372
2150,67.52895,68.09384,67.15839,0.564888,-0.37056732
2151,72.75409,73.14753,72.31886,0.39344025,-0.43522644
2152,67.55713,70.20482,67.000435,2.6476898,-0.55669403
2153,67.89592,70.315506,67.785995,2.4195862,-0.10992432
2154,65.94103,67.99389,65.56237,2.0528564,-0.3786621
2155,69.823555,71.91128,68.95044,2.0877228,-0.87311554
2156,71.93785,75.1528,71.93785,3.2149506,0.0
2157,71.884674,73.75087,71.884674,1.8661957,0.0
2158,63.619373,64.76537,62.907246,1.1459999,-0.7121277
2159,68.826195,71.544235,68.49591,2.7180405,-0.33028412
2160,65.199974,68.11998,65.0581,2.9200058,-0.14187622
2161,68.48031,70.03722,67.783005,1.5569077,-0.6973038
2162,71.56441,74.891426,71.09485,3.3270187,-0.46955872
2163,65.08118,66.92007,64.73875,1.8388901,-0.3424301
2164,61.579025,61.33218,61.579025,-0.24684525,0.0
2165,67.76101,68.76539,67.968956,1.0043793,0.20794678
2166,67.20165,69.90647,66.56057,2.7048187,-0.64108276
2167,69.77287,75.15007,69.48746,5.3771973,-0.28541565
2168,68.46509,70.16583,68.13986,1.7007446,-0.32522583
2169,61.188282,63.00076,60.33994,1.8124771,-0.8483429
2170,73.32214,75.668724,72.994194,2.3465805,-0.32794952
2171,63.018124,64.3224,62.646896,1.3042793,-0.37122726
2172,65.115746,65.85343,65.115746,0.73768616,0.0
2173,67.66071,69.325745,66.779144,1.6650314,-0.8815689
2174,70.95756,73.30828,70.95756,2.3507233,0.0
2175,62.18901,63.48038,61.343987,1.2913704,-0.8450241
2176,69.622284,70.618744,68.47174,0.99645996,-1.1505432
2177,71.99823,76.459274,71.17961,4.4610443,-0.8186188
2178,64.54348,66.76231,64.041954,2.2188263,-0.5015259
2179,67.32538,69.094154,66.765816,1.7687759,-0.5595627
2180,69.16221,70.49642,68.61926,1.3342133,-0.54294586
2181,69.89453,71.09845,68.26697,1.2039185,-1.6275635
2182,69.37507,71.438736,68.60973,2.0636673,-0.7653351
2183,71.36772,73.324356,70.939384,1.9566345,-0.4283371
2184,63.44393,64.302505,62.788708,0.8585739,-0.65522385
2185,71.49151,74.28516,70.65674,2.7936478,-0.8347702
2186,71.44996,74.19245,71.44996,2.7424927,0.0
2187,67.761894,71.01016,67.64106,3.2482681,-0.12083435
2188,63.945755,65.97006,63.928482,2.0243073,-0.01727295
2189,67.30198,69.793495,66.83856,2.491516,-0.46341705
2190,72.1853,72.840675,72.08477,0.6553726,-0.10053253
2191,67.36345,70.53902,66.67283,3.1755676,-0.6906204
2192,66.615135,70.021835,66.615135,3.4067001,0.0
2193,61.763485,62.646103,61.763485,0.88261795,0.0
2194,63.52026,65.30835,62.86998,1.7880898,-0.65028
2195,69.861694,71.84703,69.861694,1.9853363,0.0
2196,66.13197,69.70897,65.77705,3.5769958,-0.35492706
2197,67.04811,69.762245,66.63819,2.7141342,-0.40991974
2198,68.68232,70.01063,68.581635,1.3283081,-0.10068512
2199,64.29904,65.763756,63.55726,1.464714,-0.74178314
2200,59.88932,59.49936,59.96004,-0.38996124,0.07072067
2201,70.260826,72.907486,69.82071,2.6466599,-0.44011688
2202,64.38189,65.7783,63.89229,1.3964081,-0.48960114
2203,70.67986,72.183266,70.57555,1.5034027,-0.10431671
2204,74.7817,76.80537,74.20945,2.0236664,-0.57225037
2205,72.31897,74.88454,70.36109,2.565567,-1.9578781
2206,69.01873,71.57081,67.961655,2.5520782,-1.0570755
2207,69.48806,72.50587,69.51189,3.017807,0.0238266
2208,62.26978,64.14896,61.762173,1.8791771,-0.5076065
2209,70.69025,71.4831,70.49906,0.7928543,-0.191185
2210,64.95157,67.15739,64.59005,2.2058182,-0.36151886
2211,66.252396,67.55553,65.96053,1.3031311,-0.2918625
2212,67.14467,69.83919,67.14467,2.694519,0.0
2213,62.63551,63.645626,62.44351,1.0101166,-0.19200134
2214,66.36073,67.719635,65.38203,1.358902,-0.97870636
2215,71.91637,74.40576,71.575066,2.4893951,-0.34130096
2216,71.97689,73.33874,71.82174,1.3618469,-0.15515137
2217,67.889145,70.12647,67.34898,2.2373276,-0.54016113
2218,65.45948,67.29825,65.45948,1.838768,0.0
2219,64.2083,66.4856,63.53377,2.2773056,-0.6745262
2220,67.503136,69.19061,67.503136,1.6874771,0.0
2221,66.41899,70.421295,65.63179,4.002304,-0.7872009
2222,66.973366,69.64074,66.973366,2.6673737,0.0
2223,69.63524,72.85923,68.74198,3.2239914,-0.89325714
2224,65.39379,67.22823,64.66249,1.8344421,-0.73130035
2225,60.565125,61.52651,59.556496,0.9613838,-1.0086288
2226,69.48363,70.98971,68.666565,1.5060806,-0.8170624
2227,67.39535,68.190994,67.153336,0.79564667,-0.24201202
2228,71.94262,74.04557,71.86807,2.102951,-0.074546814
2229,64.877174,66.848755,64.71799,1.9715805,-0.15918732
2230,65.28205,67.98634,64.78653,2.7042923,-0.49552155
2231,65.090355,69.98374,64.96158,4.893387,-0.12877655
2232,66.34046,69.03321,65.5964,2.692749,-0.74406433
2233,67.078514,69.19453,67.078514,2.1160126,0.0
2234,67.252045,70.43144,66.998795,3.1793976,-0.25325012
2235,64.098366,65.2926,64.098366,1.1942368,0.0
2236,63.65382,65.39974,63.11726,1.7459221,-0.53656006
2237,64.96093,70.39458,64.96093,5.433647,0.0
2238,62.34158,63.30972,61.792877,0.96813965,-0.54870224
2239,64.63033,65.94384,64.26882,1.3135071,-0.36151123
2240,66.83792,68.363495,66.47103,1.5255737,-0.36688995
2241,63.53238,65.46175,62.92963,1.9293671,-0.6027489
2242,72.20145,74.22846,72.22718,2.0270157,0.025733948
2243,69.79274,71.78535,68.87644,1.9926071,-0.9162979
2244,70.791725,72.406166,70.791725,1.6144409,0.0
2245,70.97867,75.89959,70.97867,4.9209213,0.0
2246,67.85726,70.420006,67.40929,2.5627441,-0.44797516
2247,67.95736,69.4474,67.443504,1.4900436,-0.513855
2248,66.27197,68.04488,66.09682,1.7729111,-0.17515564
2249,66.75432,68.35242,66.487015,1.5980988,-0.26730347
2250,64.749374,65.995186,64.24808,1.2458115,-0.501297
2251,60.294647,61.857464,60.199165,1.5628166,-0.09548187
2252,58.013992,57.99429,58.013992,-0.019702911,0.0
2253,69.12603,71.252975,68.65721,2.1269455,-0.46881866
2254,67.96638,69.70211,67.31986,1.735733,-0.6465149
2255,66.615295,67.8646,66.615295,1.2493057,0.0
2256,65.03726,65.53289,64.33297,0.49562836,-0.7042923
2257,68.65089,69.22325,68.65089,0.5723648,0.0
2258,68.128944,71.129234,68.12972,3.00029,0.00077819824
2259,68.44219,70.49687,68.042595,2.0546799,-0.39959717
2260,68.41016,69.49834,67.54326,1.0881805,-0.8668976
2261,66.61055,67.80308,66.17215,1.1925278,-0.43840027
2262,65.23679,66.80805,65.23679,1.5712585,0.0
2263,65.34714,67.46626,65.34714,2.1191254,0.0
2264,70.24317,72.81811,69.86827,2.574936,-0.37490082
2265,59.86196,61.251442,59.86196,1.3894806,0.0
2266,66.47176,68.3876,66.15507,1.9158401,-0.31669617
2267,70.90345,73.909225,70.47089,3.0057755,-0.43256378
2268,69.742035,72.931694,69.742035,3.189659,0.0
2269,66.25396,68.18695,65.532295,1.932991,-0.7216644
2270,73.226906,75.53205,72.31388,2.3051453,-0.9130249
2271,68.63767,70.70782,68.29212,2.0701447,-0.34555054
2272,69.28717,70.87295,69.28717,1.5857773,0.0
2273,63.32782,66.47454,63.32782,3.146721,0.0
2274,64.23456,68.17286,64.23456,3.938301,0.0
2275,67.64344,69.45427,67.64344,1.8108292,0.0
2276,67.252884,68.757416,67.48017,1.5045319,0.22728729
2277,68.40953,68.592545,68.16017,0.18301392,-0.24935913
2278,63.04739,66.09256,62.54262,3.0451698,-0.5047684
2279,67.53485,68.51069,67.69381,0.9758377,0.15895844
2280,66.81873,69.43642,66.25648,2.6176834,-0.56225586
2281,60.738205,62.06111,60.153873,1.3229065,-0.5843315
2282,67.23897,71.62812,66.788445,4.3891525,-0.45052338
2283,70.99681,73.16896,70.713356,2.1721497,-0.2834549
2284,70.1754,73.1063,69.591835,2.9309006,-0.58356476
2285,68.34519,69.87607,67.675606,1.5308762,-0.6695862
2286,66.935036,68.30404,66.57387,1.3690033,-0.3611679
2287,62.31521,62.894604,61.459984,0.5793953,-0.8552246
2288,67.260864,69.58644,66.56585,2.3255768,-0.69501495
2289,63.563435,65.8109,62.520584,2.2474632,-1.0428505
2290,69.12275,72.03824,68.37391,2.9154892,-0.74884033
2291,65.09122,67.41485,64.67797,2.3236313,-0.41324615
2292,67.79593,68.43295,67.198235,0.6370239,-0.5976944
2293,68.05467,69.40049,68.05467,1.3458176,0.0
2294,67.34191,70.04674,66.736336,2.7048264,-0.60557556
2295,64.38108,65.3615,64.38108,0.980423,0.0
2296,68.494644,72.74365,68.494644,4.249008,0.0
2297,73.62479,75.94222,73.22114,2.3174362,-0.40364838
2298,68.3124,70.754456,67.971436,2.4420547,-0.34096527
2299,63.054688,64.66342,62.927124,1.6087341,-0.12756348
2300,66.287285,68.0166,66.287285,1.7293167,0.0
2301,66.58038,67.25601,66.19148,0.67562866,-0.38890076
2302,62.472176,63.293125,62.472176,0.82094955,0.0
2303,64.00821,66.32809,63.1533,2.3198776,-0.854908
2304,70.72615,72.83303,70.01748,2.1068802,-0.70867157
2305,65.438866,66.26314,64.89993,0.82427216,-0.5389328
2306,63.46529,65.02446,63.46529,1.5591698,0.0
2307,67.055756,68.4154,67.055756,1.359642,0.0
2308,67.48792,70.17453,66.95265,2.6866074,-0.5352707
2309,64.98758,65.77828,64.98758,0.7907028,0.0
2310,64.39888,65.63794,63.487667,1.2390594,-0.9112129
2311,66.62872,69.24062,66.423584,2.6119003,-0.20513916
2312,66.29227,68.71985,66.29227,2.4275818,0.0
2313,68.94481,70.51692,68.45594,1.572113,-0.4888687
2314,63.098465,64.58646,62.22471,1.4879913,-0.8737564
2315,64.44253,66.54207,63.756145,2.0995407,-0.6863823
2316,71.74158,74.2206,71.59498,2.4790192,-0.14659882
2317,68.556786,68.39966,68.147766,-0.15712738,-0.40901947
2318,65.09309,66.427185,65.18055,1.3340988,0.08746338
2319,65.77319,67.9635,64.534805,2.1903076,-1.2383881
2320,63.293564,66.52164,62.56302,3.2280731,-0.73054504
2321,62.495823,62.821865,62.209873,0.32604218,-0.2859497
2322,65.92416,68.65527,65.31289,2.7311172,-0.6112671
2323,63.036564,66.614746,63.036564,3.5781822,0.0
2324,64.10694,65.692,63.5894,1.5850601,-0.51754
2325,62.366116,62.724384,62.366116,0.35826874,0.0
2326,67.27748,68.60685,66.436615,1.3293686,-0.8408661
2327,60.757786,63.257915,60.13062,2.5001297,-0.62716675
2328,70.36921,72.3545,70.78476,1.9852905,0.41555023
2329,67.081535,68.17104,67.081535,1.089508,0.0
2330,67.29478,68.762146,66.38955,1.4673691,-0.90522766
2331,67.054825,69.43261,66.5584,2.3777847,-0.4964218
2332,68.890335,70.94695,68.27252,2.0566177,-0.6178131
2333,64.50898,65.275185,63.73371,0.76620483,-0.77526855
2334,71.9552,72.61856,71.27628,0.6633606,-0.67891693
2335,72.52649,76.19657,72.52649,3.670082,0.0
2336,70.67618,72.62639,70.146484,1.9502106,-0.5296936
2337,69.6163,71.95995,69.277,2.3436508,-0.33930206
2338,63.571747,65.10842,62.801094,1.5366745,-0.7706528
2339,69.33977,71.413055,69.335304,2.073288,-0.004463196
2340,60.81397,62.775223,60.81397,1.9612541,0.0
2341,66.606255,68.458565,66.18943,1.8523102,-0.41682434
2342,67.411896,69.62299,67.043976,2.2110977,-0.36791992
2343,67.66353,68.68093,67.25808,1.0174026,-0.4054489
2344,72.10198,73.616196,71.5158,1.5142136,-0.58618164
2345,61.172962,62.848663,61.172962,1.6757011,0.0
2346,75.22336,76.857994,75.13513,1.6346359,-0.08822632
2347,58.82211,60.071735,58.226536,1.2496262,-0.5955734
2348,68.96999,70.74215,68.3886,1.7721558,-0.5813904
2349,64.03198,67.759674,63.503883,3.7276917,-0.52809906
2350,70.55429,72.238464,69.85955,1.6841736,-0.6947403
2351,66.92214,68.572845,66.92214,1.6507034,0.0
2352,60.932743,62.21707,60.932743,1.2843285,0.0
2353,65.6466,65.86983,65.393295,0.22322845,-0.25330353
2354,69.1888,70.39406,68.73304,1.2052612,-0.45575714
2355,64.584465,66.160774,64.54163,1.5763092,-0.04283142
2356,72.113625,75.84003,72.113625,3.7264023,0.0
2357,70.85755,74.64869,70.85755,3.7911377,0.0
2358,69.32515,71.65332,69.4002,2.3281708,0.075050354
2359,67.361145,69.478516,67.361145,2.1173706,0.0
2360,69.98296,72.691574,69.46244,2.7086105,-0.5205231
2361,69.07559,70.95799,69.07559,1.8824005,0.0
2362,68.340096,69.90255,68.340096,1.5624542,0.0
2363,71.770454,74.663536,71.54534,2.8930817,-0.22511292
2364,67.466606,67.89754,65.022514,0.4309311,-2.4440918
2365,70.08033,72.78968,69.201515,2.7093506,-0.8788147
2366,70.43636,72.776794,69.904465,2.3404312,-0.5318985
2367,69.32457,70.66606,69.08331,1.3414917,-0.24125671
2368,62.04198,63.03036,61.434216,0.98838043,-0.6077652
2369,64.2969,65.76716,63.998707,1.4702606,-0.29819107
2370,69.20677,72.42273,68.99209,3.2159576,-0.21468353
2371,63.390392,65.65035,62.557304,2.2599602,-0.8330879
2372,65.78328,67.585724,65.78328,1.8024445,0.0
2373,67.32784,68.85381,66.90711,1.5259705,-0.4207306
2374,63.95824,65.301994,63.857147,1.3437538,-0.10109329
2375,69.56045,71.7157,69.18641,2.1552505,-0.3740387
2376,66.938705,68.76788,66.42472,1.8291779,-0.5139847
2377,68.7862,70.27891,68.530655,1.4927063,-0.25554657
2378,64.77005,67.40165,63.70886,2.6315994,-1.0611916
2379,66.528725,67.79856,66.528725,1.2698364,0.0
2380,64.04586,64.8688,63.426483,0.822937,-0.61937714
2381,67.33406,69.98329,67.33406,2.649231,0.0
2382,65.874146,67.60383,65.874146,1.7296829,0.0
2383,68.173546,69.505585,67.512924,1.3320389,-0.66062164
2384,66.48831,67.218285,65.96495,0.72997284,-0.5233612
2385,67.73908,72.67895,66.90642,4.939865,-0.8326645
2386,69.03956,72.13713,69.21606,3.0975723,0.17649841
2387,63.545288,64.718636,63.000427,1.1733475,-0.54486084
2388,68.88225,69.97137,68.55036,1.089119,-0.3318863
2389,65.49082,68.687744,64.72801,3.1969223,-0.76280975
2390,65.32692,66.80296,64.62023,1.4760437,-0.7066879
2391,68.57486,69.71654,68.32509,1.1416779,-0.24977112
2392,66.59131,68.91208,65.780815,2.3207703,-0.81049347
2393,66.044235,67.85739,65.58957,1.8131561,-0.45466614
2394,66.388176,68.93207,65.55187,2.543892,-0.8363037
2395,66.58563,68.29876,65.75423,1.7131271,-0.83140564
2396,70.2988,73.127235,69.904175,2.8284378,-0.3946228
2397,66.89536,69.24651,66.11681,2.3511505,-0.7785492
2398,69.31668,70.254036,68.811676,0.93735504,-0.5050049
2399,68.42585,69.7958,67.50649,1.3699493,-0.9193573
2400,68.98922,72.13258,68.04039,3.143364,-0.94882965
2401,65.48834,68.28641,65.25314,2.7980652,-0.23519897
2402,69.26335,70.85684,69.26335,1.5934906,0.0
2403,70.32615,70.80998,69.78081,0.4838333,-0.5453415
2404,68.60911,71.792725,68.33189,3.1836166,-0.27722168
2405,60.473476,61.7741,59.833874,1.3006248,-0.63960266
2406,65.23409,70.56758,64.6358,5.3334885,-0.5982895
2407,67.314766,67.995575,67.314766,0.680809,0.0
2408,68.17731,70.35337,68.17731,2.1760635,0.0
2409,69.53054,71.220024,69.13356,1.6894836,-0.3969803
2410,64.591576,66.27263,64.591576,1.6810532,0.0
2411,67.5871,69.63475,66.73192,2.0476532,-0.85517883
2412,63.13116,65.2004,62.74612,2.0692406,-0.38504028
2413,65.12791,64.12355,63.416706,-1.0043564,-1.7112007
2414,61.281185,63.887592,60.977867,2.6064072,-0.30331802
2415,68.618004,71.972145,68.03349,3.3541412,-0.5845108
2416,70.024254,72.8731,69.63624,2.8488464,-0.38801575
2417,62.173813,63.88969,61.805004,1.7158775,-0.36880875
2418,65.97426,68.592834,65.97426,2.618576,0.0
2419,67.98628,70.27438,67.51071,2.2881012,-0.47557068
2420,69.79697,72.00741,69.2141,2.2104416,-0.58286285
2421,61.009483,62.43936,60.368797,1.4298782,-0.64068604
2422,67.5642,70.30313,66.99053,2.7389297,-0.57366943
2423,63.86808,65.55183,63.551857,1.6837463,-0.31622314
2424,65.2913,69.10813,64.57547,3.8168335,-0.71582794
2425,67.72256,71.59565,66.796,3.8730927,-0.92655945
2426,67.70536,69.59125,67.00193,1.8858871,-0.7034302
2427,63.66159,65.48678,63.655025,1.8251877,-0.006565094
2428,71.25007,73.92412,70.873085,2.6740494,-0.37698364
2429,71.70344,74.62747,71.27901,2.924034,-0.42443085
2430,67.70395,69.21718,67.18053,1.5132294,-0.52342224
2431,72.00384,72.00384,72.00384,0.0,0.0
2432,68.137474,69.9381,67.128456,1.8006287,-1.009018
2433,66.06098,68.181435,66.06098,2.120453,0.0
2434,65.21921,67.38065,64.34762,2.1614456,-0.87158966
2435,67.75872,70.288826,67.548164,2.5301056,-0.21055603
2436,66.59711,67.252686,66.59711,0.6555786,0.0
2437,60.754185,63.521076,60.389618,2.7668915,-0.3645668
2438,63.24118,65.16865,63.003136,1.9274673,-0.23804474
2439,71.65577,73.64734,71.65577,1.9915695,0.0
2440,64.45788,67.50454,64.424385,3.0466614,-0.033493042
2441,72.19533,73.11855,70.54899,0.9232254,-1.6463394
2442,72.95203,74.477036,72.891075,1.5250092,-0.060951233
2443,69.65685,71.8277,69.09351,2.170845,-0.56333923
2444,64.57753,66.85911,64.04777,2.281578,-0.52976227
2445,68.52197,71.73921,67.62399,3.2172394,-0.89797974
2446,70.14686,71.610275,69.60612,1.463417,-0.54074097
2447,66.426025,67.67245,65.95235,1.2464218,-0.4736786
2448,69.16385,72.58192,68.56577,3.418068,-0.59807587
2449,67.72502,69.13821,67.57682,1.4131851,-0.14820099
2450,73.2595,77.42635,72.42762,4.166855,-0.83187866
2451,62.672962,63.49904,62.672962,0.8260765,0.0
2452,66.209305,69.13431,65.95017,2.925003,-0.2591324
2453,61.317097,63.377277,60.57912,2.0601807,-0.7379761
2454,73.1438,77.14591,72.77299,4.0021133,-0.37081146
2455,67.51631,68.42752,66.98396,0.9112091,-0.53234863
2456,63.199223,64.497765,62.739452,1.298542,-0.4597702
2457,73.89642,75.76366,73.4458,1.8672333,-0.45062256
2458,68.80324,70.124,68.31978,1.3207626,-0.48345947
2459,71.273964,72.48737,70.79817,1.2134094,-0.47579193
2460,65.15493,69.46408,64.89852,4.3091507,-0.2564087
2461,67.89862,71.29032,67.70204,3.3917007,-0.19657898
2462,68.74257,70.9153,68.27971,2.1727295,-0.4628601
2463,69.93073,71.56964,68.98773,1.6389084,-0.9430008
2464,68.907646,68.02748,68.907646,-0.8801651,0.0
2465,64.2373,65.55501,63.88492,1.3177109,-0.35237885
2466,73.43543,76.52523,73.43543,3.089798,0.0
2467,69.66284,71.56665,69.13502,1.9038086,-0.5278244
2468,67.31802,69.609886,67.01812,2.2918625,-0.29990387
2469,67.46078,68.750435,67.46078,1.2896576,0.0
2470,68.07303,69.95978,67.23542,1.8867493,-0.83760834
2471,69.08599,69.64703,68.782265,0.5610428,-0.3037262
2472,72.633896,74.80082,72.38228,2.1669235,-0.25161743
2473,66.24278,67.25809,66.24278,1.0153046,0.0
2474,66.05468,69.28198,65.864655,3.2273026,-0.19002533
2475,69.89155,71.320045,69.89155,1.4284973,0.0
2476,71.22695,73.457695,70.75474,2.2307434,-0.47221375
2477,67.483315,70.15429,66.92076,2.6709747,-0.5625534
2478,71.15095,74.54332,71.15095,3.3923721,0.0
2479,67.74378,69.76739,67.16716,2.0236053,-0.576622
2480,66.66342,68.41296,66.15073,1.7495346,-0.5126953
2481,65.85983,68.88193,65.02235,3.0220947,-0.83748627
2482,70.86176,73.64349,69.997826,2.7817307,-0.8639374
2483,66.774925,70.672676,66.774925,3.8977509,0.0
2484,62.2232,63.15533,61.37023,0.9321289,-0.8529701
2485,61.176277,63.18972,61.176277,2.013443,0.0
2486,61.47124,61.677925,60.74189,0.20668411,-0.72935104
2487,68.6541,71.94561,68.305,3.2915115,-0.3490982
2488,65.70241,67.50373,65.70241,1.8013229,0.0
2489,68.725685,73.49766,68.725685,4.7719727,0.0
2490,62.818604,64.76852,62.818604,1.949913,0.0
2491,71.281395,74.96317,70.63958,3.681778,-0.6418152
2492,67.99689,70.78066,67.42598,2.7837753,-0.5709076
2493,70.19875,72.44017,70.19875,2.241417,0.0
2494,62.15709,62.73142,62.15709,0.5743294,0.0
2495,64.30786,64.80873,64.30786,0.50086975,0.0
2496,70.73031,73.45329,70.1108,2.7229843,-0.61950684
2497,66.57395,67.78904,66.57395,1.2150879,0.0
2498,67.19834,67.969826,66.599014,0.7714844,-0.5993271
2499,67.33147,70.23676,66.82056,2.9052963,-0.51091003
2500,68.85535,74.23669,67.96603,5.38134,-0.8893204
2501,64.93158,65.53396,64.66526,0.60237885,-0.26631927
2502,63.52835,64.37732,63.194424,0.8489685,-0.33392715
2503,69.48894,71.11201,69.35096,1.6230698,-0.1379776
2504,64.67376,65.67931,64.67376,1.0055542,0.0
2505,66.95484,67.59955,66.95484,0.6447067,0.0
2506,65.244736,67.39377,64.59173,2.1490326,-0.6530075
2507,70.74696,73.600136,70.28994,2.8531723,-0.45702362
2508,66.514946,71.11277,65.43126,4.597824,-1.0836868
2509,73.35207,74.77537,72.925934,1.4232941,-0.42613983
2510,64.378555,66.09576,63.83465,1.7172012,-0.54390717
2511,67.01227,67.32545,66.41032,0.31317902,-0.6019516
2512,72.923775,72.923775,72.767044,0.0,-0.15673065
2513,62.446796,63.681755,62.446796,1.2349586,0.0
2514,66.21221,68.905785,65.760056,2.693573,-0.45215607
2515,66.72073,69.464935,66.21608,2.7442017,-0.50465393
2516,67.65262,69.79137,66.97217,2.1387482,-0.68045044
2517,71.5548,73.5671,70.77845,2.0122986,-0.7763519
2518,67.03023,69.83383,66.478096,2.8036041,-0.55213165
2519,66.4822,67.466835,65.68605,0.9846344,-0.7961502
2520,67.804115,70.4702,66.17221,2.6660843,-1.6319046
2521,67.561584,71.47988,67.561584,3.9182968,0.0
2522,67.076416,68.0489,66.57867,0.9724808,-0.49774933
2523,68.30377,70.64355,67.26823,2.339775,-1.0355453
2524,65.364525,66.97617,64.82713,1.6116486,-0.53739166
2525,62.18561,63.537415,62.18561,1.3518028,0.0
2526,69.88834,72.673035,69.122536,2.7846909,-0.7658081
2527,62.779694,62.827858,62.508766,0.048164368,-0.27092743
2528,61.410225,62.55223,60.5514,1.1420059,-0.8588257
2529,66.480965,67.84098,66.24012,1.3600159,-0.24084473
2530,63.35195,64.00984,62.88018,0.6578903,-0.47177124
2531,63.514767,64.60438,63.321125,1.089611,-0.19364166
2532,65.11985,66.58766,64.583824,1.4678116,-0.536026
2533,67.08976,69.221466,66.45563,2.1317062,-0.6341324
2534,70.900696,72.73579,70.46477,1.8350906,-0.43592834
2535,69.14789,70.635376,68.389595,1.4874878,-0.75829315
2536,69.07033,71.02514,68.36125,1.9548111,-0.7090759
2537,65.68945,67.54877,64.67092,1.859314,-1.0185318
2538,72.16659,72.167046,71.65782,0.00045776367,-0.5087662
2539,66.85473,69.55049,66.52057,2.6957626,-0.33415985
2540,64.705,67.0749,63.989864,2.369896,-0.7151375
2541,73.97441,77.074615,73.32825,3.1002045,-0.64616394
2542,66.98863,68.84678,66.089355,1.8581467,-0.89927673
2543,73.00689,75.080086,72.23358,2.0731964,-0.7733078
2544,65.26439,67.50779,64.870735,2.2434006,-0.39365387
2545,69.35758,71.00923,68.77367,1.6516495,-0.5839157
2546,67.11842,68.056755,67.08646,0.9383316,-0.031967163
2547,67.9099,68.999725,67.9099,1.0898285,0.0
2548,63.31016,66.98797,62.368137,3.6778069,-0.94202423
2549,68.82302,73.265076,68.347046,4.4420547,-0.47597504
2550,61.64807,62.577896,61.64807,0.9298248,0.0
2551,66.865105,68.80359,66.11772,1.9384842,-0.7473831
2552,61.848194,63.664936,61.49853,1.816742,-0.34966278
2553,70.27954,72.436,69.51468,2.156456,-0.76486206
2554,70.032906,72.9752,69.29264,2.9422913,-0.7402649
2555,71.15254,74.26219,70.47036,3.1096497,-0.6821823
2556,68.97993,71.24961,68.51695,2.2696838,-0.46297455
2557,68.40542,70.927925,67.9501,2.5225067,-0.45531464
2558,66.987305,69.56163,66.60977,2.5743256,-0.37753296
2559,65.89298,66.90994,65.89298,1.0169601,0.0
2560,69.62891,70.65104,69.32035,1.0221329,-0.3085556
2561,65.06478,66.51674,64.50092,1.4519577,-0.56385803
2562,66.99802,69.05548,66.55232,2.0574646,-0.44569397
2563,64.6033,65.64413,64.6033,1.0408249,0.0
2564,67.72806,73.51289,67.72806,5.784836,0.0
2565,59.110287,58.80823,58.17377,-0.30205536,-0.9365158
2566,64.34109,65.43038,63.968174,1.0892944,-0.37291336
2567,68.18564,70.47406,67.99985,2.2884216,-0.18579102
2568,68.73894,70.73607,68.11637,1.9971313,-0.6225662
2569,69.67138,71.52827,69.13689,1.8568878,-0.5344925
2570,60.29349,61.87527,60.29349,1.5817795,0.0
2571,68.77582,71.88709,68.67535,3.1112747,-0.1004715
2572,66.09629,67.90632,65.406494,1.8100281,-0.68979645
2573,75.85684,75.85684,75.85684,0.0,0.0
2574,64.672966,66.00557,63.572353,1.3326035,-1.1006126
2575,65.93478,66.87357,65.62645,0.938797,-0.30832672
2576,70.15668,71.833435,69.9126,1.6767578,-0.24407959
2577,69.88237,70.91878,69.277405,1.0364075,-0.6049652
2578,66.59703,68.44,66.20831,1.8429718,-0.38871765
2579,64.18359,64.1488,63.7463,-0.03479004,-0.437294
2580,66.689995,69.0031,66.689995,2.3131027,0.0
2581,64.75215,66.275444,63.748695,1.5232925,-1.0034561
2582,68.519615,70.3974,68.08082,1.8777847,-0.438797
2583,66.20407,67.37961,65.731766,1.1755371,-0.4723053
2584,70.81214,72.11141,70.81214,1.2992706,0.0
2585,68.45297,72.380516,68.45297,3.9275436,0.0
2586,63.11215,64.848,62.7265,1.7358513,-0.38564682
2587,65.034035,66.12692,64.48315,1.0928879,-0.55088806
2588,65.56021,67.63193,65.57375,2.0717163,0.013542175
2589,70.79335,71.68887,70.59254,0.8955231,-0.2008133
2590,67.82899,69.39688,67.764534,1.567894,-0.064453125
2591,68.80346,70.34413,68.08629,1.5406723,-0.7171707
2592,66.78474,68.95592,66.24606,2.1711807,-0.5386734
2593,71.09687,74.26162,71.32226,3.1647491,0.22538757
2594,73.63484,76.00516,73.63484,2.3703156,0.0
2595,68.345924,70.75295,68.16644,2.4070282,-0.1794815
2596,69.81259,72.22679,69.735214,2.4141998,-0.07737732
2597,68.49344,72.70139,67.59866,4.2079544,-0.8947754
2598,61.908676,64.84776,61.908676,2.939087,0.0
2599,74.578,78.66403,74.225784,4.086029,-0.35221863
2600,67.75678,69.27641,67.39287,1.5196304,-0.3639145
2601,64.28913,65.51628,63.621418,1.22715,-0.66771317
2602,72.85752,75.667755,71.75344,2.810234,-1.1040802
2603,59.764328,61.372894,58.617867,1.6085663,-1.1464615
2604,64.90713,65.57608,64.51719,0.66895294,-0.38993835
2605,66.700775,67.27238,66.2342,0.57160187,-0.46657562
2606,67.16808,68.3878,66.54839,1.2197189,-0.61968994
2607,65.69346,66.929886,65.13916,1.2364273,-0.5542984
2608,71.15423,74.198326,71.15423,3.044098,0.0
2609,71.47236,75.475914,70.887184,4.0035553,-0.58517456
2610,65.87119,65.14298,64.78034,-0.72821045,-1.0908508
2611,70.544365,73.59146,68.73626,3.0470963,-1.8081055
2612,65.00896,66.01091,65.00896,1.0019531,0.0
2613,65.14048,66.90774,64.47216,1.7672577,-0.6683197
2614,69.03818,71.20335,68.55155,2.1651688,-0.48662567
2615,72.5752,75.94503,72.5752,3.3698273,0.0
2616,69.89674,72.50235,69.35649,2.605606,-0.5402527
2617,69.180145,72.55846,69.180145,3.3783112,0.0
2618,72.00067,73.34097,72.00067,1.3403015,0.0
2619,68.03953,70.17262,68.03953,2.1330948,0.0
2620,66.41158,68.00289,65.939156,1.5913086,-0.47242737
2621,64.04343,65.74151,63.582443,1.698082,-0.46098328
2622,70.95088,71.80242,70.53101,0.8515396,-0.41986847
2623,67.5676,71.11151,66.946495,3.5439148,-0.6211014
2624,68.967255,70.305244,68.46972,1.3379898,-0.4975357
2625,64.842545,66.42733,64.75301,1.5847855,-0.089530945
2626,66.72043,68.59523,66.34138,1.8748016,-0.3790512
2627,71.17783,73.17867,71.17783,2.0008392,0.0
2628,63.93282,64.77504,63.356537,0.8422203,-0.5762825
2629,67.23566,68.454865,67.23566,1.2192078,0.0
2630,70.18489,72.10932,69.748085,1.9244308,-0.43680573
2631,68.80655,71.41219,68.50029,2.6056442,-0.30625916
2632,68.78401,69.10707,68.48995,0.32305908,-0.29405975
2633,64.07528,66.249344,63.36102,2.1740646,-0.7142601
2634,67.14233,69.22579,66.98441,2.0834656,-0.15791321
2635,69.55416,73.65236,69.012024,4.098198,-0.54213715
2636,68.422745,69.7899,67.98741,1.367157,-0.43533325
2637,68.94246,71.347084,69.33317,2.404625,0.39070892
2638,66.37858,66.77591,65.87922,0.39733124,-0.49935913
2639,65.945305,67.0645,64.94507,1.119194,-1.0002365
2640,72.08354,73.46407,71.89592,1.3805313,-0.18762207
2641,68.46551,69.16778,67.516785,0.7022705,-0.94872284
2642,71.59567,73.4598,71.32999,1.8641281,-0.26568604
2643,66.67585,67.49178,66.18038,0.8159332,-0.49546814
2644,66.31209,69.61863,65.81722,3.3065414,-0.49486542
2645,63.03382,63.987858,62.54574,0.9540367,-0.4880829
2646,71.54235,73.348434,70.79264,1.8060837,-0.7497101
2647,70.855354,73.56352,70.58767,2.708168,-0.26768494
2648,63.80633,65.41863,63.667557,1.6123009,-0.13877487
2649,64.304955,67.01274,64.18086,2.7077866,-0.1240921
2650,67.51751,68.943634,66.5379,1.4261246,-0.9796066
2651,64.358955,66.30339,63.695656,1.9444351,-0.66329956
2652,62.95147,65.12798,62.32576,2.1765137,-0.62570953
2653,66.152824,68.670494,66.152824,2.5176697,0.0
2654,68.053955,70.93675,67.55311,2.8827972,-0.50084686
2655,70.60749,72.30005,70.60749,1.6925583,0.0
2656,69.49747,70.87231,69.28366,1.3748398,-0.21380615
2657,67.3051,67.90532,66.930244,0.6002197,-0.37485504
2658,67.06722,68.85117,67.1712,1.7839508,0.10398102
2659,65.01982,66.653915,64.82446,1.6340942,-0.19535828
2660,69.08242,70.28995,69.08242,1.2075272,0.0
2661,72.34436,75.26199,72.34436,2.917633,0.0
2662,68.76364,70.43703,68.52555,1.6733856,-0.23809052
2663,71.8347,74.169815,71.08034,2.3351135,-0.754364
2664,68.08455,70.629524,68.08455,2.5449753,0.0
2665,70.70968,74.96855,70.08882,4.258873,-0.62085724
2666,60.7778,63.6856,60.7778,2.9077988,0.0
2667,65.66405,67.91854,65.49723,2.2544937,-0.16681671
2668,66.33052,68.35339,65.71633,2.022873,-0.61418915
2669,66.996124,68.95682,66.996124,1.9606934,0.0
2670,66.68149,67.41334,66.68149,0.7318497,0.0
2671,75.95294,78.20513,74.311806,2.2521896,-1.6411362
2672,68.23142,68.69154,67.695335,0.46012115,-0.53608704
2673,64.79967,65.69329,64.54482,0.89362335,-0.25484467
2674,68.861046,71.22523,68.46649,2.3641815,-0.39455414
2675,64.1481,63.67513,63.96149,-0.47297287,-0.18661118
2676,64.01053,64.93453,63.586296,0.9240036,-0.42423248
2677,68.11957,71.15824,67.55393,3.0386734,-0.5656357
2678,69.17796,71.66507,68.78012,2.4871063,-0.3978424
2679,66.67872,68.24601,66.08421,1.5672913,-0.5945053
2680,66.832794,68.07414,66.63561,1.2413483,-0.1971817
2681,67.62716,69.11967,67.06705,1.4925079,-0.560112
2682,63.17302,64.933655,63.04145,1.7606354,-0.13156891
2683,61.775875,62.90625,61.117878,1.1303749,-0.65799713
2684,69.84538,71.26852,69.84538,1.4231339,0.0
2685,70.16016,72.18395,69.38651,2.023796,-0.7736435
2686,68.01736,71.10412,68.01736,3.0867615,0.0
2687,68.26976,70.61265,67.95303,2.3428879,-0.31672668
2688,64.11512,67.0654,63.36354,2.9502792,-0.7515793
2689,65.896965,68.2056,65.87318,2.308632,-0.023788452
2690,65.36064,67.69211,64.90741,2.3314667,-0.4532318
2691,68.99496,72.47831,68.99496,3.4833527,0.0
2692,70.93367,72.98487,70.20305,2.0512009,-0.73062134
2693,66.406654,68.739006,65.88563,2.3323517,-0.5210266
2694,67.30365,69.29074,67.10583,1.9870911,-0.19782257
2695,67.57883,70.1049,66.78963,2.5260696,-0.7891998
2696,63.94907,66.06558,62.74343,2.1165123,-1.2056389
2697,63.51756,64.58738,63.18925,1.0698204,-0.3283081
2698,65.763374,66.793434,65.322105,1.0300598,-0.44126892
2699,69.34782,71.809395,68.845894,2.4615784,-0.5019226
2700,69.74158,72.758606,69.74158,3.0170288,0.0
2701,68.53148,72.10535,68.54646,3.5738678,0.014984131
2702,69.590965,73.15764,68.26369,3.5666733,-1.3272781
2703,72.41082,73.97424,72.41082,1.5634232,0.0
2704,70.55816,73.79322,70.14707,3.2350616,-0.41108704
2705,68.440926,71.41001,68.08558,2.9690857,-0.35534668
2706,67.24248,70.72454,66.84852,3.4820633,-0.39395905
2707,63.8012,64.88586,63.8012,1.0846558,0.0
2708,70.93995,75.45742,70.54991,4.5174713,-0.39003754
2709,69.33408,71.42826,68.91142,2.0941772,-0.42266083
2710,64.98242,67.357544,64.23683,2.375122,-0.7455902
2711,62.63847,64.081215,61.848495,1.4427452,-0.7899742
2712,60.85911,62.23565,60.574394,1.3765373,-0.28471756
2713,69.38654,72.48413,69.08864,3.0975876,-0.29790497
2714,66.51041,70.36006,65.79928,3.8496552,-0.71112823
2715,69.922806,71.8219,69.36168,1.8990936,-0.5611267
2716,69.80767,69.69809,69.80767,-0.10958099,0.0
2717,65.192696,66.32786,65.28118,1.1351624,0.08848572
2718,69.84225,71.48724,69.35207,1.6449966,-0.49017334
2719,70.47218,74.64768,70.47218,4.175499,0.0
2720,61.970936,62.48819,61.050613,0.5172539,-0.9203224
2721,65.819824,69.13368,65.31592,3.313858,-0.50390625
2722,66.477974,69.52495,65.89577,3.0469742,-0.5822067
2723,67.52926,68.90422,67.52926,1.3749619,0.0
2724,71.446655,72.481705,71.280334,1.0350494,-0.1663208
2725,63.783398,64.74433,63.17194,0.9609337,-0.6114578
2726,66.24096,67.83601,66.30085,1.5950546,0.059890747
2727,70.029434,72.73502,69.02305,2.7055893,-1.0063858
2728,67.436195,71.9338,67.436195,4.4976044,0.0
2729,72.67977,75.01253,72.09381,2.332756,-0.5859604
2730,69.441444,71.64532,69.07538,2.2038727,-0.36606598
2731,68.81984,70.38568,67.54905,1.5658417,-1.2707901
2732,62.614277,63.785442,62.43074,1.1711655,-0.18353653
2733,63.37736,65.52354,62.13025,2.1461754,-1.2471123
2734,64.910385,67.15176,63.53986,2.2413712,-1.3705254
2735,73.562096,74.80985,73.562096,1.247757,0.0
2736,67.060974,69.32365,66.556786,2.2626724,-0.50418854
2737,68.28908,69.91888,68.28908,1.6297989,0.0
2738,61.028076,62.95918,60.673393,1.9311028,-0.35468292
2739,68.34989,70.37708,68.34989,2.0271912,0.0
2740,66.80854,68.729744,66.24125,1.9212036,-0.56729126
2741,64.606964,68.39456,63.73833,3.7875977,-0.8686333
2742,63.740147,65.48077,62.987087,1.7406197,-0.7530594
2743,62.08064,63.584347,62.08406,1.5037079,0.0034217834
2744,69.42101,70.74012,69.42101,1.319107,0.0
2745,66.44135,67.05048,65.9438,0.60913086,-0.49755096
2746,67.55225,70.95748,66.82393,3.4052277,-0.7283249
2747,65.35566,66.45965,64.80621,1.1039886,-0.5494461
2748,65.24687,67.71437,64.60192,2.4674988,-0.64495087
2749,64.23889,66.03499,64.12006,1.7960968,-0.11882782
2750,65.25812,66.3949,64.94816,1.1367798,-0.3099594
2751,65.33097,65.92732,64.99831,0.5963516,-0.3326645
2752,71.90488,75.324425,71.90488,3.419548,0.0
2753,68.76969,71.20839,68.28996,2.4386978,-0.4797287
2754,61.94156,63.38263,61.52604,1.4410706,-0.4155197
2755,65.9712,67.2832,66.43491,1.3120041,0.4637146
2756,67.716255,68.80636,67.716255,1.0901031,0.0
2757,67.458565,70.512985,67.01839,3.0544205,-0.44017792
2758,68.591835,71.840805,68.06904,3.24897,-0.52279663
2759,64.24955,66.21148,64.24955,1.9619293,0.0
2760,68.76797,73.531876,68.76797,4.7639084,0.0
2761,68.79413,70.93902,68.79413,2.1448898,0.0
2762,60.400654,61.91446,59.62212,1.5138054,-0.77853394
2763,72.98019,74.95961,72.68647,1.9794235,-0.29371643
2764,64.893974,67.31566,64.35523,2.4216843,-0.53874207
2765,70.56562,74.01895,70.15963,3.453331,-0.4059906
2766,72.43975,76.38789,71.99162,3.948143,-0.44812775
2767,72.63479,73.851105,71.96381,1.2163162,-0.67097473
2768,68.865265,71.5437,68.68332,2.6784363,-0.1819458
2769,65.92334,68.04408,65.660385,2.1207428,-0.2629547
2770,66.16925,68.39154,66.16925,2.22229,0.0
2771,65.60169,66.16704,64.83391,0.56534576,-0.7677841
2772,64.97786,68.63794,64.204414,3.66008,-0.7734451
2773,64.15318,66.11784,64.15318,1.9646606,0.0
2774,68.64282,70.609535,68.38535,1.966713,-0.25746918
2775,69.47864,71.78364,69.160645,2.3050003,-0.31799316
2776,64.270676,65.623604,63.8977,1.3529282,-0.3729744
2777,66.3191,70.28425,66.3191,3.965149,0.0
2778,66.75483,68.332344,66.8467,1.5775146,0.09187317
2779,67.20687,69.235245,67.18738,2.0283737,-0.019493103
2780,67.32615,69.17054,66.85569,1.8443909,-0.47045898
2781,64.31533,65.073494,64.25206,0.75816345,-0.06327057
2782,61.726234,63.035152,60.837612,1.308918,-0.8886223
2783,68.0303,68.646324,67.23385,0.61602783,-0.79644775
2784,67.85028,70.91171,67.47252,3.061432,-0.37776184
2785,64.937126,66.51813,64.47432,1.5810013,-0.4628067
2786,63.826218,65.99287,63.232887,2.1666489,-0.5933304
2787,66.46341,68.59421,65.75118,2.1307983,-0.71222687
2788,64.45658,66.57573,63.508976,2.1191483,-0.94760513
2789,65.11843,65.57643,64.61457,0.45800018,-0.5038605
2790,64.6885,65.95169,64.50848,1.2631912,-0.1800232
2791,71.37815,73.26851,70.777214,1.890358,-0.6009369
2792,63.702305,64.903275,63.32815,1.2009697,-0.37415314
2793,63.318394,65.0589,62.513218,1.7405052,-0.8051758
2794,67.501564,70.235596,67.501564,2.7340317,0.0
2795,67.04082,68.338776,67.04082,1.2979584,0.0
2796,69.80677,71.27729,69.17704,1.47052,-0.6297302
2797,71.08283,73.0553,70.76605,1.9724655,-0.3167801
2798,68.58029,70.399445,68.29198,1.8191528,-0.28831482
2799,71.68329,73.133255,71.66157,1.4499664,-0.021720886
2800,65.154564,66.77784,64.43559,1.6232758,-0.71897125
2801,67.458595,70.44261,67.458595,2.9840164,0.0
2802,69.5745,71.64312,68.92831,2.0686188,-0.64619446
2803,67.50988,68.84153,67.15985,1.3316498,-0.350029
2804,66.64055,70.51558,65.65771,3.8750305,-0.9828415
2805,69.70164,72.02575,69.13591,2.324112,-0.56572723
2806,66.98877,68.04945,66.58825,1.0606842,-0.40052032
2807,65.9559,66.60782,65.9559,0.6519165,0.0
2808,66.35046,68.22521,65.99259,1.8747559,-0.35786438
2809,68.15437,70.147255,67.61985,1.9928818,-0.534523
2810,66.74203,68.53007,66.029236,1.7880402,-0.71279144
2811,65.27894,67.37264,64.51587,2.0937042,-0.76306915
2812,66.02693,68.86201,65.60609,2.8350754,-0.42084503
2813,68.22892,69.87326,68.17986,1.6443405,-0.049057007
2814,66.593704,66.45421,66.26318,-0.13949585,-0.33052063
2815,67.38043,68.896286,67.38043,1.5158539,0.0
2816,70.033165,73.7862,69.69682,3.7530365,-0.33634186
2817,71.0236,74.48844,70.6009,3.4648438,-0.42269897
2818,61.10173,62.302094,60.281525,1.2003632,-0.8202057
2819,63.13213,63.916786,62.76772,0.7846565,-0.3644104
2820,67.268456,69.97187,66.863335,2.703415,-0.40512085
2821,66.068016,67.198074,66.068016,1.1300583,0.0
2822,69.09678,71.85841,68.79643,2.7616348,-0.30034637
2823,66.94162,68.621414,66.60456,1.6797943,-0.33705902
2824,69.7305,70.98804,69.40846,1.2575378,-0.32203674
2825,65.487015,66.88903,64.99441,1.4020157,-0.49260712
2826,68.314316,70.18678,67.85529,1.872467,-0.45902252
2827,59.294914,60.512573,59.294914,1.217659,0.0
2828,62.021816,62.67304,61.568478,0.6512222,-0.45333862
2829,65.39754,67.94884,65.39754,2.5513,0.0
2830,60.825554,61.91288,60.825554,1.087326,0.0
2831,60.527443,61.51164,60.04626,0.9841957,-0.4811821
2832,65.20447,67.55069,65.20447,2.346222,0.0
2833,64.23122,67.331154,63.89714,3.0999374,-0.33407593
2834,69.22215,71.68787,69.09491,2.4657135,-0.12724304
2835,71.50068,72.93893,71.50068,1.4382477,0.0
2836,66.31254,68.2095,65.66228,1.896965,-0.6502609
2837,63.688885,66.18778,63.688885,2.4988976,0.0
2838,75.01123,76.95162,75.15382,1.9403915,0.14258575
2839,63.36131,65.75174,63.36131,2.3904305,0.0
2840,73.53018,76.69578,73.16695,3.165596,-0.36323547
2841,71.543304,73.48438,70.788185,1.9410782,-0.7551193
2842,66.63471,69.03076,66.63471,2.3960495,0.0
2843,65.34377,66.92116,65.30754,1.577385,-0.036231995
2844,70.26459,70.66742,69.98567,0.40283203,-0.2789154
2845,69.72793,70.353325,69.27724,0.6253967,-0.45069122
2846,65.309105,66.48977,64.75608,1.1806641,-0.5530243
2847,60.83026,62.678734,60.30009,1.8484726,-0.53017044
2848,64.58985,67.16218,64.08844,2.5723267,-0.50141144
2849,63.14143,65.27361,63.14143,2.132183,0.0
2850,70.052536,71.49353,70.0305,1.4409943,-0.022033691
2851,63.423473,64.43867,63.005238,1.0151939,-0.41823578
2852,63.159653,64.52685,62.855938,1.3671951,-0.30371475
2853,68.05594,69.61515,68.045845,1.5592117,-0.010093689
2854,72.15324,74.077324,71.67028,1.9240875,-0.48295593
2855,63.088123,64.68123,62.582752,1.5931053,-0.5053711
2856,63.324062,65.01909,62.785793,1.6950264,-0.53826904
2857,71.11124,73.290115,70.75968,2.1788788,-0.35155487
2858,67.26822,71.40834,67.02947,4.1401215,-0.23874664
2859,70.01661,72.69112,69.575264,2.6745071,-0.4413452
2860,64.13059,65.86196,63.359997,1.731369,-0.77059555
2861,68.67377,72.72051,68.12141,4.0467453,-0.55236053
2862,66.55441,68.92228,66.1866,2.3678665,-0.3678131
2863,70.663025,71.09044,70.21708,0.42741394,-0.44594574
2864,66.92083,70.11098,66.92083,3.1901474,0.0
2865,68.63527,71.08367,67.917366,2.4484024,-0.71790314
2866,71.78276,74.1942,71.370575,2.411438,-0.41218567
2867,73.480156,76.787865,73.11467,3.3077087,-0.36548615
2868,60.489285,61.119247,59.795765,0.6299629,-0.6935196
2869,75.68661,77.51545,75.11399,1.8288422,-0.5726166
2870,67.301445,69.487236,67.39116,2.185791,0.08971405
2871,63.5956,65.1393,63.5956,1.5436974,0.0
2872,66.62161,68.58606,66.153885,1.964447,-0.46772766
2873,68.48488,70.4999,67.86056,2.0150223,-0.624321
2874,70.53278,73.605705,70.175316,3.0729218,-0.35746765
2875,67.95594,69.542145,67.95594,1.5862045,0.0
2876,69.53655,71.927986,68.748085,2.3914337,-0.7884674
2877,70.05734,73.33934,70.05734,3.2819977,0.0
2878,63.7913,65.78672,62.697437,1.9954185,-1.0938644
2879,70.056145,72.61142,69.48182,2.555275,-0.57432556
2880,69.25217,70.16205,68.8013,0.9098816,-0.4508667
2881,62.636196,63.94451,62.717587,1.3083153,0.08139038
2882,70.147995,72.15586,69.71057,2.007866,-0.4374237
2883,62.916016,64.33218,62.916016,1.4161606,0.0
2884,70.10145,71.96243,69.58938,1.8609848,-0.5120697
2885,73.511566,76.713394,73.511566,3.201828,0.0
2886,64.944275,66.18944,64.4462,1.245163,-0.4980774
2887,65.643074,66.72613,64.62024,1.0830536,-1.0228348
2888,66.36046,67.72341,65.82382,1.3629532,-0.53663635
2889,67.1281,67.18602,67.0241,0.057922363,-0.10399628
2890,69.36769,70.095436,69.62098,0.72774506,0.25328827
2891,65.28591,66.86818,64.59102,1.5822678,-0.6948929
2892,68.79662,71.42313,68.30552,2.626503,-0.49110413
2893,63.925537,65.66524,63.925537,1.7397003,0.0
2894,69.83157,70.89307,69.15313,1.0614929,-0.6784439
2895,69.99139,71.57964,70.05845,1.5882568,0.06706238
2896,70.506294,74.20495,70.506294,3.6986542,0.0
2897,66.13106,67.24228,65.97157,1.1112213,-0.15948486
2898,74.8093,75.84968,74.8093,1.0403748,0.0
2899,66.6352,67.76887,65.776695,1.133667,-0.85850525
2900,66.14984,68.86208,66.08062,2.7122421,-0.0692215
2901,65.52432,67.47253,65.52432,1.948204,0.0
2902,67.939026,71.035774,67.7694,3.0967484,-0.16962433
2903,66.81687,68.06373,66.60679,1.2468567,-0.21008301
2904,66.88426,70.77192,66.88426,3.8876572,0.0
2905,63.644592,64.77903,63.040497,1.1344376,-0.60409546
2906,65.605194,66.36939,65.03714,0.7641983,-0.5680542
2907,70.82916,72.254974,70.82916,1.4258118,0.0
2908,61.25849,63.131798,60.85868,1.8733063,-0.3998108
2909,65.674286,68.0379,65.674286,2.363617,0.0
2910,63.600986,64.638,63.600986,1.037014,0.0
2911,60.8141,62.017204,60.195362,1.2031059,-0.61873627
2912,71.48923,73.62742,71.46052,2.1381912,-0.028709412
2913,60.209816,62.32431,59.763638,2.1144943,-0.44617844
2914,65.86927,68.06736,65.86927,2.1980896,0.0
2915,73.45153,75.29132,72.56207,1.8397903,-0.8894577
2916,73.9337,75.61666,73.9337,1.6829605,0.0
2917,69.00929,72.06177,68.53745,3.052475,-0.4718399
2918,67.07736,69.79421,66.58785,2.7168503,-0.48950958
2919,64.42084,67.7343,64.42084,3.3134613,0.0
2920,68.67435,70.89706,67.95155,2.2227097,-0.7227936
2921,66.36329,68.54919,65.636696,2.1858978,-0.726593
2922,73.85619,77.02385,73.06134,3.167656,-0.7948532
2923,60.220345,62.48617,59.841103,2.2658272,-0.37924194
2924,66.022125,67.863625,65.22549,1.8414993,-0.7966385
2925,60.38234,62.459705,60.38234,2.0773659,0.0
2926,68.583,71.54662,68.583,2.963623,0.0
2927,68.27386,69.4492,67.86282,1.1753464,-0.41103363
2928,73.24214,75.80686,72.81252,2.5647202,-0.42961884
2929,68.05007,70.25849,68.05007,2.2084198,0.0
2930,66.37175,67.50261,65.45804,1.1308594,-0.91371155
2931,69.353615,70.53591,68.81003,1.1822968,-0.54358673
2932,61.25564,64.74872,61.25564,3.4930801,0.0
2933,66.777664,68.24987,66.34868,1.4722061,-0.4289856
2934,68.65119,72.03261,68.48284,3.3814163,-0.16835022
2935,62.009884,62.576797,62.009884,0.5669136,0.0
2936,70.295235,71.34606,70.094,1.050827,-0.20123291
2937,64.02935,65.48546,62.50304,1.4561081,-1.52631
2938,64.324196,66.076836,64.01419,1.7526398,-0.3100052
2939,66.769485,69.58772,65.90171,2.8182373,-0.86777496
2940,68.53806,70.15354,68.06502,1.6154785,-0.47304535
2941,69.799965,71.595116,69.6151,1.7951508,-0.18486786
2942,67.19257,67.78247,66.64494,0.58989716,-0.5476303
2943,63.79333,64.74841,63.355843,0.95508194,-0.43748856
2944,67.197754,68.11455,66.62223,0.9167938,-0.5755234
2945,65.56639,68.23948,64.988556,2.673088,-0.5778351
2946,68.53045,69.915016,68.1417,1.3845673,-0.38874817
2947,63.98404,65.37076,63.8124,1.3867188,-0.17163849
2948,67.35789,69.9921,67.35789,2.6342163,0.0
2949,69.0662,70.43263,68.72092,1.3664322,-0.3452835
2950,68.386734,69.93914,68.386734,1.5524063,0.0
2951,63.078724,64.97623,63.078724,1.8975029,0.0
2952,69.010376,71.01085,68.24698,2.000473,-0.7633972
2953,63.783894,65.421234,63.783894,1.6373405,0.0
2954,73.16851,75.73594,72.51002,2.5674286,-0.65849304
2955,66.10502,68.01988,65.782875,1.9148636,-0.32214355
2956,63.325844,64.80047,62.69698,1.4746246,-0.6288643
2957,72.53842,76.42373,72.06484,3.8853073,-0.4735794
2958,62.206745,63.328262,62.206745,1.1215172,0.0
2959,60.904297,63.51259,60.904297,2.6082916,0.0
2960,65.27588,71.07894,64.704765,5.8030624,-0.5711136
2961,70.11501,73.69515,69.31537,3.5801392,-0.7996445
2962,68.56516,71.08898,68.094826,2.523819,-0.4703369
2963,70.17243,72.037926,70.1603,1.8654938,-0.012130737
2964,65.05961,66.660515,65.05961,1.6009064,0.0
2965,68.75569,70.43667,69.004135,1.6809769,0.2484436
2966,67.80622,70.92804,67.29614,3.1218185,-0.51007843
2967,61.924797,63.59955,61.383793,1.6747513,-0.5410042
2968,63.506016,64.09943,63.2957,0.5934105,-0.2103157
2969,67.08021,70.25426,66.297966,3.1740494,-0.7822418
2970,71.52284,74.32869,71.56267,2.8058472,0.03982544
2971,68.02592,69.58653,68.02592,1.5606155,0.0
2972,66.224625,67.64325,66.224625,1.4186249,0.0
2973,69.878235,71.7699,69.54443,1.8916626,-0.33380127
2974,62.465805,63.87348,61.77148,1.4076767,-0.6943245
2975,70.4707,72.77595,67.840775,2.3052444,-2.6299286
2976,71.48608,75.89897,71.0356,4.412895,-0.4504776
2977,65.43232,68.31722,64.78103,2.884903,-0.6512909
2978,69.79068,74.55558,69.79068,4.7649,0.0
2979,66.8653,68.843414,66.448,1.9781113,-0.417305
2980,70.94499,71.72143,70.538605,0.77643585,-0.40638733
2981,67.23308,69.12422,66.60099,1.8911438,-0.6320877
2982,70.2926,71.784134,69.703865,1.4915314,-0.5887375
2983,73.916794,75.57138,73.76159,1.6545868,-0.15520477
2984,69.04476,71.709465,68.46432,2.6647034,-0.58044434
2985,64.8338,66.612206,64.208954,1.7784042,-0.6248474
2986,72.06192,75.35118,71.79068,3.2892609,-0.27124023
2987,65.146454,67.30875,65.34611,2.1622925,0.19965363
2988,65.0716,65.77627,64.88647,0.70466614,-0.18513489
2989,69.13687,70.83613,69.13687,1.6992569,0.0
2990,67.36117,69.81008,66.67158,2.4489136,-0.68959045
2991,67.323845,70.10245,67.218315,2.7786026,-0.105529785
2992,65.95236,68.55612,65.50998,2.6037598,-0.4423828
2993,65.80097,68.59831,65.80097,2.7973404,0.0
2994,67.052216,67.948074,66.37787,0.89585876,-0.6743469
2995,68.24565,71.90468,66.8796,3.659027,-1.3660507
2996,69.316864,70.67674,68.71387,1.3598785,-0.6029968
2997,63.872612,65.97666,63.872612,2.1040497,0.0
2998,66.13098,67.87135,65.801125,1.7403717,-0.32985687
2999,73.371506,75.58475,73.05232,2.2132416,-0.31918335
3000,70.57969,76.06437,69.43229,5.48468,-1.1473999
3001,69.28777,71.807205,69.28777,2.519432,0.0
3002,71.97416,77.07749,70.88374,5.1033325,-1.090416
3003,66.656784,67.3712,66.037285,0.7144165,-0.6194992
3004,70.84715,73.80816,70.84715,2.9610062,0.0
3005,64.606895,66.02806,64.606895,1.4211655,0.0
3006,67.50726,69.08175,66.84418,1.5744858,-0.66308594
3007,66.2582,68.08698,65.778435,1.8287811,-0.47976685
3008,63.945824,65.267654,63.6559,1.3218307,-0.28992462
3009,64.005264,66.62282,63.581978,2.6175537,-0.42328644
3010,66.081154,69.530525,66.081154,3.4493713,0.0
3011,68.33498,70.425674,67.764824,2.0906982,-0.5701523
3012,63.613388,64.799965,63.375996,1.1865768,-0.23739243
3013,71.35002,72.936165,71.35002,1.5861435,0.0
3014,62.78078,63.877945,62.126137,1.0971642,-0.654644
3015,63.973034,65.46904,63.241558,1.496006,-0.73147583
3016,68.71726,70.203,68.356476,1.4857407,-0.36078644
3017,65.42416,66.94729,65.23391,1.5231323,-0.19024658
3018,69.82781,72.552986,69.559074,2.725174,-0.2687378
3019,63.87123,66.69816,63.87123,2.8269272,0.0
3020,66.618614,67.962715,66.330475,1.344101,-0.28813934
3021,65.49742,67.19681,65.099396,1.6993866,-0.3980255
3022,64.92388,65.66262,64.15838,0.738739,-0.7655029
3023,67.99509,68.82027,67.26638,0.82518005,-0.72870636
3024,73.00576,75.629944,72.69916,2.6241837,-0.30660248
3025,70.828415,72.54086,70.828415,1.7124481,0.0
3026,65.47731,69.410095,65.561295,3.932785,0.083984375
3027,68.578445,70.72777,68.578445,2.1493225,0.0
3028,67.78305,68.965904,67.29028,1.1828537,-0.49276733
3029,69.06699,70.837074,68.52576,1.7700806,-0.5412369
3030,61.31794,62.354626,60.933365,1.036686,-0.3845749
3031,68.43682,70.86333,68.30192,2.426506,-0.13490295
3032,63.910404,67.69705,63.10278,3.7866478,-0.8076248
3033,68.4822,69.972565,67.60373,1.4903641,-0.8784714
3034,70.28907,74.176796,69.81486,3.8877258,-0.47421265
3035,73.19831,75.348625,72.08021,2.1503143,-1.118103
3036,64.381134,66.52331,64.381134,2.1421738,0.0
3037,69.24297,71.0924,69.02884,1.8494263,-0.21413422
3038,66.319115,68.03068,65.88441,1.7115631,-0.43470764
3039,68.89608,70.42782,68.89608,1.5317383,0.0
3040,70.13539,71.26275,69.698685,1.1273575,-0.43670654
3041,63.149097,63.84505,62.40863,0.69595337,-0.7404671
3042,64.66937,65.98963,64.01682,1.3202591,-0.65254974
3043,64.41977,66.578964,63.955223,2.159195,-0.4645462
3044,67.462265,68.95176,67.188156,1.4894943,-0.2741089
3045,62.718697,63.858963,62.2529,1.1402664,-0.46579742
3046,69.45318,71.303825,69.08486,1.850647,-0.36831665
3047,67.91398,69.693535,67.209564,1.7795563,-0.70441437
3048,64.45016,66.06499,64.45016,1.61483,0.0
3049,67.91515,69.52157,67.35683,1.6064148,-0.5583267
3050,65.69958,66.34302,65.60569,0.64344025,-0.09388733
3051,76.65801,77.08248,74.32873,0.424469,-2.3292847
3052,72.34217,74.88296,71.951744,2.5407867,-0.39042664
3053,70.86606,73.20937,70.86606,2.3433151,0.0
3054,68.08537,68.90764,67.59937,0.8222656,-0.48600006
3055,64.88763,66.857574,64.88763,1.9699478,0.0
3056,68.11599,70.00776,68.11599,1.8917694,0.0
3057,63.639164,65.28867,63.639164,1.6495094,0.0
3058,67.16664,67.93412,66.485176,0.76747894,-0.68146515
3059,69.633575,71.74533,69.88226,2.1117554,0.24868774
3060,62.690624,63.120827,62.328396,0.43020248,-0.3622284
3061,67.74433,69.35688,67.18414,1.6125488,-0.5601883
3062,68.49222,71.19333,69.06751,2.7011108,0.5752945
3063,68.38545,69.51213,68.08213,1.1266785,-0.30332184
3064,64.1885,66.00878,63.82362,1.820282,-0.3648796
3065,65.58644,66.285484,65.39053,0.6990433,-0.1959076
3066,70.161385,71.61526,69.41259,1.4538727,-0.74879456
3067,68.37636,69.758514,67.859116,1.3821564,-0.51724243
3068,67.13044,69.69154,66.38749,2.5611038,-0.74295044
3069,66.8354,68.34138,66.8354,1.5059738,0.0
3070,65.7693,65.807144,66.071396,0.037841797,0.3020935
3071,67.18295,67.68306,66.50107,0.5001068,-0.68188477
3072,64.552376,66.79341,63.95607,2.2410355,-0.59630585
3073,61.244057,63.305027,61.215813,2.0609703,-0.028244019
3074,68.63812,71.2466,68.200134,2.6084747,-0.43798828
3075,62.973797,64.968506,62.4497,1.994709,-0.52409744
3076,70.14042,71.4649,69.68447,1.3244781,-0.45594788
3077,66.4928,68.21928,65.5535,1.7264786,-0.93930054
3078,68.451836,71.68918,67.90313,3.2373428,-0.54870605
3079,63.521164,65.06358,63.101604,1.5424194,-0.41955948
3080,67.58061,69.05856,67.58061,1.477951,0.0
3081,64.906715,66.12947,64.74671,1.2227554,-0.16000366
3082,65.9852,67.24546,65.490654,1.2602615,-0.49454498
3083,65.7378,68.51301,65.28091,2.7752075,-0.45689392
3084,63.50723,65.582275,63.50723,2.0750465,0.0
3085,62.427795,63.828495,61.652393,1.4006996,-0.77540207
3086,64.8308,66.06446,64.8308,1.2336578,0.0
3087,66.36686,68.57317,65.62892,2.206314,-0.7379379
3088,68.86895,69.93907,68.86895,1.0701218,0.0
3089,69.97117,70.70505,69.00063,0.7338791,-0.9705353
3090,74.250465,75.80224,72.98396,1.5517731,-1.2665024
3091,69.6145,70.74999,69.6145,1.1354904,0.0
3092,68.447205,70.6242,67.54421,2.1769943,-0.90299225
3093,70.48619,71.547905,69.568756,1.0617142,-0.9174347
3094,68.12014,71.423355,68.12014,3.303215,0.0
3095,69.293396,70.828,68.24261,1.5346069,-1.0507889
3096,62.0888,64.09738,61.797127,2.008583,-0.29167175
3097,64.91104,66.29291,64.91104,1.3818665,0.0
3098,71.56955,73.95002,71.080696,2.3804703,-0.48885345
3099,71.575905,72.61033,71.575905,1.0344238,0.0
3100,63.174374,68.98327,62.487038,5.808895,-0.68733597
3101,71.28792,73.20207,70.60158,1.914154,-0.68634033
3102,66.56891,67.73506,65.79287,1.166153,-0.7760391
3103,68.2828,69.10607,67.986176,0.8232727,-0.29662323
3104,68.248085,69.38634,67.65595,1.1382523,-0.59213257
3105,66.40223,68.55381,65.83407,2.1515808,-0.568161
3106,63.22478,65.55241,63.22478,2.3276253,0.0
3107,68.61431,73.15754,67.87264,4.543228,-0.7416687
3108,66.42846,68.705475,66.11345,2.2770157,-0.31501007
3109,69.07727,70.28277,68.56094,1.2054977,-0.5163269
3110,63.36632,63.4163,62.96135,0.049980164,-0.40497208
3111,66.5943,69.24429,66.181,2.649994,-0.41329956
3112,68.98085,73.239555,68.98085,4.258705,0.0
3113,69.57488,71.037254,69.2744,1.4623718,-0.3004837
3114,70.26237,72.50228,69.835396,2.239914,-0.42697144
3115,67.599594,69.039444,66.962494,1.4398499,-0.6371002
3116,65.032,66.391205,65.032,1.3592072,0.0
3117,63.460087,64.919334,62.863934,1.4592476,-0.59615326
3118,70.600136,72.72934,69.90776,2.1292038,-0.6923752
3119,67.70024,71.09998,67.2145,3.3997421,-0.48574066
3120,69.131226,71.873474,69.131226,2.7422485,0.0
3121,75.97461,75.97461,75.86098,0.0,-0.1136322
3122,69.8496,71.42257,69.46962,1.5729675,-0.379982
3123,71.47327,74.89614,70.77773,3.4228745,-0.69553375
3124,69.841644,72.42575,69.578896,2.5841064,-0.26274872
3125,66.067894,67.48841,65.71781,1.420517,-0.3500824
3126,62.000668,61.663654,61.575863,-0.33701324,-0.4248047
3127,65.10509,65.714195,64.07998,0.609108,-1.0251083
3128,62.289333,62.849537,61.87588,0.56020355,-0.41345215
3129,66.39448,67.52214,65.9815,1.1276627,-0.41297913
3130,68.37553,69.58426,67.64223,1.2087326,-0.73329926
3131,69.61157,70.683174,69.17479,1.0716019,-0.43678284
3132,68.948685,70.868,68.5293,1.9193115,-0.41938782
3133,68.794174,71.269615,68.393425,2.475441,-0.4007492
3134,71.8549,75.258026,71.42329,3.4031296,-0.4316101
3135,68.63601,69.98216,68.17072,1.3461533,-0.46528625
3136,64.029884,64.93393,63.288128,0.9040451,-0.74175644
3137,72.51005,75.09325,71.22405,2.5831985,-1.2859955
3138,66.917336,70.60159,66.32692,3.6842575,-0.59041595
3139,70.84162,72.38431,69.77544,1.5426865,-1.066185
3140,69.97521,72.29279,69.42485,2.3175812,-0.55036163
3141,67.190735,69.60967,67.190735,2.4189377,0.0
3142,66.83506,68.72419,66.83506,1.8891296,0.0
3143,67.83207,70.40732,67.36664,2.5752487,-0.4654312
3144,62.081646,63.82145,62.081646,1.7398033,0.0
3145,70.105194,74.08057,69.42236,3.9753723,-0.6828308
3146,66.03704,68.41501,65.5973,2.3779678,-0.43974304
3147,66.96206,70.08319,66.691376,3.121132,-0.2706833
3148,68.01272,70.767296,68.01272,2.7545776,0.0
3149,65.1417,67.08187,64.86704,1.9401703,-0.2746582
3150,63.54368,65.77514,63.54368,2.2314606,0.0
3151,69.09806,71.006836,69.09806,1.9087753,0.0
3152,69.825836,70.83242,69.79968,1.0065842,-0.026153564
3153,65.25064,67.00181,64.83739,1.7511673,-0.41325378
3154,67.01964,68.95916,66.11618,1.9395218,-0.90345764
3155,67.52319,69.481476,67.335785,1.9582825,-0.18740845
3156,65.128105,67.03261,64.28998,1.9045029,-0.83812714
3157,70.32069,72.976,70.20911,2.6553116,-0.111579895
3158,63.979492,66.39211,63.48182,2.4126205,-0.49767303
3159,65.67793,68.083664,65.322105,2.4057312,-0.35582733
3160,66.692314,68.95488,66.13029,2.2625656,-0.562027
3161,67.32943,68.40935,66.802505,1.0799179,-0.52692413
3162,67.33766,69.00484,67.33766,1.6671753,0.0
3163,67.14048,67.98842,66.82469,0.84793854,-0.31578827
3164,65.75819,66.60027,65.08433,0.8420868,-0.67385864
3165,68.53735,70.413124,68.26723,1.8757706,-0.27012634
3166,67.0098,68.51081,66.51757,1.5010071,-0.49223328
3167,65.93937,68.594574,65.93937,2.6552048,0.0
3168,70.921936,74.569824,70.921936,3.6478882,0.0
3169,65.33069,68.114204,65.33069,2.783516,0.0
3170,65.34771,66.98907,65.34771,1.6413574,0.0
3171,71.15566,72.64777,70.41688,1.4921112,-0.7387848
3172,63.547203,65.10262,63.547203,1.5554199,0.0
3173,67.131714,68.960915,66.53698,1.8292007,-0.5947342
3174,65.163185,66.61141,65.163185,1.4482269,0.0
3175,74.79258,78.13626,74.01236,3.3436813,-0.78022003
3176,65.31889,66.869286,64.78518,1.5503922,-0.5337143
3177,67.594795,70.177124,67.037285,2.5823288,-0.5575104
3178,69.31803,71.07999,68.32673,1.7619553,-0.9913025
3179,64.73217,64.21704,64.59689,-0.5151291,-0.1352768
3180,65.847496,66.99198,65.392845,1.1444855,-0.45465088
3181,67.55825,70.012276,66.93127,2.4540253,-0.62698364
3182,65.8091,68.06737,65.226105,2.2582703,-0.58299255
3183,69.62142,71.79039,69.34037,2.1689682,-0.28105164
3184,72.377975,75.76807,72.50983,3.390091,0.1318512
3185,65.484924,68.08244,64.99796,2.597519,-0.48696136
3186,69.38233,70.60734,68.55945,1.2250061,-0.8228836
3187,61.887836,63.098095,61.506687,1.2102585,-0.3811493
3188,70.339386,71.015884,69.678535,0.6764984,-0.6608505
3189,67.68256,71.23292,67.51945,3.550354,-0.16311646
3190,66.539444,68.0057,65.90177,1.4662552,-0.6376724
3191,65.1282,68.39582,64.31051,3.267624,-0.817688
3192,73.573746,76.022896,73.363205,2.44915,-0.21054077
3193,68.4313,70.06711,67.90462,1.6358109,-0.52668
3194,65.51469,66.78799,64.99506,1.2733002,-0.5196228
3195,62.874245,64.144714,62.874245,1.2704697,0.0
3196,64.86322,66.69271,64.52792,1.8294907,-0.33529663
3197,60.974518,60.64679,60.974518,-0.32772827,0.0
3198,67.553024,68.71379,67.553024,1.1607666,0.0
3199,67.34039,68.9165,66.93155,1.5761032,-0.408844
3200,62.80152,65.17112,62.201553,2.3695984,-0.59996796
3201,62.305332,63.563557,61.602985,1.2582245,-0.7023468
3202,68.410034,70.774254,68.410034,2.3642197,0.0
3203,69.019585,70.43746,68.540184,1.4178772,-0.47940063
3204,66.40288,68.61307,65.99833,2.2101898,-0.40454865
3205,61.867092,62.406197,61.867092,0.53910446,0.0
3206,65.18488,67.196945,65.18488,2.012062,0.0
3207,68.933105,69.89139,68.74963,0.9582825,-0.18347168
3208,67.33103,69.90203,67.33103,2.5709991,0.0
3209,64.66636,67.332954,64.09967,2.6665955,-0.56668854
3210,73.08215,75.527504,72.67807,2.4453506,-0.40408325
3211,67.154495,71.24558,66.18198,4.0910873,-0.9725189
3212,68.52735,71.329094,68.0191,2.8017426,-0.508255
3213,67.50869,70.4475,67.362495,2.9388123,-0.14619446
3214,57.16519,57.87428,56.300903,0.7090874,-0.86428833
3215,69.95916,70.37382,69.83924,0.4146576,-0.11991882
3216,69.424416,72.22513,68.591034,2.8007126,-0.83338165
3217,69.804405,72.17666,69.154495,2.3722534,-0.64991
3218,67.93692,69.36322,67.52933,1.4263,-0.40759277
3219,69.04127,70.1365,68.308464,1.0952301,-0.73280334
3220,63.807995,65.98332,63.807995,2.1753273,0.0
3221,68.88343,71.09057,68.88343,2.207138,0.0
3222,69.53918,71.34947,69.53918,1.8102951,0.0
3223,63.852192,65.511665,63.852192,1.6594734,0.0
3224,65.359985,67.176704,65.87932,1.816719,0.5193329
3225,68.025925,69.963936,67.64897,1.9380112,-0.37695312
3226,73.17427,77.599686,72.97186,4.425415,-0.20240784
3227,71.171875,73.03995,70.50266,1.8680725,-0.66921234
3228,63.470905,65.20853,63.016884,1.7376213,-0.45402145
3229,73.64135,76.27189,73.74406,2.630539,0.10270691
3230,72.304436,74.45946,71.898186,2.1550217,-0.40625
3231,63.72664,66.84217,63.72664,3.115532,0.0
3232,74.85822,77.17407,74.752556,2.3158493,-0.105667114
3233,70.69717,72.61705,70.074135,1.9198837,-0.6230316
3234,69.53047,69.96293,69.19853,0.43245697,-0.3319397
3235,65.42044,66.98343,64.74775,1.5629883,-0.67269135
3236,64.67891,66.44872,64.67891,1.7698135,0.0
3237,69.86788,71.33181,69.28769,1.4639282,-0.58019257
3238,71.05009,72.89782,70.20586,1.8477325,-0.84423065
3239,66.61965,68.43566,66.14962,1.8160095,-0.47003174
3240,72.306725,74.812386,72.03177,2.505661,-0.27495575
3241,68.35674,70.56804,68.170235,2.211296,-0.18650818
3242,70.88099,73.660446,70.065315,2.779457,-0.8156738
3243,65.9679,66.67801,65.55812,0.7101059,-0.4097824
3244,64.92841,65.68582,64.52534,0.75740814,-0.40307617
3245,63.205868,65.20051,62.617146,1.9946404,-0.5887222
3246,66.36275,69.26189,65.867676,2.8991394,-0.4950714
3247,68.20699,70.693085,67.67184,2.4860916,-0.53515625
3248,68.336845,72.6142,68.113335,4.2773514,-0.22351074
3249,70.774124,72.61484,70.774124,1.8407135,0.0
3250,65.44471,67.59296,64.891304,2.1482468,-0.55340576
3251,73.47087,75.82005,72.907524,2.3491821,-0.56334686
3252,67.41274,69.74467,65.2406,2.3319244,-2.172142
3253,65.7994,65.33099,65.47223,-0.46840668,-0.32717133
3254,67.96436,70.006676,67.28978,2.0423126,-0.67458344
3255,64.714874,67.65752,64.47297,2.9426422,-0.24190521
3256,69.55874,71.734245,69.1771,2.1755066,-0.38163757
3257,61.144005,62.723553,60.575382,1.5795479,-0.5686226
3258,67.414635,68.294754,67.10974,0.8801193,-0.3048935
3259,64.27849,65.6016,63.81437,1.3231125,-0.46411896
3260,60.82684,61.878098,60.40663,1.0512581,-0.42020798
3261,65.365105,67.99262,64.861984,2.6275177,-0.5031204
3262,66.62362,67.87423,66.153404,1.2506104,-0.47021484
3263,66.23744,68.4916,65.44821,2.254158,-0.78923035
3264,69.931175,73.26396,68.842155,3.3327866,-1.0890198
3265,65.589806,66.55664,65.095436,0.966835,-0.4943695
3266,69.33894,70.51141,68.68411,1.1724701,-0.65483093
3267,71.33667,73.0697,71.05529,1.7330322,-0.2813797
3268,62.058784,63.917065,61.229355,1.8582802,-0.8294296
3269,67.60892,70.44687,67.60892,2.8379517,0.0
3270,65.5487,66.8599,65.5487,1.311203,0.0
3271,68.78887,70.01828,68.08828,1.2294083,-0.70059204
3272,66.4219,68.306076,66.4954,1.8841782,0.07350159
3273,68.412476,71.006546,67.515945,2.5940704,-0.89653015
3274,68.555016,71.370834,67.94721,2.8158188,-0.60780334
3275,70.69087,72.441765,70.69087,1.7508926,0.0
3276,67.2832,68.78825,66.74264,1.5050507,-0.5405655
3277,65.34929,66.866104,64.73616,1.5168152,-0.61312866
3278,71.184814,73.25297,70.62938,2.0681534,-0.5554352
3279,64.363045,68.11755,63.982002,3.754509,-0.38104248
3280,67.381714,68.98819,67.00491,1.6064758,-0.37680054
3281,66.42173,69.19467,66.044846,2.7729416,-0.37688446
3282,69.27524,72.060425,69.272,2.7851868,-0.0032348633
3283,66.83432,68.96929,66.37716,2.1349716,-0.45716095
3284,74.82243,77.31916,74.82243,2.496727,0.0
3285,67.298805,70.62697,67.298805,3.3281631,0.0
3286,63.459652,65.49332,63.107323,2.0336647,-0.35232925
3287,69.249825,70.818016,68.991264,1.5681915,-0.25856018
3288,68.77039,70.60328,68.77039,1.8328857,0.0
3289,64.421074,66.23301,63.664173,1.8119354,-0.7569008
3290,69.14445,71.17416,68.51109,2.0297089,-0.6333542
3291,66.75018,69.16236,66.152176,2.412178,-0.5980072
3292,69.33658,72.11552,69.33658,2.7789383,0.0
3293,65.917404,68.51078,65.032455,2.5933762,-0.88494873
3294,67.16543,68.65701,66.79088,1.4915848,-0.37454987
3295,59.877,61.66811,59.877,1.791111,0.0
3296,65.23913,67.581924,64.4268,2.3427963,-0.8123245
3297,64.60752,67.73612,64.60752,3.128601,0.0
3298,73.26,75.3992,73.26,2.1391983,0.0
3299,64.78082,66.35501,64.677864,1.5741882,-0.10295868
3300,69.10066,72.147316,68.27184,3.0466537,-0.8288193
3301,62.00165,63.901157,61.394905,1.8995056,-0.6067467
3302,61.86953,66.66651,61.86953,4.796982,0.0
3303,65.348366,68.853,64.65173,3.504631,-0.6966324
3304,67.02002,68.460106,66.83569,1.4400864,-0.18432617
3305,65.463936,66.75701,64.93406,1.2930756,-0.5298767
3306,70.19639,71.39828,69.611275,1.201889,-0.5851135
3307,68.94628,70.09834,68.6291,1.1520615,-0.31718445
3308,62.939625,66.01437,62.410236,3.074749,-0.5293884
3309,64.89312,65.570435,64.89312,0.67731476,0.0
3310,62.53334,61.841587,61.934933,-0.6917534,-0.59840775
3311,67.85114,69.79922,67.390434,1.9480743,-0.46070862
3312,67.30385,69.975464,67.30385,2.6716156,0.0
3313,61.360886,63.416534,61.360886,2.0556488,0.0
3314,63.829987,66.59901,63.829987,2.76902,0.0
3315,66.239624,68.79276,66.239624,2.5531387,0.0
3316,70.76097,72.3428,70.351814,1.5818253,-0.4091568
3317,64.450134,66.196724,64.450134,1.7465897,0.0
3318,63.49646,67.29325,63.49646,3.796791,0.0
3319,67.430885,68.88861,67.10957,1.4577255,-0.32131195
3320,63.172607,64.68743,62.708675,1.5148239,-0.46393204
3321,71.734375,73.743576,71.1498,2.009201,-0.58457184
3322,69.11983,70.74014,68.57483,1.6203156,-0.54499817
3323,65.087425,67.958466,64.27903,2.8710403,-0.8083954
3324,70.987656,75.52529,70.987656,4.537636,0.0
3325,62.59557,63.643158,62.146824,1.0475883,-0.44874573
3326,67.67776,69.745544,66.770256,2.0677872,-0.9075012
3327,65.73452,67.675995,65.36124,1.9414749,-0.3732834
3328,69.027695,71.36023,69.027695,2.3325348,0.0
3329,67.58706,69.5264,67.58706,1.9393387,0.0
3330,62.756893,63.425785,62.04824,0.6688919,-0.7086525
3331,71.55854,74.21068,71.21469,2.6521378,-0.34384918
3332,68.12413,69.06017,67.66525,0.9360428,-0.45887756
3333,71.46798,74.54555,70.30143,3.077568,-1.1665497
3334,64.1378,67.9489,64.1378,3.8110962,0.0
3335,68.15647,69.422066,67.49397,1.2655945,-0.6624985
3336,68.94966,72.33671,68.94966,3.3870468,0.0
3337,66.39816,68.35739,66.39816,1.9592285,0.0
3338,60.598515,61.13125,60.28218,0.5327339,-0.31633377
3339,67.678635,69.05751,67.32212,1.3788757,-0.35651398
3340,66.68056,67.84235,66.11442,1.161789,-0.5661392
3341,68.9461,71.66574,68.9461,2.7196426,0.0
3342,63.319893,66.71383,62.754353,3.3939362,-0.5655403
3343,66.74183,68.787415,66.38173,2.0455856,-0.3600998
3344,71.022224,72.31297,69.951294,1.2907486,-1.0709305
3345,67.15531,68.35695,66.80004,1.2016373,-0.3552704
3346,67.38907,69.6882,67.38907,2.2991333,0.0
3347,66.1514,68.69423,65.877914,2.5428314,-0.27348328
3348,74.03605,76.48743,73.491714,2.4513779,-0.5443344
3349,64.35966,66.88296,63.704227,2.5233002,-0.65542984
3350,65.518875,67.33624,64.90372,1.8173676,-0.6151581
3351,58.18153,59.229313,58.18153,1.0477829,0.0
3352,71.33417,74.90686,71.33417,3.5726929,0.0
3353,71.2245,73.80474,70.78471,2.5802383,-0.43978882
3354,69.122345,70.45276,68.59551,1.3304138,-0.5268326
3355,63.310635,64.64762,62.489727,1.3369865,-0.8209076
3356,67.30844,69.47409,67.30844,2.1656494,0.0
3357,66.59537,68.85689,66.59537,2.2615204,0.0
3358,64.01642,66.964386,63.862915,2.9479675,-0.15350342
3359,64.81206,64.73529,64.81206,-0.07676697,0.0
3360,68.818954,69.39252,68.818954,0.5735626,0.0
3361,63.241596,64.49385,63.241596,1.2522545,0.0
3362,64.2734,66.08929,63.57287,1.8158875,-0.700531
3363,69.69787,72.22816,69.69787,2.5302887,0.0
3364,63.437225,65.106186,62.78907,1.6689606,-0.6481552
3365,68.76379,70.89912,68.3139,2.1353302,-0.4498825
3366,64.35288,65.58011,63.665104,1.2272263,-0.6877785
3367,63.913437,64.520485,63.256733,0.60704803,-0.65670395
3368,63.307686,64.49802,62.5118,1.1903305,-0.795887
3369,69.8935,71.94791,69.58512,2.0544052,-0.30838013
3370,66.26248,68.390854,65.89136,2.1283722,-0.37112427
3371,67.20001,69.48726,66.78661,2.2872467,-0.41339874
3372,65.28131,66.04284,65.18033,0.761528,-0.100982666
3373,65.61269,67.11359,65.61269,1.5008926,0.0
3374,72.98527,75.76628,72.23439,2.7810135,-0.7508774
3375,66.325066,67.66622,65.52419,1.341156,-0.8008728
3376,66.74423,67.81463,65.98296,1.0703964,-0.7612686
3377,62.42888,64.04166,62.42888,1.6127777,0.0
3378,67.2671,68.62505,66.73143,1.3579559,-0.5356674
3379,62.943493,65.273415,62.275524,2.3299217,-0.66796875
3380,65.13335,67.09592,64.64605,1.9625702,-0.48729706
3381,68.19755,70.50436,67.902115,2.3068085,-0.29543304
3382,71.21166,74.27752,70.796555,3.065857,-0.41510773
3383,68.33848,70.34339,68.07888,2.0049133,-0.25959778
3384,68.11313,70.46381,67.87477,2.3506851,-0.23835754
3385,65.33081,69.51101,64.82277,4.1801987,-0.5080414
3386,63.126537,64.46852,62.374146,1.3419838,-0.7523918
3387,63.845562,66.3833,63.702633,2.5377388,-0.14292908
3388,61.353344,63.611626,61.353344,2.2582817,0.0
3389,62.787132,64.90031,62.317074,2.1131744,-0.47005844
3390,65.91882,65.98069,64.953896,0.06186676,-0.9649277
3391,66.840126,68.960045,66.840126,2.1199188,0.0
3392,74.319954,74.139114,73.93736,-0.18083954,-0.38259125
3393,63.791084,65.246994,63.791084,1.4559097,0.0
3394,64.18346,65.90503,64.061935,1.7215729,-0.121520996
3395,67.86938,69.231735,67.35708,1.3623581,-0.5122986
3396,67.083466,68.324524,66.53834,1.2410583,-0.54512787
3397,64.61276,65.739494,64.5575,1.1267319,-0.055259705
3398,64.73216,65.74981,64.16278,1.0176468,-0.5693817
3399,67.50081,68.67419,67.44492,1.173378,-0.055885315
3400,65.84155,67.56679,65.59452,1.725235,-0.24703217
3401,65.81463,67.92575,65.868996,2.1111221,0.054367065
3402,65.11073,66.08373,65.11073,0.9729996,0.0
3403,71.36335,73.89693,70.17555,2.533577,-1.1877975
3404,61.565186,62.874706,61.565186,1.3095207,0.0
3405,58.55009,60.202538,58.077324,1.6524467,-0.47276688
3406,63.076283,64.23497,62.52943,1.1586876,-0.5468521
3407,66.68389,69.19034,66.421036,2.5064468,-0.26285553
3408,64.844185,66.38755,64.52327,1.5433655,-0.32091522
3409,64.69542,65.95779,64.17465,1.2623672,-0.5207672
3410,67.06972,68.37824,67.357956,1.3085251,0.28823853
3411,64.51697,66.10218,63.899353,1.5852127,-0.61761475
3412,69.40707,70.782425,68.40211,1.3753586,-1.0049591
3413,61.838795,63.58624,61.050777,1.7474442,-0.7880173
3414,63.82467,64.62758,63.298515,0.80290985,-0.52615356
3415,64.046646,66.81567,64.046646,2.76902,0.0
3416,63.78472,65.56836,63.62649,1.783638,-0.15822983
3417,73.205734,77.820854,72.793526,4.61512,-0.41220856
3418,67.33048,70.34106,66.9171,3.0105743,-0.41338348
3419,65.875534,69.43111,65.28768,3.5555725,-0.5878525
3420,66.669,69.048836,66.07346,2.379837,-0.5955353
3421,71.67037,73.88692,71.31032,2.216545,-0.36005402
3422,63.266815,66.00688,62.86833,2.7400665,-0.3984871
3423,67.85734,69.1256,67.13113,1.2682648,-0.72621155
3424,67.288124,68.00283,66.901535,0.7147064,-0.38658905
3425,63.02255,63.619633,62.316917,0.59708405,-0.70563126
3426,65.00185,69.798,64.46754,4.79615,-0.5343094
3427,70.70208,72.546234,70.299095,1.8441544,-0.40298462
3428,65.44595,67.203896,65.44595,1.7579422,0.0
3429,70.34069,73.62458,69.8937,3.2838898,-0.44699097
3430,69.06731,70.76181,69.06731,1.6945038,0.0
3431,71.73705,74.40816,71.10905,2.6711044,-0.628006
3432,64.772766,65.93787,63.958073,1.1651001,-0.81469345
3433,71.36773,73.97117,70.80099,2.6034393,-0.56674194
3434,67.090515,69.224556,67.090515,2.1340408,0.0
3435,64.355095,65.029564,63.943718,0.674469,-0.41137695
3436,69.11872,70.79043,68.36923,1.6717072,-0.74948883
3437,66.34066,67.185265,66.34066,0.8446045,0.0
3438,67.956924,69.89316,67.209335,1.9362335,-0.7475891
3439,67.96981,69.509125,67.52812,1.5393143,-0.44168854
3440,68.3541,69.93695,67.82751,1.5828476,-0.52659607
3441,70.30406,71.98862,69.58023,1.684555,-0.7238312
3442,69.24792,70.822395,68.90966,1.5744781,-0.33825684
3443,67.79456,69.77399,67.506615,1.9794235,-0.2879486
3444,69.545,72.49319,68.99278,2.9481888,-0.5522156
3445,70.097145,72.14655,69.42477,2.049408,-0.67237854
3446,67.13116,68.64663,66.92575,1.5154724,-0.20540619
3447,70.22807,71.74934,69.9494,1.5212631,-0.27867126
3448,67.16746,68.03936,67.13448,0.87190247,-0.032974243
3449,65.49837,66.044044,65.57288,0.5456772,0.0745163
3450,72.06852,74.01992,71.024956,1.9514008,-1.0435638
3451,67.92376,69.61101,67.587074,1.6872482,-0.33668518
3452,70.287025,72.701454,69.35856,2.4144287,-0.9284668
3453,69.407906,71.05937,68.866844,1.6514664,-0.5410614
3454,71.065315,73.71497,70.452614,2.6496582,-0.6127014
3455,67.79193,69.75851,68.113556,1.9665756,0.32162476
3456,66.22391,67.4,66.23523,1.176094,0.0113220215
3457,63.683716,64.39145,63.597313,0.70773315,-0.08640289
3458,67.76805,68.90082,67.039474,1.1327667,-0.72857666
3459,69.964874,73.61905,69.36049,3.6541748,-0.6043854
3460,65.90851,66.862785,65.90851,0.95427704,0.0
3461,71.86437,73.21376,71.86437,1.3493881,0.0
3462,66.9329,67.867935,65.98709,0.9350357,-0.9458084
3463,66.82695,70.18864,66.446465,3.3616867,-0.38048553
3464,71.14103,73.95657,70.29821,2.8155441,-0.8428192
3465,64.13972,64.95731,63.195004,0.81759644,-0.9447136
3466,65.83067,67.491974,65.20231,1.6613007,-0.62836456
3467,68.13936,70.958824,68.13936,2.8194656,0.0
3468,64.54785,66.1967,64.54785,1.6488495,0.0
3469,72.126076,74.00894,71.581894,1.8828659,-0.5441818
3470,67.12982,70.12044,67.12982,2.9906158,0.0
3471,67.43756,69.19335,66.9449,1.7557907,-0.49266052
3472,65.70337,66.71243,65.29369,1.0090637,-0.4096756
3473,64.25801,66.75907,63.387794,2.5010605,-0.87021637
3474,63.98346,65.81173,63.129677,1.82827,-0.85378265
3475,72.0987,73.47952,72.0987,1.3808212,0.0
3476,66.3615,68.342186,66.3615,1.9806824,0.0
3477,70.89256,71.46628,70.89256,0.5737152,0.0
3478,72.27172,74.3563,71.62029,2.0845795,-0.6514282
3479,70.85774,73.31042,70.35102,2.4526749,-0.5067215
3480,69.53622,71.955086,69.53622,2.418869,0.0
3481,61.556084,62.875385,61.136024,1.3193016,-0.4200592
3482,67.59498,69.794304,66.911255,2.1993256,-0.68372345
3483,66.47406,67.846695,66.28944,1.3726349,-0.18462372
3484,70.9634,73.68819,70.56417,2.7247849,-0.39923096
3485,73.94361,76.48999,73.76572,2.546379,-0.17789459
3486,70.12303,72.83883,69.28234,2.7157974,-0.8406906
3487,70.03989,73.668594,69.56147,3.628708,-0.47841644
3488,64.688736,66.999405,64.25735,2.310669,-0.43138885
3489,70.6137,72.274216,69.62107,1.6605148,-0.99263
3490,62.98724,64.29663,62.432095,1.309391,-0.55514526
3491,60.689198,62.52216,60.689198,1.832962,0.0
3492,64.483376,65.79842,64.483376,1.3150482,0.0
3493,64.031624,66.27026,63.825756,2.2386398,-0.20586777
3494,69.3803,71.94432,69.3803,2.5640182,0.0
3495,71.36846,74.40681,70.95524,3.0383453,-0.41322327
3496,60.57302,62.12214,59.73386,1.549118,-0.8391609
3497,71.96057,76.061424,71.05425,4.100853,-0.90631866
3498,64.39722,66.46199,63.636864,2.0647736,-0.7603531
3499,64.785095,67.1459,64.785095,2.3608017,0.0
3500,67.0013,68.69529,66.75717,1.6939926,-0.24412537
3501,68.59212,70.27071,68.59212,1.6785965,0.0
3502,60.44995,61.61079,60.44995,1.1608391,0.0
3503,69.13026,72.367714,69.13026,3.2374573,0.0
3504,65.82065,67.77997,65.663826,1.9593201,-0.1568222
3505,67.958496,69.735794,67.33088,1.777298,-0.6276169
3506,65.94912,67.37532,65.94912,1.4262009,0.0
3507,68.59079,71.09442,67.76383,2.5036316,-0.8269577
3508,64.02738,65.08749,64.02738,1.0601044,0.0
3509,70.37393,72.83001,67.59228,2.4560776,-2.7816544
3510,63.62908,65.95651,63.23659,2.3274307,-0.3924904
3511,70.70795,71.70279,70.20241,0.9948425,-0.50553894
3512,66.12063,67.6955,65.3593,1.5748749,-0.76132965
3513,67.98794,69.91523,67.593956,1.9272919,-0.39398193
3514,66.226456,69.0613,65.61771,2.8348465,-0.6087494
3515,70.59602,72.93573,70.177414,2.3397064,-0.41860962
3516,68.882706,71.60653,68.004845,2.7238235,-0.877861
3517,67.180046,68.387,66.789474,1.206955,-0.3905716
3518,65.02936,65.63228,63.62194,0.60292053,-1.4074173
3519,61.266632,63.163593,61.266632,1.8969612,0.0
3520,64.79909,67.29349,64.071594,2.4944,-0.7274933
3521,62.603172,63.927647,62.769535,1.3244743,0.16636276
3522,68.98508,69.52967,68.443596,0.5445938,-0.541481
3523,69.62231,71.25264,69.18181,1.630333,-0.44049835
3524,63.13593,66.423035,62.98291,3.2871056,-0.15301895
3525,70.47113,71.59715,70.03432,1.1260223,-0.43681335
3526,71.268745,74.082886,70.266235,2.8141403,-1.0025101
3527,67.488884,69.27126,66.57328,1.7823792,-0.91560364
3528,68.01514,69.36687,67.585175,1.3517303,-0.42996216
3529,69.502975,71.42826,68.985535,1.9252853,-0.5174408
3530,69.852165,71.96323,69.18291,2.111061,-0.6692581
3531,68.643684,72.191826,68.12402,3.5481415,-0.51966095
3532,63.145634,65.83382,62.47832,2.6881828,-0.6673126
3533,70.09206,72.75342,69.88031,2.6613617,-0.21174622
3534,70.39547,74.16249,70.058395,3.7670212,-0.33707428
3535,69.29474,70.87139,69.29474,1.5766525,0.0
3536,68.97005,70.77042,68.435425,1.8003693,-0.5346222
3537,62.1816,64.34921,62.1816,2.167614,0.0
3538,66.87207,69.474976,66.72158,2.6029053,-0.1504898
3539,69.24461,70.976364,69.24461,1.7317505,0.0
3540,65.253365,68.2051,65.253365,2.9517365,0.0
3541,67.60273,68.99153,66.77147,1.3888016,-0.8312607
3542,65.534195,67.86033,64.972466,2.3261337,-0.56172943
3543,72.14483,76.740166,71.75089,4.595337,-0.39393616
3544,65.95709,68.968925,65.95698,3.0118332,-0.00011444092
3545,64.18188,65.651764,63.870926,1.4698868,-0.31095123
3546,70.644554,73.05383,70.09354,2.4092789,-0.55101776
3547,62.413353,63.247635,61.940025,0.8342819,-0.47332764
3548,67.08387,69.487595,66.755226,2.4037247,-0.3286438
3549,62.65987,63.79249,62.087723,1.132618,-0.57214737
3550,66.74444,68.40099,66.74444,1.6565552,0.0
3551,68.89783,70.315796,68.55877,1.4179688,-0.33905792
3552,69.23699,70.848785,68.110565,1.6117935,-1.1264267
3553,70.48158,73.075516,70.41489,2.593933,-0.06669617
3554,66.75207,68.23257,66.33607,1.4804993,-0.41600037
3555,69.36824,70.74619,69.26383,1.3779526,-0.104408264
3556,69.765884,72.575294,69.04862,2.80941,-0.71726227
3557,67.18956,69.30839,66.71195,2.1188278,-0.47760773
3558,65.24575,67.212204,64.611206,1.9664536,-0.6345444
3559,67.88244,68.23803,67.25388,0.35559082,-0.6285553
3560,67.46912,68.66033,66.9512,1.1912155,-0.5179138
3561,71.103134,73.54095,70.1343,2.4378128,-0.9688339
3562,69.0237,70.68112,69.53529,1.6574249,0.5115967
3563,65.04031,67.31244,64.15302,2.2721252,-0.88729095
3564,68.26655,70.04032,67.77677,1.7737732,-0.4897766
3565,67.464554,69.94782,66.93658,2.4832687,-0.527977
3566,65.84989,67.700134,65.323425,1.8502426,-0.52646637
3567,69.10579,71.54316,69.363846,2.4373703,0.25805664
3568,68.15169,69.85568,68.15169,1.7039948,0.0
3569,63.155178,65.72466,62.66264,2.5694847,-0.49253845
3570,69.187584,71.28412,68.49147,2.0965347,-0.6961136
3571,61.210094,62.352875,60.347,1.1427803,-0.86309433
3572,68.17629,70.72292,68.17629,2.5466309,0.0
3573,68.417046,69.9666,67.65665,1.5495529,-0.76039886
3574,69.19616,71.50959,68.53534,2.3134308,-0.66082
3575,70.04193,71.65112,70.899475,1.6091919,0.85754395
3576,64.617516,67.24654,64.20214,2.6290207,-0.41537476
3577,63.70574,64.96277,63.12909,1.2570267,-0.5766525
3578,69.64389,73.08739,69.131676,3.4434967,-0.51221466
3579,69.49962,70.9893,68.74204,1.489685,-0.757576
3580,65.81959,65.52935,64.31891,-0.29023743,-1.500679
3581,66.40409,67.004265,66.40409,0.60017395,0.0
3582,65.072876,66.18748,65.072876,1.1146011,0.0
3583,66.935234,71.40471,66.935234,4.469475,0.0
3584,70.44414,71.81396,70.31346,1.3698196,-0.13067627
3585,67.10325,68.63646,67.10325,1.5332108,0.0
3586,66.21743,68.27054,65.50314,2.0531082,-0.7142868
3587,61.690678,62.392113,60.726112,0.7014351,-0.9645653
3588,74.04363,74.75068,72.65565,0.7070465,-1.3879852
3589,70.04492,70.891106,70.04492,0.8461838,0.0
3590,68.244545,70.386086,67.11267,2.1415405,-1.1318741
3591,72.41236,74.3502,71.54701,1.9378357,-0.8653488
3592,65.013145,66.68757,64.93288,1.6744232,-0.08026886
3593,66.40232,68.57637,65.42355,2.1740494,-0.9787674
3594,65.11214,67.075874,64.863106,1.9637375,-0.24903107
3595,66.00685,68.74273,65.59833,2.735878,-0.40852356
3596,67.30132,69.39653,66.817,2.0952072,-0.4843216
3597,66.9713,68.347015,66.44835,1.3757172,-0.5229492
3598,64.354065,66.04879,64.354065,1.694725,0.0
3599,66.843666,70.24834,66.16629,3.4046707,-0.6773758
3600,62.861973,64.5986,62.861973,1.7366295,0.0
3601,67.43443,68.95676,67.028206,1.5223236,-0.4062271
3602,71.10898,72.32511,71.05084,1.2161331,-0.058135986
3603,66.954834,67.14766,66.77661,0.19282532,-0.17822266
3604,66.95542,68.756996,66.46493,1.8015747,-0.49049377
3605,69.01717,71.3907,68.247246,2.3735275,-0.769928
3606,66.57888,68.48464,66.32063,1.9057617,-0.25824738
3607,70.13164,72.62808,69.49027,2.4964447,-0.64136505
3608,66.218796,67.61145,66.218796,1.3926544,0.0
3609,72.48292,75.00237,72.26086,2.519455,-0.22206116
3610,63.81381,65.65804,63.81381,1.8442345,0.0
3611,64.198296,64.78567,63.63403,0.5873718,-0.5642662
3612,65.05207,66.89995,64.21106,1.8478775,-0.84101105
3613,69.38776,70.9216,69.38776,1.533844,0.0
3614,67.07884,68.91155,67.07884,1.8327103,0.0
3615,65.336296,66.03487,64.8117,0.69857025,-0.52459717
3616,68.06773,69.92825,67.62313,1.8605194,-0.44460297
3617,63.356346,64.68108,63.356346,1.3247375,0.0
3618,69.54233,71.382904,69.54233,1.8405762,0.0
3619,62.55934,65.951515,62.55934,3.3921738,0.0
3620,70.18593,72.9671,69.74046,2.7811737,-0.4454651
3621,64.40046,65.663765,63.5357,1.2633057,-0.86475754
3622,63.732666,66.10989,63.31099,2.3772278,-0.42167664
3623,63.731487,65.97592,63.03139,2.2444344,-0.70009613
3624,64.58927,67.10073,64.58927,2.5114594,0.0
3625,68.611206,70.94294,68.111404,2.3317337,-0.49980164
3626,69.886826,72.23463,69.58875,2.3478012,-0.29807281
3627,65.48368,67.93428,64.9088,2.4505997,-0.5748825
3628,63.54213,64.919395,62.918514,1.3772659,-0.62361526
3629,66.646645,69.11202,65.94987,2.4653778,-0.69677734
3630,69.0193,72.40171,69.0193,3.3824081,0.0
3631,69.71369,72.07089,68.96652,2.3572006,-0.7471695
3632,66.13906,68.93389,65.35026,2.7948303,-0.7888031
3633,66.6783,67.609726,65.93883,0.931427,-0.73947144
3634,61.08103,62.163452,61.08103,1.0824203,0.0
3635,62.431347,64.54546,61.786533,2.1141167,-0.64481354
3636,72.60142,75.70378,71.84019,3.1023636,-0.76123047
3637,66.38977,67.40588,65.947945,1.0161133,-0.44182587
3638,68.82122,72.28494,68.82122,3.4637222,0.0
3639,71.63708,72.80407,71.196365,1.1669922,-0.44071198
3640,62.083763,64.2381,61.41144,2.154335,-0.6723213
3641,72.11111,76.133194,71.682076,4.022087,-0.42903137
3642,71.60017,73.65498,71.453316,2.0548172,-0.14685059
3643,72.980705,74.21246,72.52063,1.2317581,-0.46007538
3644,70.289154,71.06147,69.91071,0.772316,-0.37844086
3645,65.24277,70.74578,64.231186,5.5030136,-1.0115814
3646,60.144382,61.206886,59.89727,1.0625038,-0.24711227
3647,68.79286,70.388336,68.79286,1.5954742,0.0
3648,72.52661,74.82943,72.4306,2.3028183,-0.0960083
3649,67.90955,69.328316,67.90955,1.4187622,0.0
3650,68.317604,71.34874,68.14149,3.0311356,-0.17611694
3651,67.487335,69.80104,67.487335,2.3137054,0.0
3652,69.03904,71.15737,68.37376,2.118332,-0.6652832
3653,65.686104,67.82429,65.19895,2.1381836,-0.4871521
3654,62.285168,63.524498,62.285168,1.2393303,0.0
3655,68.92965,71.19461,68.04237,2.2649612,-0.8872757
3656,66.658966,67.89554,66.658966,1.2365723,0.0
3657,67.605965,69.8403,67.36795,2.2343369,-0.23801422
3658,64.56125,65.76524,64.56125,1.2039948,0.0
3659,64.607216,66.04172,64.607216,1.4345016,0.0
3660,64.34221,65.60691,64.34221,1.2647018,0.0
3661,67.97704,68.96344,67.30196,0.9863968,-0.67507935
3662,65.937164,68.48002,64.26109,2.5428543,-1.6760712
3663,66.70561,69.13964,65.957115,2.4340286,-0.748497
3664,66.93742,68.72366,66.257484,1.7862396,-0.67993927
3665,68.41256,71.02231,67.79712,2.6097488,-0.61544037
3666,66.0489,66.69365,65.82329,0.6447525,-0.22560883
3667,68.015915,70.333115,68.015915,2.3171997,0.0
3668,67.09072,69.76122,66.66501,2.6705017,-0.4257126
3669,63.378365,65.48916,63.378365,2.110794,0.0
3670,66.895546,66.80736,66.250275,-0.08818817,-0.6452713
3671,66.553566,67.739174,66.26951,1.1856079,-0.28405762
3672,60.40833,63.03181,60.228313,2.6234818,-0.18001556
3673,63.701572,65.19613,62.508827,1.4945564,-1.1927452
3674,66.9579,69.62177,66.64637,2.6638718,-0.31153107
3675,67.13517,68.19332,66.83662,1.0581512,-0.29855347
3676,64.57176,66.094765,64.01789,1.5230026,-0.55387115
3677,69.69554,71.79281,69.18508,2.0972672,-0.5104599
3678,66.54326,69.23544,65.82591,2.6921844,-0.7173462
3679,71.741066,73.696754,71.741066,1.9556885,0.0
3680,65.84318,70.26649,65.262985,4.4233093,-0.58019257
3681,70.106636,73.16084,70.106636,3.0542068,0.0
3682,64.08515,65.48926,64.08515,1.4041061,0.0
3683,62.366535,64.22982,61.645004,1.8632851,-0.7215309
3684,66.92331,68.49414,65.88174,1.5708313,-1.0415726
3685,68.70652,70.03945,68.70652,1.3329315,0.0
3686,64.47921,67.66538,64.47921,3.1861725,0.0
3687,68.286255,71.72225,67.48241,3.435997,-0.80384827
3688,65.3586,70.09112,64.75851,4.732521,-0.60009
3689,63.99046,68.08148,63.99046,4.0910225,0.0
3690,67.29573,69.87461,67.118904,2.5788803,-0.17682648
3691,64.049576,65.048195,63.23437,0.9986191,-0.8152046
3692,64.89249,67.36089,64.55668,2.4684067,-0.3358078
3693,66.18669,66.56279,66.04036,0.37609863,-0.14633179
3694,72.76912,74.83392,72.25982,2.064804,-0.50930023
3695,71.48648,72.33468,71.14267,0.84819794,-0.34381104
3696,63.58538,64.86096,63.032696,1.2755814,-0.5526848
3697,65.77468,66.88307,65.77468,1.1083908,0.0
3698,63.17405,64.03186,62.666374,0.857811,-0.5076752
3699,64.35181,65.69752,64.35181,1.3457108,0.0
3700,63.238853,65.10612,63.238853,1.8672638,0.0
3701,67.34542,70.58502,66.31833,3.2396011,-1.027092
3702,69.81341,71.29848,69.32985,1.4850693,-0.48355865
3703,60.849804,62.50078,60.849804,1.6509743,0.0
3704,67.7016,70.145874,67.7016,2.444275,0.0
3705,65.67816,67.976006,65.53816,2.297844,-0.13999939
3706,64.828255,65.9605,64.28647,1.1322479,-0.5417862
3707,73.57448,75.447655,72.99622,1.8731766,-0.5782547
3708,67.49299,68.93222,67.49299,1.4392319,0.0
3709,67.47721,69.90106,67.311905,2.423851,-0.16530609
3710,68.894684,71.65289,68.4006,2.7582092,-0.49408722
3711,73.93272,76.58687,73.919785,2.654152,-0.012931824
3712,68.7403,71.53011,68.373,2.7898102,-0.36730194
3713,66.70001,69.11905,66.70001,2.4190369,0.0
3714,66.94,68.86052,66.59877,1.920517,-0.3412323
3715,66.701744,67.48766,65.85628,0.7859192,-0.8454666
3716,64.539246,70.348816,63.496536,5.8095703,-1.0427094
3717,64.73536,67.02671,64.23461,2.2913513,-0.5007477
3718,62.45535,63.256535,61.869164,0.8011856,-0.58618546
3719,66.59543,67.75874,66.228676,1.1633148,-0.36675262
3720,67.58961,69.047874,67.18785,1.4582672,-0.4017563
3721,64.493576,66.26134,64.7826,1.7677612,0.28902435
3722,65.79066,68.09134,63.713387,2.300682,-2.0772705
3723,66.24744,67.726776,65.67252,1.4793396,-0.574913
3724,63.771473,65.18218,63.771473,1.4107094,0.0
3725,65.26829,67.4962,65.26829,2.227913,0.0
3726,66.43222,67.93225,65.949486,1.5000305,-0.48273468
3727,70.50633,72.37219,69.69392,1.86586,-0.8124161
3728,65.8811,67.48628,65.661766,1.6051788,-0.21933746
3729,69.08754,71.8445,69.298416,2.756958,0.21087646
3730,65.73654,66.7366,65.390976,1.000061,-0.3455658
3731,67.98633,73.33452,67.2415,5.3481903,-0.7448273
3732,64.93535,67.06783,64.257355,2.1324844,-0.6779938
3733,68.846596,70.70619,68.04023,1.8595963,-0.80636597
3734,66.48951,68.17338,66.36855,1.6838684,-0.12095642
3735,69.003296,71.81797,69.35729,2.8146744,0.35399628
3736,71.35216,73.56347,70.5765,2.2113113,-0.77565765
3737,66.89013,68.1751,66.35994,1.2849731,-0.5301895
3738,70.75278,73.23758,70.557014,2.4848022,-0.19576263
3739,68.28601,70.348656,67.857,2.062645,-0.42900848
3740,70.391,71.98139,69.98897,1.5903931,-0.40203094
3741,73.048706,74.03202,72.380035,0.9833145,-0.66867065
3742,68.28436,69.272095,67.93741,0.98773193,-0.34695435
3743,69.59804,71.78341,69.59804,2.1853714,0.0
3744,70.267525,73.10826,69.98025,2.8407364,-0.28727722
3745,59.96727,60.44426,58.846733,0.47698975,-1.1205368
3746,63.90486,64.23353,63.55629,0.3286667,-0.34857178
3747,68.38558,70.41226,68.101036,2.02668,-0.2845459
3748,67.11074,69.779434,66.55873,2.6686935,-0.5520096
3749,64.701324,65.2699,63.864407,0.568573,-0.8369179
3750,73.58201,75.46309,73.205666,1.8810806,-0.37634277
3751,73.85274,76.0469,72.986115,2.1941605,-0.8666229
3752,63.591633,65.50021,63.428867,1.9085808,-0.1627655
3753,70.887245,73.333664,70.556625,2.4464188,-0.3306198
3754,70.74644,71.72675,68.61723,0.98031616,-2.1292038
3755,63.84566,67.710205,63.84566,3.864544,0.0
3756,65.30781,67.42383,64.565056,2.1160202,-0.7427521
3757,69.52948,71.74238,69.52948,2.2128983,0.0
3758,66.85887,69.05258,66.753525,2.1937103,-0.10534668
3759,63.00857,64.873405,62.437202,1.8648338,-0.5713692
3760,58.409966,60.77795,58.409966,2.3679848,0.0
3761,67.28904,67.74889,67.00924,0.45985413,-0.27980042
3762,69.990974,72.68575,69.56859,2.6947784,-0.42238617
3763,65.83467,70.28975,65.515335,4.455078,-0.31933594
3764,63.343266,64.37513,63.343266,1.0318642,0.0
3765,67.15428,68.26342,66.31602,1.1091385,-0.83826447
3766,62.364437,64.09657,62.364437,1.7321358,0.0
3767,65.92187,68.012085,65.92187,2.0902176,0.0
3768,67.80086,69.296486,67.80086,1.4956284,0.0
3769,68.426636,73.65533,67.924835,5.228691,-0.50180054
3770,64.74386,66.99973,64.16986,2.2558746,-0.5739975
3771,65.357666,68.5928,64.71282,3.2351303,-0.64484406
3772,65.88253,67.02245,65.73347,1.1399231,-0.14906311
3773,66.874756,70.97392,66.428894,4.099167,-0.44586182
3774,68.17482,69.79064,68.105034,1.6158218,-0.06978607
3775,69.77922,72.21095,69.56966,2.4317322,-0.20956421
3776,65.365295,67.421814,64.842224,2.0565186,-0.5230713
3777,65.295395,66.725624,64.993996,1.4302292,-0.30139923
3778,69.07054,72.778465,68.379005,3.707924,-0.69153595
3779,62.570343,63.92055,62.570343,1.3502083,0.0
3780,68.69127,71.21024,67.977066,2.5189743,-0.7142029
3781,74.02626,76.02787,73.8447,2.0016098,-0.1815567
3782,66.33075,67.64044,66.03827,1.3096924,-0.29248047
3783,65.09971,66.206154,64.71571,1.1064453,-0.38399506
3784,69.43626,69.73297,69.792885,0.29671478,0.35662842
3785,70.64921,72.489426,70.28698,1.8402176,-0.3622284
3786,63.62447,66.30734,62.599586,2.6828728,-1.0248833
3787,67.1586,69.381424,66.730835,2.222824,-0.4277649
3788,65.124596,67.341606,64.28399,2.2170105,-0.8406067
3789,69.27764,71.20278,69.27764,1.9251404,0.0
3790,67.359856,68.05675,67.06034,0.6968918,-0.29951477
3791,71.31531,73.443375,71.05562,2.128067,-0.25968933
3792,68.25679,70.79816,68.25679,2.5413666,0.0
3793,65.692055,67.10313,65.00858,1.4110718,-0.6834717
3794,65.596504,67.7768,65.11531,2.1802979,-0.48119354
3795,64.1406,65.16421,64.1406,1.0236053,0.0
3796,65.86185,68.98568,65.63019,3.1238327,-0.23165894
3797,68.304955,70.62292,67.404274,2.3179626,-0.90068054
3798,62.46415,63.708385,61.94317,1.244236,-0.52098083
3799,69.92401,71.69199,69.69849,1.7679825,-0.2255249
3800,72.85219,74.872925,72.50562,2.0207367,-0.34656525
3801,69.27333,71.38707,68.93362,2.113739,-0.33971405
3802,68.70051,69.50291,68.18786,0.8023987,-0.51264954
3803,66.2447,68.1461,65.69994,1.9014053,-0.544754
3804,66.28775,67.6384,66.26588,1.350647,-0.021873474
3805,62.959213,63.17121,62.959213,0.21199799,0.0
3806,65.20485,66.01178,64.19966,0.80693054,-1.005188
3807,70.81379,73.93177,70.81379,3.117981,0.0
3808,65.14736,65.79282,65.14736,0.64546204,0.0
3809,68.63639,70.53212,68.04947,1.8957291,-0.5869217
3810,65.949905,66.741425,65.172,0.79151917,-0.7779083
3811,66.71767,68.186874,66.71767,1.4692078,0.0
3812,70.48742,72.2835,70.39194,1.7960815,-0.09548187
3813,57.697163,57.08776,57.697163,-0.6094017,0.0
3814,70.41809,72.33652,70.10085,1.9184265,-0.31723785
3815,64.17157,66.71698,63.85603,2.5454102,-0.3155403
3816,62.8968,64.60676,62.65124,1.7099571,-0.24555969
3817,64.255264,65.927765,63.620586,1.6725006,-0.6346779
3818,65.7294,66.572784,65.7294,0.8433838,0.0
3819,67.34613,68.8355,66.557724,1.4893723,-0.7884064
3820,66.11819,67.779144,65.946266,1.6609573,-0.17192078
3821,65.939445,68.76623,65.516945,2.8267822,-0.4225006
3822,62.281784,63.352158,61.779694,1.0703735,-0.50209045
3823,70.77569,73.25054,70.77569,2.4748535,0.0
3824,70.99572,72.824234,70.10563,1.8285141,-0.89009094
3825,65.236244,66.57586,64.535225,1.3396149,-0.7010193
3826,67.690926,68.6296,67.29221,0.9386749,-0.39871216
3827,68.1974,69.20929,67.851166,1.0118866,-0.34623718
3828,61.85789,62.67028,61.966946,0.8123894,0.109054565
3829,71.61384,72.728905,70.89804,1.1150665,-0.7157974
3830,62.42471,63.56045,62.42471,1.1357422,0.0
3831,70.03651,71.25745,69.3139,1.2209396,-0.72260284
3832,67.92545,69.63933,66.94118,1.7138748,-0.9842758
3833,64.02531,65.11341,63.261116,1.0881042,-0.7641907
3834,67.6401,70.08542,66.918304,2.4453201,-0.7217941
3835,70.081566,71.88447,70.081566,1.8029022,0.0
3836,68.72105,68.869194,68.2771,0.14814758,-0.44394684
3837,71.46406,73.638794,70.86065,2.174736,-0.6034088
3838,65.25648,67.7465,64.72187,2.4900208,-0.53460693
3839,69.38239,72.02411,68.903145,2.641716,-0.47924805
3840,63.76877,65.059494,63.76877,1.2907257,0.0
3841,64.13817,64.72666,64.13817,0.58849335,0.0
3842,64.25991,66.79296,63.617176,2.5330505,-0.6427345
3843,71.22299,73.70932,70.26036,2.4863281,-0.9626312
3844,69.25142,72.53916,68.51893,3.2877426,-0.73249054
3845,71.114296,72.43448,70.470474,1.3201828,-0.6438217
3846,63.56516,65.44989,63.054253,1.8847313,-0.5109062
3847,63.465065,66.03188,63.465065,2.5668182,0.0
3848,68.28333,70.45935,67.97106,2.1760178,-0.31227112
3849,70.63027,72.60994,70.36322,1.9796677,-0.2670517
3850,62.765507,64.573135,62.765507,1.8076286,0.0
3851,71.13842,72.68563,70.80005,1.5472107,-0.33837128
3852,64.40064,65.99898,64.40064,1.5983353,0.0
3853,65.77671,67.82109,65.2981,2.0443802,-0.47860718
3854,66.718445,68.0578,66.12488,1.3393555,-0.5935669
3855,68.04828,69.90123,68.04828,1.852951,0.0
3856,65.26714,67.56917,65.04432,2.3020248,-0.2228241
3857,63.978806,65.40158,63.365494,1.4227753,-0.61331177
3858,71.67453,74.37337,71.63031,2.6988373,-0.04421997
3859,67.022095,71.26238,66.366264,4.240288,-0.6558304
3860,64.89696,66.92165,64.89696,2.0246964,0.0
3861,66.76046,71.02632,66.76046,4.2658615,0.0
3862,65.63862,67.02442,64.49288,1.3858032,-1.1457367
3863,64.53716,65.801674,64.21712,1.2645111,-0.32004547
3864,68.689735,71.38096,68.169655,2.6912231,-0.52008057
3865,69.27544,70.64784,69.02513,1.372406,-0.25030518
3866,69.45169,73.008995,68.43767,3.5573044,-1.0140228
3867,67.931366,70.19954,67.289314,2.2681732,-0.6420517
3868,63.206604,64.644875,62.66554,1.4382706,-0.5410652
3869,67.61025,69.14247,67.13225,1.5322189,-0.47800446
3870,60.091682,59.86467,59.6945,-0.22701263,-0.39718246
3871,61.916183,64.16243,61.916183,2.2462463,0.0
3872,59.757214,61.417236,59.757214,1.6600227,0.0
3873,74.82658,76.68891,74.44943,1.8623352,-0.37714386
3874,67.910324,70.446976,67.77253,2.5366516,-0.1377945
3875,66.707,69.10273,65.88607,2.395729,-0.8209305
3876,64.42556,65.91141,64.10535,1.4858475,-0.32021332
3877,70.61584,73.23554,70.197975,2.6197052,-0.41786194
3878,67.61379,67.38832,66.4977,-0.2254715,-1.1160889
3879,69.09487,71.42316,68.66035,2.3282852,-0.43452454
3880,68.11005,71.76114,67.739914,3.6510925,-0.37013245
3881,67.83034,68.66592,67.59401,0.8355789,-0.23632812
3882,65.3628,66.74904,64.56042,1.3862381,-0.8023834
3883,70.761955,72.00506,70.321266,1.243103,-0.4406891
3884,72.38643,74.34946,72.56231,1.963028,0.17588043
3885,62.247982,63.559864,61.63588,1.311882,-0.6121025
3886,73.26383,75.28541,73.13726,2.021576,-0.12657166
3887,64.990005,66.55059,64.42712,1.560585,-0.5628891
3888,63.38291,64.20892,63.089264,0.82601166,-0.29364777
3889,59.855053,61.424973,59.62584,1.5699196,-0.22921371
3890,70.382416,71.63553,70.431656,1.2531128,0.049240112
3891,63.552094,66.556885,62.962177,3.0047913,-0.5899162
3892,69.32421,71.19115,69.32421,1.8669357,0.0
3893,66.74017,67.83122,66.65065,1.0910492,-0.089523315
3894,67.18194,68.6299,66.97719,1.4479599,-0.20475006
3895,70.73724,73.45995,70.70581,2.7227097,-0.031433105
3896,68.15642,72.39887,67.746185,4.2424545,-0.41023254
3897,65.058624,67.118416,65.058624,2.0597916,0.0
3898,70.76557,73.992485,70.635826,3.2269135,-0.12974548
3899,68.33053,70.38119,68.201515,2.0506592,-0.12901306
3900,68.93015,71.169975,68.84357,2.2398224,-0.086586
3901,62.531105,64.178314,61.79302,1.6472092,-0.7380867
3902,66.35238,69.018234,66.35238,2.6658554,0.0
3903,64.958664,67.18453,64.23838,2.2258682,-0.7202835
3904,71.330376,72.423706,71.330376,1.0933304,0.0
3905,68.7342,71.237404,68.30421,2.5032043,-0.42999268
3906,69.136406,70.38687,68.42855,1.2504654,-0.7078552
3907,68.04744,69.27662,68.04744,1.2291794,0.0
3908,70.80092,72.11792,70.14204,1.3170013,-0.65888214
3909,70.44599,70.66381,70.12889,0.21781921,-0.31710052
3910,59.28381,60.205593,58.7877,0.92178345,-0.496109
3911,65.18525,68.64872,65.18525,3.4634705,0.0
3912,67.30465,69.27233,67.30465,1.9676819,0.0
3913,72.28842,72.33258,71.71043,0.044158936,-0.5779953
3914,64.12628,66.049706,64.12628,1.9234238,0.0
3915,67.23707,71.597755,66.64458,4.3606873,-0.59249115
3916,69.74509,70.93416,69.42569,1.1890717,-0.31939697
3917,64.192116,67.06524,64.056625,2.8731232,-0.13549042
3918,70.21962,72.43326,69.7034,2.2136383,-0.5162201
3919,72.90258,75.467445,72.90258,2.564865,0.0
3920,64.19504,65.05773,63.679455,0.8626938,-0.51558304
3921,72.33764,74.04187,71.528336,1.7042313,-0.8093033
3922,71.71463,71.74786,71.38674,0.033233643,-0.3278885
3923,64.961075,66.78924,64.703545,1.8281631,-0.2575302
3924,67.876366,70.25388,67.876366,2.3775177,0.0
3925,63.099827,64.60165,62.877823,1.5018196,-0.22200394
3926,60.755947,61.719616,60.126766,0.9636688,-0.6291809
3927,73.813896,75.60999,72.857346,1.7960968,-0.9565506
3928,71.920654,74.46931,71.36372,2.5486526,-0.55693054
3929,70.281075,72.856155,70.32401,2.5750809,0.042938232
3930,64.461266,65.951996,64.033745,1.4907303,-0.42752075
3931,64.901184,67.72993,64.59098,2.828743,-0.31020355
3932,67.96186,68.676125,67.48643,0.7142639,-0.47543335
3933,65.98245,67.082756,65.98245,1.1003036,0.0
3934,63.47924,65.00462,62.647007,1.525383,-0.8322334
3935,75.257935,76.86462,75.257935,1.6066818,0.0
3936,66.88306,69.08285,66.66651,2.199791,-0.2165451
3937,67.490234,68.86127,67.36566,1.3710327,-0.124572754
3938,67.67804,70.10786,66.9274,2.4298172,-0.75064087
3939,69.45135,70.54557,69.45135,1.094223,0.0
3940,67.7535,70.07718,67.605995,2.323677,-0.14750671
3941,70.799515,72.51281,70.78977,1.713295,-0.009742737
3942,64.242165,65.51623,63.874447,1.2740631,-0.36771774
3943,67.54902,69.35367,66.79116,1.8046494,-0.7578583
3944,69.026184,69.932785,68.344475,0.90660095,-0.6817093
3945,69.23751,71.55671,69.23751,2.3191986,0.0
3946,67.96885,69.459366,67.96885,1.4905167,0.0
3947,70.40406,73.071846,69.70409,2.6677856,-0.69997406
3948,69.389565,71.45356,69.389565,2.0639954,0.0
3949,68.41947,69.899994,68.41947,1.4805222,0.0
3950,58.92537,58.855545,58.234364,-0.06982422,-0.6910057
3951,69.23876,71.87521,68.63519,2.6364517,-0.60356903
3952,65.79467,69.06253,65.21109,3.2678604,-0.58358
3953,73.20739,74.68683,70.99866,1.4794388,-2.2087326
3954,66.492256,67.65509,65.80396,1.1628342,-0.68829346
3955,66.00091,68.71895,66.00091,2.7180405,0.0
3956,65.27715,66.48596,64.64415,1.2088089,-0.63300323
3957,71.44356,73.762344,71.44356,2.3187866,0.0
3958,70.881386,74.19361,70.55066,3.3122253,-0.33072662
3959,66.56884,67.229065,66.01365,0.6602249,-0.55519104
3960,66.62549,68.80131,66.26718,2.1758194,-0.35830688
3961,67.1156,70.196266,66.80489,3.0806656,-0.3107071
3962,71.7377,73.34391,71.40254,1.6062088,-0.3351593
3963,71.341446,74.29974,71.341446,2.9582977,0.0
3964,71.494156,73.89908,70.59531,2.4049225,-0.8988495
3965,65.41774,66.393616,65.29907,0.97587585,-0.1186676
3966,65.58582,67.79172,65.16015,2.2058945,-0.42567444
3967,69.41123,71.624664,68.89516,2.2134323,-0.51607513
3968,70.218025,72.44268,69.199425,2.2246552,-1.0186005
3969,62.044987,63.70339,61.092716,1.6584015,-0.9522705
3970,65.87147,66.94016,65.23021,1.0686951,-0.64125824
3971,67.245804,72.057755,66.85917,4.8119507,-0.38663483
3972,69.9848,71.98707,69.917015,2.002266,-0.06778717
3973,64.283455,66.97086,64.283455,2.6874084,0.0
3974,67.69637,69.26952,66.98197,1.5731506,-0.71440125
3975,72.51377,75.75532,72.51377,3.2415466,0.0
3976,67.1418,68.97611,67.1418,1.8343124,0.0
3977,69.15444,71.477394,68.83316,2.3229523,-0.32128143
3978,69.133125,73.059586,69.133125,3.9264603,0.0
3979,68.60098,71.825485,68.25098,3.2245026,-0.3500061
3980,69.27993,72.177574,69.27993,2.897644,0.0
3981,69.72726,71.28308,69.3882,1.5558243,-0.33905792
3982,67.866165,72.151726,67.34332,4.2855606,-0.5228424
3983,69.70195,71.278725,69.70195,1.5767746,0.0
3984,67.31525,69.45791,67.07956,2.142662,-0.23568726
3985,66.54609,67.666275,66.06085,1.1201859,-0.48523712
3986,67.591354,70.58459,67.591354,2.9932327,0.0
3987,70.075806,71.58319,69.47362,1.5073853,-0.6021881
3988,66.77855,68.0382,66.44961,1.2596512,-0.32894135
3989,68.22293,68.94795,68.01111,0.72502136,-0.21182251
3990,68.10174,71.584435,68.10174,3.4826965,0.0
3991,70.4297,71.59398,69.98079,1.1642761,-0.44891357
3992,73.26278,76.1775,72.52824,2.9147186,-0.73454285
3993,65.07273,67.359,64.33661,2.2862701,-0.73612213
3994,62.598846,63.56698,61.885887,0.968132,-0.7129593
3995,70.52104,71.35546,70.52104,0.83441925,0.0
3996,63.787716,66.020966,63.317554,2.2332497,-0.47016144
3997,65.14027,66.79226,64.423195,1.6519928,-0.71707153
3998,68.128456,70.882576,67.59606,2.7541199,-0.5323944
3999,63.594425,65.26879,63.594425,1.674366,0.0
4000,66.18042,67.42602,65.87185,1.2455978,-0.30857086
4001,66.03873,66.891594,65.16843,0.8528671,-0.8703003
4002,70.99167,72.74137,70.583405,1.7497025,-0.40826416
4003,69.93462,72.57158,69.67702,2.6369553,-0.2576065
4004,66.72385,68.20187,66.72385,1.4780273,0.0
4005,65.89189,67.2643,65.28817,1.372406,-0.6037216
4006,70.21336,72.61012,69.71413,2.396759,-0.49923706
4007,68.68782,70.864716,68.57872,2.1768951,-0.10910034
4008,71.13718,72.56341,70.76431,1.4262314,-0.37286377
4009,66.45438,68.44803,66.26782,1.9936523,-0.18655396
4010,61.78345,62.074596,61.500957,0.29114532,-0.2824936
4011,67.01752,69.34229,66.54262,2.3247757,-0.4748993
4012,65.112785,66.98853,64.54902,1.8757477,-0.5637665
4013,70.98572,76.62454,70.98572,5.6388245,0.0
4014,65.33984,67.313385,64.96965,1.9735413,-0.37019348
4015,75.06839,75.06839,75.46779,0.0,0.3993988
4016,70.36986,71.85499,70.2099,1.4851303,-0.15995789
4017,66.50679,67.41277,65.86051,0.905983,-0.6462784
4018,64.82328,66.00606,64.34614,1.1827774,-0.47714233
4019,66.41907,69.78678,65.99512,3.367714,-0.4239502
4020,64.023735,65.95554,63.443634,1.9318085,-0.580101
4021,73.667015,76.79533,73.45423,3.1283112,-0.21278381
4022,64.14583,65.62818,63.648823,1.4823532,-0.49700546
4023,65.96537,68.8528,65.96537,2.8874283,0.0
4024,66.99255,68.71182,66.00175,1.7192688,-0.9908066
4025,72.87111,75.522316,72.87111,2.651207,0.0
4026,66.72993,68.82374,66.17691,2.093811,-0.55301666
4027,65.7934,67.446815,65.34917,1.6534119,-0.44423676
4028,66.90868,69.38017,66.90868,2.471489,0.0
4029,61.646137,63.114723,61.646137,1.468586,0.0
4030,67.34099,68.45804,66.23635,1.1170502,-1.1046371
4031,67.34259,71.57103,67.34259,4.2284393,0.0
4032,61.977505,62.44518,61.977505,0.46767426,0.0
4033,66.51836,70.0546,65.9172,3.5362473,-0.60115814
4034,67.49113,69.25622,67.30105,1.765091,-0.19007874
4035,64.49276,65.62054,63.62838,1.1277771,-0.8643799
4036,68.3074,69.73772,68.410065,1.4303131,0.10266113
4037,67.15064,69.612335,67.15064,2.4616928,0.0
4038,67.819336,69.672806,67.819336,1.8534698,0.0
4039,67.88627,68.63705,67.34449,0.7507782,-0.54177856
4040,71.55363,73.115074,71.113716,1.5614471,-0.4399109
4041,64.92235,65.83816,64.1917,0.91580963,-0.7306442
4042,65.92985,67.532776,65.92985,1.6029282,0.0
4043,66.44875,66.540276,66.5217,0.09152222,0.07294464
4044,65.87225,67.80491,65.356834,1.9326553,-0.515419
4045,62.87502,64.00373,62.376022,1.1287117,-0.49899673
4046,67.39107,68.59364,66.844406,1.2025757,-0.5466614
4047,60.927776,62.0575,60.379063,1.1297226,-0.5487137
4048,64.428696,66.163284,63.827385,1.7345886,-0.60131073
4049,62.3676,63.12508,61.98133,0.7574806,-0.38626862
4050,64.813354,66.367226,64.50649,1.5538712,-0.30686188
4051,69.279655,70.16803,69.58669,0.8883743,0.30703735
4052,69.91858,70.53412,68.6407,0.61553955,-1.2778778
4053,65.39312,68.193115,65.39312,2.7999954,0.0
4054,65.33371,67.39292,65.15597,2.0592117,-0.177742
4055,67.360374,68.42539,66.86163,1.0650177,-0.49874115
4056,68.22718,70.43192,68.22718,2.2047424,0.0
4057,64.12971,65.81703,63.7805,1.6873245,-0.34920883
4058,62.165455,62.934505,61.901665,0.7690506,-0.26379013
4059,67.01403,69.29634,66.60909,2.2823105,-0.40493774
4060,70.626976,72.536354,70.626976,1.909378,0.0
4061,70.70129,73.04987,70.9303,2.348587,0.22901154
4062,70.9635,72.37411,70.37293,1.4106064,-0.59056854
4063,62.68913,64.39809,61.922512,1.7089577,-0.7666168
4064,66.43871,70.33333,65.56637,3.8946152,-0.872345
4065,67.66982,69.2709,67.13096,1.6010742,-0.53886414
4066,65.27682,66.93827,64.63845,1.6614532,-0.6383667
4067,66.59971,68.1295,66.16469,1.5297928,-0.43502045
4068,65.342125,67.353874,65.342125,2.0117493,0.0
4069,65.923965,67.47126,65.923965,1.5472946,0.0
4070,69.32629,72.486374,68.95412,3.1600876,-0.3721695
4071,62.934353,64.8573,62.934353,1.9229469,0.0
4072,74.19927,76.6679,72.943016,2.468628,-1.2562561
4073,68.49194,70.83573,68.49194,2.3437881,0.0
4074,65.10842,65.42353,64.77436,0.31510925,-0.33406067
4075,71.11772,72.76583,70.804405,1.6481094,-0.31331635
4076,73.56175,76.78097,72.60499,3.2192154,-0.9567642
4077,68.56637,70.30951,67.97147,1.7431412,-0.5948944
4078,63.964577,66.77357,63.359707,2.8089905,-0.60486984
4079,66.353355,67.80384,66.353355,1.4504852,0.0
4080,59.874912,61.474846,59.874912,1.5999336,0.0
4081,65.341705,68.8909,64.96233,3.5491943,-0.37937164
4082,70.86047,72.53848,70.43334,1.678009,-0.42713165
4083,69.86916,72.14407,69.6189,2.27491,-0.25026703
4084,72.223656,75.57458,71.54041,3.3509216,-0.6832428
4085,67.86548,67.85516,67.4213,-0.010314941,-0.44417572
4086,65.01583,65.825584,64.8952,0.8097534,-0.12062836
4087,64.59177,66.036156,64.60417,1.4443893,0.0124053955
4088,71.6755,73.144066,71.50528,1.4685669,-0.17021942
4089,75.30387,77.8783,75.30387,2.5744324,0.0
4090,66.97987,69.75317,66.57316,2.7732925,-0.4067154
4091,64.75538,66.31874,64.48515,1.5633621,-0.27022552
4092,63.395916,65.8254,62.30651,2.4294853,-1.0894051
4093,62.12726,62.45107,62.12726,0.32381058,0.0
4094,70.467155,72.7413,69.91113,2.274147,-0.55602264
4095,67.68258,70.99819,67.47738,3.3156128,-0.2052002
4096,65.738495,68.76533,65.738495,3.0268326,0.0
4097,66.47261,68.07306,66.066154,1.6004486,-0.406456
4098,67.09727,68.399506,66.594246,1.3022385,-0.50302124
4099,65.92796,66.90776,65.60693,0.97979736,-0.32102966
4100,64.82498,65.83622,64.82498,1.0112381,0.0
4101,71.487175,73.50393,70.95374,2.0167542,-0.533432
4102,64.7644,66.33651,64.7644,1.572113,0.0
4103,67.45989,69.9191,67.42973,2.4592056,-0.030158997
4104,70.85204,73.577835,70.85204,2.725792,0.0
4105,73.30302,74.894684,73.221695,1.5916672,-0.08132172
4106,66.54831,68.52771,65.66438,1.9794006,-0.8839264
4107,65.5146,66.70391,65.5146,1.1893082,0.0
4108,63.673332,65.068565,63.03386,1.3952332,-0.63947296
4109,68.35811,70.34831,68.53522,1.9902039,0.17710876
4110,63.396564,66.53913,62.522224,3.1425667,-0.87434006
4111,68.58541,72.20428,68.38432,3.618866,-0.20108795
4112,69.529236,71.83631,69.00336,2.3070755,-0.5258789
4113,72.75697,74.64129,72.24894,1.8843155,-0.50803375
4114,66.97393,68.39431,66.47711,1.4203796,-0.49681854
4115,72.037605,73.63631,71.75617,1.5987015,-0.2814331
4116,62.900307,64.29993,62.42285,1.39962,-0.47745514
4117,64.04946,66.406525,63.59121,2.3570633,-0.45825195
4118,64.265114,65.162506,63.884937,0.8973923,-0.38017654
4119,70.14516,72.596535,70.125854,2.4513779,-0.019302368
4120,64.53613,66.28533,63.8355,1.7491989,-0.700634
4121,70.748764,73.44335,70.442154,2.6945877,-0.3066101
4122,65.516304,67.27125,64.81156,1.7549438,-0.70474243
4123,72.10832,76.182884,71.53853,4.074562,-0.5697937
4124,70.312126,72.27482,69.74311,1.9626923,-0.5690155
4125,67.21579,68.594894,67.21579,1.3791046,0.0
4126,73.73691,75.88431,73.73691,2.1474,0.0
4127,69.95888,71.82028,69.67405,1.8614044,-0.2848282
4128,62.512886,64.77225,62.06812,2.2593613,-0.444767
4129,68.39901,70.89127,66.931114,2.4922638,-1.4678955
4130,64.335175,65.701836,63.70846,1.3666611,-0.6267128
4131,68.914955,70.07871,68.42318,1.1637573,-0.4917755
4132,66.8354,69.10387,66.30506,2.2684631,-0.5303421
4133,67.68822,71.1152,67.03113,3.426979,-0.65708923
4134,66.633736,67.8003,66.11878,1.166565,-0.5149536
4135,67.75574,68.74061,67.110855,0.9848709,-0.6448822
4136,64.97132,67.23037,64.35103,2.2590485,-0.62029266
4137,68.48278,69.57655,68.48278,1.0937729,0.0
4138,67.10087,70.63684,67.10087,3.5359726,0.0
4139,68.34662,69.55847,67.94064,1.211853,-0.40597534
4140,63.719727,66.096436,63.149857,2.376709,-0.56987
4141,63.492428,65.79615,62.80889,2.3037224,-0.6835365
4142,69.2357,71.08085,68.83558,1.8451462,-0.4001236
4143,67.93843,70.64851,67.3341,2.710083,-0.604332
4144,64.31623,65.28449,64.31623,0.9682617,0.0
4145,66.511894,68.37907,66.511894,1.8671722,0.0
4146,69.83077,71.413506,69.74626,1.5827332,-0.0845108
4147,69.180466,72.41698,68.88848,3.2365112,-0.29198456
4148,60.69863,60.181557,60.69863,-0.5170746,0.0
4149,69.13991,71.1643,69.13991,2.0243912,0.0
4150,62.03164,64.01874,62.03164,1.9870987,0.0
4151,61.80406,62.300922,60.743164,0.4968605,-1.0608978
4152,67.25829,68.64329,66.905235,1.3849945,-0.35305786
4153,66.77375,68.11623,66.77375,1.3424759,0.0
4154,63.659267,68.024635,63.659267,4.365368,0.0
4155,61.462982,61.937233,60.856293,0.4742508,-0.60668945
4156,68.7566,70.46113,67.89049,1.7045288,-0.86611176
4157,67.72273,70.09832,66.89278,2.3755875,-0.82995605
4158,63.91654,65.849236,63.667446,1.9326973,-0.2490921
4159,69.54458,72.37916,69.54458,2.8345795,0.0
4160,63.729378,64.98684,63.729378,1.2574615,0.0
4161,66.3706,68.16242,65.725945,1.7918243,-0.6446533
4162,63.209095,65.81195,63.209095,2.6028557,0.0
4163,68.05863,70.12215,68.05863,2.0635147,0.0
4164,65.85489,67.334076,65.4339,1.479187,-0.42099
4165,73.165245,75.172676,73.46017,2.007431,0.29492188
4166,67.96895,71.37826,67.91183,3.4093094,-0.057121277
4167,67.5019,68.57649,66.9915,1.0745926,-0.51039886
4168,70.08427,71.75208,70.08427,1.6678162,0.0
4169,71.975525,74.91479,71.38537,2.9392624,-0.59015656
4170,63.635124,64.684425,63.635124,1.0493011,0.0
4171,61.57192,62.347984,61.57192,0.7760658,0.0
4172,69.848625,72.07145,69.18423,2.222824,-0.6643982
4173,68.0062,69.340515,68.0062,1.3343124,0.0
4174,59.291676,59.826206,59.291676,0.53453064,0.0
4175,67.67422,70.03148,67.67422,2.3572617,0.0
4176,67.58658,68.3913,67.037125,0.804718,-0.54945374
4177,66.520935,67.70257,66.1728,1.181633,-0.3481369
4178,64.13153,66.19835,63.54085,2.0668182,-0.59067917
4179,68.02259,69.799355,68.02259,1.7767639,0.0
4180,71.8267,75.23305,70.97585,3.4063492,-0.85084534
4181,63.91028,64.79884,63.502254,0.88856506,-0.40802383
4182,63.902157,65.69706,63.471165,1.7949028,-0.43099213
4183,64.86563,66.04552,64.50315,1.1798859,-0.36248016
4184,65.385025,66.45262,65.13435,1.0675964,-0.2506714
4185,63.447227,64.953705,63.447227,1.5064774,0.0
4186,67.83237,68.79182,67.44775,0.95944977,-0.38462067
4187,66.34246,66.59921,65.78192,0.256752,-0.56053925
4188,68.08862,72.50412,67.74944,4.415497,-0.33918
4189,67.63159,69.90408,67.33488,2.2724915,-0.29671478
4190,73.52835,75.09119,73.151276,1.5628357,-0.3770752
4191,65.216255,68.00356,64.305336,2.7873077,-0.9109192
4192,65.06791,66.33627,65.06791,1.268364,0.0
4193,69.86539,71.62752,69.86539,1.7621307,0.0
4194,67.60921,69.82256,67.52606,2.213356,-0.08314514
4195,60.669804,62.143818,59.684887,1.4740143,-0.9849167
4196,65.950874,67.86896,65.407845,1.9180832,-0.5430298
4197,66.59322,69.63157,65.83708,3.0383453,-0.75614166
4198,60.70901,62.683735,60.70901,1.9747238,0.0
4199,73.78055,75.4837,73.42902,1.7031555,-0.35152435
4200,68.21787,70.23547,67.71568,2.017601,-0.50218964
4201,66.59784,67.932396,66.51602,1.3345566,-0.08181763
4202,69.61574,72.49233,68.975586,2.8765945,-0.640152
4203,65.90851,67.074844,65.32208,1.166336,-0.5864258
4204,68.90155,72.0475,68.90155,3.1459503,0.0
4205,65.45164,67.65409,65.45164,2.2024536,0.0
4206,68.18135,69.877686,67.90658,1.6963348,-0.27477264
4207,69.00175,70.77322,68.565575,1.7714691,-0.4361725
4208,71.090996,74.10082,70.40278,3.0098267,-0.68821716
4209,70.42553,71.12067,69.380104,0.695137,-1.0454254
4210,62.047554,63.487125,62.047554,1.4395714,0.0
4211,66.4724,67.633,65.88931,1.1606064,-0.5830841
4212,70.602425,74.122345,69.89678,3.5199203,-0.7056427
4213,67.68255,70.11838,67.34518,2.4358292,-0.33737183
4214,66.726395,68.42851,66.132324,1.7021179,-0.59407043
4215,68.273254,69.899956,67.94694,1.6267014,-0.32631683
4216,68.12201,70.07578,67.15173,1.9537735,-0.9702759
4217,63.442444,65.602875,62.829243,2.160431,-0.61320114
4218,69.0441,70.888596,68.26255,1.8444977,-0.78154755
4219,69.36457,72.04723,69.36457,2.682663,0.0
4220,69.090546,70.513985,68.4374,1.423439,-0.65314484
4221,70.75432,73.61327,70.571815,2.8589554,-0.18250275
4222,69.431946,70.74654,69.02205,1.3145905,-0.40989685
4223,69.67513,73.47884,69.67513,3.803711,0.0
4224,71.72183,73.12388,71.174095,1.4020462,-0.5477371
4225,65.97342,67.50785,65.285225,1.5344315,-0.6881943
4226,62.5062,63.451744,61.82301,0.9455452,-0.6831894
4227,67.74448,69.93481,67.17665,2.1903305,-0.5678253
4228,64.40294,66.66346,64.40294,2.260521,0.0
4229,66.67688,68.51105,66.40956,1.8341675,-0.26731873
4230,65.53962,67.29115,64.91133,1.7515335,-0.62828827
4231,74.40681,75.55344,73.9285,1.1466293,-0.47830963
4232,69.75315,73.2354,69.16744,3.4822464,-0.5857086
4233,65.46375,67.15876,65.223495,1.6950073,-0.24025726
4234,68.92963,70.69661,68.59124,1.766983,-0.33838654
4235,63.07466,64.34829,62.861446,1.2736282,-0.21321487
4236,71.55816,73.49089,71.55276,1.9327316,-0.0054016113
4237,69.87727,71.13793,69.57512,1.2606583,-0.30215454
4238,66.40521,67.37504,65.6521,0.96982574,-0.7531128
4239,64.4944,67.08256,64.4944,2.5881577,0.0
4240,71.29282,75.02998,70.960754,3.7371597,-0.3320694
4241,69.50152,70.878784,69.50152,1.3772659,0.0
4242,69.804985,71.17593,69.47161,1.3709412,-0.33337402
4243,66.35446,66.582344,65.95428,0.22788239,-0.40018463
4244,68.55754,72.393555,67.92677,3.8360138,-0.6307678
4245,65.88092,66.95528,65.856834,1.0743561,-0.024085999
4246,74.07624,76.7443,73.78379,2.6680603,-0.29244995
4247,68.49113,71.75253,68.24889,3.261406,-0.24223328
4248,65.89769,69.36311,64.85323,3.4654236,-1.0444565
4249,65.14164,65.89685,64.847786,0.7552109,-0.29385376
4250,71.68003,73.98853,71.02954,2.3085022,-0.6504898
4251,68.43467,70.268105,67.96372,1.833435,-0.47094727
4252,65.10533,67.038216,64.99954,1.9328842,-0.105789185
4253,67.528755,68.42968,67.528755,0.9009247,0.0
4254,64.7477,65.35346,64.35575,0.60575867,-0.3919525
4255,64.83579,66.12443,64.83579,1.2886353,0.0
4256,62.2383,65.1504,61.750988,2.912098,-0.48731232
4257,70.01698,72.288475,69.16786,2.271492,-0.8491211
4258,63.042713,64.885925,63.042713,1.8432121,0.0
4259,69.84373,72.733765,69.84373,2.8900375,0.0
4260,67.88829,69.26153,66.96197,1.3732376,-0.92632294
4261,67.01148,68.947624,67.01148,1.936142,0.0
4262,62.269867,64.12831,62.269867,1.8584442,0.0
4263,68.21791,70.521706,67.70985,2.3037949,-0.50806427
4264,68.163795,69.8033,67.53175,1.6395035,-0.63204193
4265,69.32685,70.69223,68.99049,1.3653793,-0.33635712
4266,66.59381,69.512314,65.96344,2.9185028,-0.6303711
4267,67.258766,68.21593,66.78428,0.95716095,-0.4744873
4268,65.320404,67.23522,65.320404,1.9148178,0.0
4269,63.30011,65.391975,63.30011,2.0918655,0.0
4270,63.133957,64.87076,63.133957,1.7368011,0.0
4271,65.546585,67.22455,65.17585,1.6779633,-0.37073517
4272,67.495544,69.85805,67.29727,2.362503,-0.1982727
4273,70.77203,74.03282,70.20329,3.260788,-0.56874084
4274,63.453934,66.31909,62.557686,2.865158,-0.89624786
4275,67.29168,70.82811,66.87115,3.5364304,-0.42053223
4276,67.26819,69.85681,67.042755,2.588623,-0.22543335
4277,66.252075,66.28243,65.54121,0.03035736,-0.71086884
4278,71.07748,75.123085,70.345894,4.0456085,-0.73158264
4279,72.71318,75.27344,71.844864,2.560257,-0.86831665
4280,66.73364,68.67267,65.91996,1.9390259,-0.81368256
4281,65.81029,66.5996,65.03809,0.78931427,-0.7721939
4282,64.29411,66.182625,64.29411,1.8885117,0.0
4283,68.716415,70.60284,68.716415,1.8864212,0.0
4284,70.264694,71.67344,69.821434,1.4087448,-0.4432602
4285,69.35291,71.145706,69.24393,1.7927933,-0.1089859
4286,63.761314,65.1656,62.983105,1.4042892,-0.7782097
4287,64.176186,66.04879,63.679134,1.8726044,-0.49705124
4288,66.30967,68.751205,65.86338,2.441536,-0.44628906
4289,65.946106,66.870186,65.80139,0.9240799,-0.14471436
4290,70.32668,73.81348,70.23378,3.4867935,-0.09290314
4291,66.597176,68.95138,66.597176,2.3542023,0.0
4292,71.88417,74.755806,71.327675,2.8716354,-0.55649567
4293,60.862225,61.426006,60.822968,0.56378174,-0.03925705
4294,64.815834,66.09299,64.815834,1.277153,0.0
4295,65.26096,66.637535,65.26096,1.3765717,0.0
4296,70.343155,71.528564,70.35817,1.1854095,0.015014648
4297,61.93537,63.032135,61.93537,1.0967636,0.0
4298,65.80886,67.51634,65.34811,1.7074814,-0.4607544
4299,70.73592,72.01924,70.73592,1.2833176,0.0
4300,66.50713,70.49616,65.950195,3.989029,-0.5569382
4301,70.894066,73.710495,70.13307,2.8164291,-0.76099396
4302,69.79703,72.2617,69.75221,2.464676,-0.044815063
4303,68.4713,69.11833,67.61886,0.6470337,-0.8524399
4304,72.16609,74.82245,71.39901,2.6563568,-0.7670822
4305,61.79738,62.629414,61.236267,0.83203506,-0.56111145
4306,69.2171,70.61778,69.2171,1.4006805,0.0
4307,65.06424,67.43141,64.47546,2.3671722,-0.58878326
4308,67.7393,69.6234,67.30746,1.8840942,-0.43184662
4309,65.06915,67.2316,64.688866,2.162445,-0.38028717
4310,68.547005,70.47109,67.7018,1.9240875,-0.8452072
4311,68.5143,71.12696,67.87675,2.6126633,-0.63755035
4312,65.32898,68.10445,65.32898,2.775467,0.0
4313,64.73411,65.06504,64.73411,0.33093262,0.0
4314,70.954124,73.59661,70.770164,2.6424866,-0.18395996
4315,68.63876,70.219986,68.15438,1.5812225,-0.48438263
4316,67.65907,68.28388,67.30223,0.62480927,-0.35684204
4317,64.06485,64.43304,63.726704,0.36818695,-0.3381462
4318,66.515594,67.31217,66.515594,0.79657745,0.0
4319,65.7359,65.22337,65.24892,-0.51252747,-0.48698425
4320,67.00744,70.26797,67.00744,3.2605286,0.0
4321,67.312515,70.97343,66.67131,3.6609116,-0.64120483
4322,61.4813,62.478695,61.293816,0.99739456,-0.18748474
4323,61.99033,64.54051,61.99033,2.5501823,0.0
4324,63.264603,65.55763,62.88064,2.2930298,-0.38396454
4325,69.437996,71.34214,69.437996,1.9041443,0.0
4326,70.28797,72.29459,70.04389,2.0066223,-0.24407959
4327,63.439693,65.695076,63.439693,2.2553825,0.0
4328,64.70719,65.79151,63.981262,1.0843201,-0.72592926
4329,69.446304,71.5578,69.432724,2.111496,-0.013580322
4330,64.96613,67.93383,64.19478,2.9676971,-0.7713547
4331,60.73245,62.1582,60.15693,1.4257507,-0.57551956
4332,69.34492,70.33183,69.03518,0.9869156,-0.30973816
4333,63.922966,65.56953,63.922966,1.6465607,0.0
4334,64.065346,67.45635,64.065346,3.3910065,0.0
4335,68.42427,70.27539,68.42427,1.85112,0.0
4336,68.97579,70.53355,68.40262,1.5577545,-0.5731735
4337,62.24907,63.73244,61.358112,1.4833717,-0.8909569
4338,67.9207,68.988815,67.673416,1.0681152,-0.24728394
4339,66.59043,68.906906,65.87561,2.316475,-0.71482086
4340,66.44716,68.900764,65.499855,2.4536057,-0.9473038
4341,65.422066,68.632484,65.113075,3.2104187,-0.30899048
4342,65.74696,67.53513,65.923775,1.7881699,0.17681122
4343,69.68919,70.62128,69.12321,0.93208313,-0.56598663
4344,68.72963,70.55419,68.12631,1.8245621,-0.60331726
4345,72.039764,74.04905,71.92223,2.009285,-0.11753082
4346,70.41609,73.03172,70.34961,2.615631,-0.066482544
4347,69.15763,71.40773,68.64247,2.2500992,-0.5151596
4348,67.12993,68.67395,66.69335,1.5440216,-0.43657684
4349,66.028854,67.95358,65.46151,1.9247284,-0.56734467
4350,68.427345,71.254845,68.31846,2.8274994,-0.10888672
4351,65.45801,66.854706,65.10867,1.396698,-0.34933472
4352,66.67663,68.1715,66.02379,1.494873,-0.65283966
4353,63.434464,65.43096,63.434464,1.9964981,0.0
4354,64.303444,66.243515,63.78244,1.9400711,-0.5210037
4355,69.40049,70.56968,69.40049,1.1691895,0.0
4356,62.52277,64.07979,62.52277,1.5570183,0.0
4357,69.24378,71.27073,68.99173,2.026947,-0.2520523
4358,69.44624,71.271866,69.0403,1.8256226,-0.40594482
4359,64.09164,65.45543,63.675457,1.3637924,-0.41617966
4360,68.99691,70.726295,68.58163,1.7293854,-0.4152832
4361,68.61854,72.446335,68.29205,3.827797,-0.32648468
4362,64.991905,66.94704,64.78546,1.9551315,-0.20644379
4363,74.90569,76.190414,74.60993,1.2847214,-0.2957611
4364,64.27082,65.841125,63.488365,1.5703049,-0.78245544
4365,67.457214,69.40675,67.72067,1.9495392,0.26345825
4366,67.57105,68.52484,67.18868,0.95378876,-0.38237
4367,60.87115,62.363266,60.87115,1.492115,0.0
4368,66.894035,67.96581,65.918396,1.0717773,-0.97563934
4369,68.776634,70.30342,68.28506,1.5267868,-0.49157715
4370,63.88323,65.145584,63.62648,1.2623558,-0.2567482
4371,68.65943,70.55723,67.77506,1.8977966,-0.8843689
4372,61.59452,62.673412,60.82374,1.0788918,-0.7707825
4373,63.138607,64.51628,62.91499,1.3776741,-0.22361755
4374,68.56258,70.0662,67.82738,1.503624,-0.735199
4375,66.19713,67.81235,66.19713,1.6152191,0.0
4376,66.03211,68.892845,65.323616,2.860733,-0.7084961
4377,69.45646,71.289375,68.40834,1.8329163,-1.0481186
4378,64.05308,66.17306,63.25395,2.1199799,-0.7991295
4379,69.02737,70.81854,68.796684,1.7911758,-0.23068237
4380,67.37735,69.07487,67.37735,1.6975174,0.0
4381,68.46083,69.068,68.506035,0.6071701,0.045204163
4382,72.25713,73.30049,71.848915,1.0433578,-0.40821838
4383,61.886185,63.867073,61.42429,1.9808884,-0.461895
4384,62.17968,63.626446,61.11053,1.4467659,-1.069149
4385,61.26043,62.6189,61.28503,1.3584709,0.024600983
4386,63.372562,64.487045,62.694096,1.1144829,-0.6784668
4387,67.47267,68.71349,67.47267,1.2408218,0.0
4388,69.03349,69.868416,67.30466,0.8349228,-1.728836
4389,59.690224,61.376377,59.690224,1.6861534,0.0
4390,65.69925,67.45825,65.015465,1.7590027,-0.6837845
4391,71.57285,75.01606,71.49602,3.4432068,-0.07683563
4392,66.53893,67.86833,66.53893,1.3293991,0.0
4393,66.90896,67.81964,66.81886,0.9106827,-0.09009552
4394,65.61634,67.98012,65.61634,2.3637772,0.0
4395,71.59938,74.30102,71.055275,2.7016373,-0.5441055
4396,68.83429,72.2514,68.83429,3.4171143,0.0
4397,66.82878,69.40967,66.73854,2.5808868,-0.09024048
4398,71.43531,73.489655,71.46967,2.0543442,0.034362793
4399,66.3412,68.49753,65.8007,2.1563263,-0.54050446
4400,67.96314,70.21827,66.65211,2.255127,-1.3110352
4401,67.51648,69.4112,67.174034,1.894722,-0.34244537
4402,61.18774,62.09152,60.741463,0.9037781,-0.44627762
4403,69.50026,71.73539,69.17849,2.2351303,-0.3217697
4404,66.37397,67.60508,65.779366,1.2311096,-0.5946045
4405,61.67016,62.402534,60.9271,0.7323761,-0.74305725
4406,68.18213,69.58826,68.18213,1.4061279,0.0
4407,64.73675,65.17615,65.2046,0.43939972,0.46784973
4408,68.02611,70.38118,67.384056,2.355072,-0.6420517
4409,66.40933,68.63858,65.79347,2.229248,-0.61586
4410,62.2844,63.428368,61.94668,1.1439667,-0.33772278
4411,62.038734,63.443184,61.96188,1.4044495,-0.076854706
4412,73.34467,74.39289,72.535385,1.0482178,-0.809288
4413,66.18521,68.826294,66.18521,2.6410828,0.0
4414,72.41387,75.096634,72.07381,2.6827621,-0.340065
4415,66.569984,68.55814,65.81368,1.9881592,-0.7563019
4416,65.4917,67.12617,64.58457,1.6344681,-0.9071274
4417,66.04378,68.023705,65.20011,1.9799271,-0.8436661
4418,66.93157,68.17578,66.37152,1.2442093,-0.56005096
4419,71.326454,73.79709,70.99666,2.4706345,-0.32979584
4420,70.826614,73.430504,70.25858,2.6038895,-0.5680313
4421,65.72645,66.972694,65.47759,1.2462463,-0.24885559
4422,69.21768,71.11317,68.51456,1.8954849,-0.703125
4423,66.090904,66.01649,64.86755,-0.074417114,-1.2233505
4424,69.84038,71.06215,69.134026,1.2217712,-0.70635223
4425,58.64726,58.982113,58.64726,0.33485413,0.0
4426,66.71104,67.15258,66.71104,0.44154358,0.0
4427,64.89408,67.01079,64.14083,2.1167068,-0.7532501
4428,67.54227,68.58574,67.378685,1.0434723,-0.16358185
4429,66.73175,69.8065,66.29951,3.0747528,-0.43224335
4430,65.21978,67.18058,65.207344,1.9608002,-0.012435913
4431,65.01151,67.21679,64.528725,2.2052765,-0.4827881
4432,64.69408,66.432365,64.19988,1.7382889,-0.49419403
4433,70.619644,73.49326,69.90058,2.873619,-0.7190628
4434,71.55138,72.55467,71.57783,1.0032959,0.02645111
4435,64.83131,65.925156,64.83131,1.0938492,0.0
4436,64.67758,65.62127,64.52135,0.94368744,-0.15623474
4437,60.49206,61.68236,59.579876,1.1903,-0.91218567
4438,68.249275,71.594925,67.94604,3.3456497,-0.30323792
4439,71.56883,73.10189,71.34707,1.5330582,-0.22176361
4440,69.22248,72.010826,69.23578,2.7883453,0.013298035
4441,68.35766,70.4394,67.77519,2.0817413,-0.5824661
4442,73.20005,74.941536,72.91511,1.7414856,-0.28494263
4443,62.79528,63.553436,62.79528,0.7581558,0.0
4444,61.9323,62.88073,61.009052,0.9484291,-0.9232483
4445,65.696014,68.35917,65.38848,2.6631546,-0.30753326
4446,70.44803,71.85857,69.07178,1.4105377,-1.3762512
4447,59.715588,61.482365,59.04851,1.766777,-0.6670761
4448,67.24867,69.67496,66.591835,2.4262848,-0.65683746
4449,66.08244,68.28153,65.34554,2.199089,-0.7369003
4450,65.918274,70.7831,65.0469,4.8648224,-0.87137604
4451,65.67203,67.07398,65.67203,1.4019547,0.0
4452,66.63209,69.13676,66.63209,2.5046692,0.0
4453,64.21511,65.83624,63.71133,1.6211319,-0.50378036
4454,69.27383,70.53905,68.33465,1.2652206,-0.93917847
4455,66.47377,68.24741,66.1247,1.7736435,-0.3490677
4456,71.91649,75.263115,71.36943,3.3466263,-0.5470581
4457,68.58768,71.45705,68.91163,2.8693695,0.32395172
4458,61.179867,62.092224,61.179867,0.91235733,0.0
4459,67.44297,67.323715,67.35935,-0.119255066,-0.083618164
4460,67.79033,69.48097,67.35299,1.6906433,-0.43733978
4461,67.618126,70.73762,67.06922,3.1194916,-0.5489044
4462,68.47336,70.17036,67.77981,1.6969986,-0.6935501
4463,72.34741,75.012726,72.17582,2.6653137,-0.17159271
4464,68.85078,69.88666,68.77886,1.035881,-0.07191467
4465,70.16109,73.00435,70.16109,2.8432617,0.0
4466,67.00703,70.06587,66.22343,3.0588455,-0.78359985
4467,59.230022,60.550266,59.230022,1.3202438,0.0
4468,68.35006,69.168945,67.600395,0.8188858,-0.7496643
4469,66.43214,68.94494,66.215096,2.5128021,-0.21704102
4470,66.10838,68.04969,66.10838,1.9413071,0.0
4471,69.78415,70.96333,69.07236,1.179184,-0.711792
4472,68.90583,71.53064,68.90583,2.6248093,0.0
4473,65.881805,68.4378,65.40799,2.5559921,-0.47381592
4474,66.60806,68.761345,66.17846,2.1532822,-0.42960358
4475,64.12217,65.43875,63.518158,1.3165817,-0.60401154
4476,71.64434,73.43931,70.99325,1.7949677,-0.6510925
4477,69.59426,72.475525,68.86963,2.8812637,-0.72463226
4478,66.649414,69.98863,66.55166,3.3392181,-0.09775543
4479,69.61706,70.9874,69.15376,1.3703384,-0.46329498
4480,67.03247,69.54844,66.89611,2.5159683,-0.13636017
4481,67.1914,69.40232,66.747536,2.2109222,-0.44386292
4482,70.06799,73.40427,70.06799,3.3362732,0.0
4483,69.333626,71.3378,68.84439,2.0041733,-0.48923492
4484,68.712265,70.57949,68.712265,1.8672256,0.0
4485,68.45551,69.73628,68.10204,1.2807693,-0.35346985
4486,66.49709,69.07068,65.87687,2.5735855,-0.620224
4487,72.61735,75.27439,72.22615,2.6570435,-0.3911972
4488,65.17954,66.40504,64.7936,1.2254944,-0.38594055
4489,65.21466,66.85295,64.439896,1.6382904,-0.774765
4490,70.35324,74.52643,70.03315,4.1731873,-0.32009125
4491,67.26645,68.98236,66.73398,1.7159119,-0.5324707
4492,61.80056,66.861595,61.80056,5.061035,0.0
4493,66.943054,69.66106,66.55982,2.7180023,-0.38323212
4494,66.26027,69.624466,65.46968,3.3641968,-0.7905884
4495,67.57967,70.0298,66.869354,2.4501266,-0.7103195
4496,69.35489,71.94097,68.70681,2.5860825,-0.6480789
4497,71.1203,72.71139,70.68374,1.5910873,-0.43656158
4498,62.972565,64.09282,62.404057,1.1202545,-0.56850815
4499,67.448494,69.76287,66.50361,2.3143768,-0.94488525
4500,67.79026,69.018166,67.01565,1.2279053,-0.7746124
4501,60.76134,60.663055,60.571907,-0.098285675,-0.18943405
4502,70.26668,72.106514,69.528564,1.8398361,-0.7381134
4503,62.542534,64.24649,62.483288,1.7039566,-0.059246063
4504,66.19144,66.30221,66.19144,0.11077118,0.0
4505,68.74534,70.4408,68.74534,1.6954651,0.0
4506,70.33421,71.439674,70.006874,1.1054611,-0.32733917
4507,70.84321,73.374344,70.23553,2.5311356,-0.6076813
4508,67.68551,69.783936,67.072685,2.0984268,-0.6128235
4509,64.49102,66.62105,64.49102,2.1300278,0.0
4510,67.49799,68.71291,67.49799,1.21492,0.0
4511,65.71613,68.58795,64.95078,2.8718185,-0.76535034
4512,69.446754,71.45334,68.68747,2.0065842,-0.759285
4513,57.80668,59.67858,56.399242,1.8719025,-1.4074364
4514,65.62739,68.248566,64.97284,2.6211777,-0.65454865
4515,63.86367,65.80123,63.86367,1.937561,0.0
4516,67.69869,69.290565,67.29028,1.5918732,-0.40840912
4517,69.13143,70.99199,68.73618,1.8605576,-0.3952484
4518,69.14292,71.13805,68.37475,1.9951248,-0.7681732
4519,67.22442,68.51913,66.784355,1.2947083,-0.44006348
4520,65.68382,66.93501,65.79358,1.2511902,0.10975647
4521,64.48907,66.38009,63.79495,1.8910217,-0.6941185
4522,62.7597,63.853806,62.23744,1.0941048,-0.5222626
4523,63.73128,66.45628,63.223392,2.7250023,-0.5078888
4524,65.40736,69.68236,65.40736,4.2750015,0.0
4525,64.6643,66.84389,63.931313,2.1795883,-0.73298645
4526,66.08388,67.79564,65.81355,1.7117615,-0.2703247
4527,67.50872,69.010056,67.051025,1.5013351,-0.457695
4528,65.33599,66.773415,65.33599,1.4374237,0.0
4529,67.96133,70.18211,67.65673,2.220787,-0.30459595
4530,65.66826,66.977234,65.03882,1.3089752,-0.6294403
4531,69.057335,72.69747,69.057335,3.6401367,0.0
4532,65.202736,66.38067,65.01428,1.1779327,-0.18845367
4533,64.700935,66.15084,64.700935,1.4499054,0.0
4534,69.68064,73.18172,68.92848,3.5010757,-0.7521591
4535,67.17555,69.624466,66.66385,2.4489136,-0.5117035
4536,61.3947,63.10073,61.3947,1.7060318,0.0
4537,65.21641,66.39611,64.454575,1.1797028,-0.7618332
4538,67.26189,68.89733,66.74472,1.6354446,-0.51716614
4539,71.39469,73.00136,71.216385,1.6066666,-0.17830658
4540,63.347744,64.44622,62.358486,1.0984764,-0.9892578
4541,69.00746,71.16535,69.00746,2.1578903,0.0
4542,63.879246,65.41877,63.26993,1.5395241,-0.60931396
4543,63.312996,66.31692,63.312996,3.0039215,0.0
4544,72.35775,75.21345,72.35775,2.8556976,0.0
4545,64.70785,66.33642,64.267494,1.6285706,-0.4403534
4546,62.961468,65.76057,61.785637,2.799099,-1.1758308
4547,58.23219,58.96017,58.23219,0.72798157,0.0
4548,71.501915,73.747894,71.144714,2.2459793,-0.35720062
4549,67.16907,69.497856,66.951996,2.3287888,-0.21707153
4550,66.12202,67.63275,65.687874,1.5107346,-0.43414307
4551,62.072556,63.143803,61.100185,1.0712471,-0.97237015
4552,69.44412,71.18083,69.047104,1.7367096,-0.39701843
4553,65.9943,67.64371,65.661354,1.6494064,-0.33294678
4554,67.20994,67.35202,67.20994,0.14208221,0.0
4555,68.07467,70.73319,68.07467,2.6585236,0.0
4556,65.57451,66.83489,64.9361,1.2603836,-0.6384125
4557,69.8126,70.97069,68.78562,1.1580887,-1.0269775
4558,71.749054,73.55056,71.749054,1.801506,0.0
4559,68.84049,72.64385,68.375565,3.80336,-0.46492767
4560,68.19003,69.59665,67.71696,1.4066162,-0.47307587
4561,61.45717,62.794285,61.28171,1.3371162,-0.175457
4562,64.611015,67.029045,64.54821,2.4180298,-0.062805176
4563,67.04899,68.26377,66.77922,1.2147827,-0.26976776
4564,65.56924,66.82004,65.410385,1.2508011,-0.15885162
4565,68.68856,70.75935,67.88382,2.0707932,-0.8047409
4566,65.37798,66.135956,65.32403,0.7579727,-0.053955078
4567,64.2965,65.48596,63.5947,1.1894608,-0.7018013
4568,67.24302,69.939674,66.98187,2.6966553,-0.26114655
4569,70.29097,72.79031,70.29097,2.4993439,0.0
4570,65.55119,70.382,65.55119,4.8308105,0.0
4571,69.04934,71.4069,69.04934,2.3575592,0.0
4572,67.70344,68.60326,67.14179,0.8998184,-0.5616455
4573,67.112495,68.61782,66.71768,1.5053253,-0.39481354
4574,63.03373,64.16808,63.03373,1.1343536,0.0
4575,70.47673,72.11984,70.29228,1.6431122,-0.18444824
4576,66.639305,67.689354,65.9453,1.0500488,-0.6940079
4577,69.74239,71.620155,69.370026,1.8777618,-0.37236786
4578,68.48672,70.369545,67.69447,1.8828278,-0.79224396
4579,69.024796,71.39577,69.024796,2.3709717,0.0
4580,69.1381,70.70187,69.1381,1.5637741,0.0
4581,68.512245,71.06093,68.512245,2.5486832,0.0
4582,73.84984,77.66524,73.53432,3.8153992,-0.31552124
4583,64.933334,65.770775,64.29366,0.8374405,-0.6396713
4584,65.92763,68.68695,65.19395,2.7593231,-0.7336807
4585,66.21837,67.18094,65.87131,0.9625702,-0.34706116
4586,65.194595,70.85611,65.194595,5.6615143,0.0
4587,60.2161,61.3139,59.606777,1.0978012,-0.6093216
4588,69.14132,71.13064,68.917145,1.9893188,-0.2241745
4589,70.8086,73.97987,70.8086,3.1712723,0.0
4590,71.56802,74.92719,71.06084,3.359169,-0.5071869
4591,65.83967,67.29566,65.1425,1.4559937,-0.69716644
4592,71.70229,74.41306,71.53552,2.7107697,-0.16677094
4593,61.69561,64.42768,61.414047,2.732071,-0.2815628
4594,58.874557,61.322823,58.874557,2.448265,0.0
4595,64.84907,66.30084,64.65535,1.4517746,-0.19371796
4596,69.05964,71.66435,68.6931,2.6047134,-0.366539
4597,60.59521,60.466957,60.59521,-0.12825394,0.0
4598,63.331577,66.49618,63.091866,3.1646004,-0.23971176
4599,69.761856,71.20971,69.50602,1.4478531,-0.2558365
4600,64.18661,66.20506,63.66573,2.0184555,-0.52087784
4601,69.90686,70.975746,70.129715,1.0688858,0.22285461
4602,70.38742,71.92204,70.38742,1.5346222,0.0
4603,65.26381,66.701294,65.26381,1.4374847,0.0
4604,75.25362,75.97972,75.124695,0.72610474,-0.12892151
4605,64.960724,66.32341,64.10283,1.3626862,-0.8578949
4606,62.8506,65.28375,62.051376,2.4331512,-0.79922485
4607,63.861794,64.20892,63.678024,0.34712982,-0.18376923
4608,60.51386,62.14033,59.971134,1.6264725,-0.5427246
4609,65.76052,67.511856,65.264175,1.7513351,-0.49634552
4610,66.4593,69.49895,65.59509,3.03965,-0.8642044
4611,66.575134,67.85134,66.18693,1.276207,-0.38820648
4612,64.253105,65.32165,63.04061,1.0685425,-1.2124939
4613,71.94768,74.06853,71.59971,2.1208496,-0.34796906
4614,74.26725,75.1563,74.105095,0.88905334,-0.16215515
4615,66.87207,68.31433,66.5175,1.4422607,-0.35456848
4616,66.6293,69.34455,66.6293,2.715248,0.0
4617,68.19315,70.56652,68.6826,2.3733673,0.48944855
4618,65.97684,67.16797,65.97684,1.1911316,0.0
4619,67.40728,68.980034,67.14567,1.5727539,-0.26161194
4620,64.50674,65.63831,64.050545,1.1315765,-0.45619202
4621,65.8303,67.7193,65.44114,1.8889999,-0.38916016
4622,67.522514,68.79363,66.840996,1.2711182,-0.68151855
4623,66.47853,69.046265,66.15257,2.5677338,-0.32595825
4624,70.75191,73.49107,70.70985,2.7391663,-0.042060852
4625,64.82354,66.853676,64.56165,2.030136,-0.2618866
4626,73.470825,76.01137,72.65315,2.5405426,-0.8176727
4627,61.449726,63.132065,60.805607,1.6823387,-0.64411926
4628,64.906296,66.557526,64.973465,1.6512299,0.06716919
4629,64.92722,66.58474,64.404945,1.6575165,-0.52227783
4630,66.37548,67.47716,65.66002,1.101677,-0.71546173
4631,64.51557,64.9495,64.016205,0.43392944,-0.49936676
4632,66.389435,68.28755,65.26177,1.8981171,-1.1276627
4633,64.88599,65.31006,64.22992,0.42407227,-0.6560669
4634,70.90008,72.93872,70.67158,2.038643,-0.22850037
4635,61.187595,63.36301,60.347908,2.175415,-0.83968735
4636,70.50631,72.35335,69.80585,1.8470383,-0.70046234
4637,69.85829,71.00288,69.53439,1.1445847,-0.32389832
4638,65.909294,68.200134,65.67911,2.2908401,-0.23018646
4639,66.59341,68.564316,66.59341,1.9709091,0.0
4640,68.26535,69.597176,67.9997,1.3318253,-0.2656479
4641,67.33608,72.60183,66.61652,5.265747,-0.7195587
4642,62.755604,63.175594,62.755604,0.41999054,0.0
4643,68.732056,69.461365,68.18411,0.7293091,-0.5479431
4644,66.23254,67.233376,66.14414,1.0008392,-0.088394165
4645,68.216324,68.88391,68.10689,0.6675873,-0.109436035
4646,63.100407,64.88774,62.489502,1.7873344,-0.6109047
4647,64.92856,65.750694,64.7401,0.8221359,-0.1884613
4648,61.413574,63.341732,61.288258,1.9281578,-0.12531662
4649,65.884155,67.24429,65.56979,1.3601379,-0.31436157
4650,68.41132,69.801,68.3621,1.389679,-0.049224854
4651,66.74484,70.349335,66.74484,3.6044922,0.0
4652,67.5043,70.65095,67.5043,3.1466446,0.0
4653,65.37267,67.693214,64.865204,2.3205414,-0.5074692
4654,63.467815,65.60227,62.862896,2.1344566,-0.60491943
4655,65.47528,67.25925,65.47528,1.7839661,0.0
4656,64.10987,65.44347,64.10987,1.3335953,0.0
4657,64.4988,66.57321,64.31987,2.0744095,-0.17893219
4658,64.79689,65.57667,64.79689,0.7797775,0.0
4659,69.19048,71.09637,68.65129,1.9058838,-0.5391922
4660,68.60277,68.562065,67.045784,-0.04070282,-1.556984
4661,65.01951,68.726,63.887817,3.7064896,-1.131691
4662,62.51572,64.069824,61.673782,1.5541039,-0.841938
4663,67.266655,68.465836,67.26015,1.1991806,-0.0065078735
4664,68.78278,71.92842,68.54052,3.1456375,-0.2422638
4665,61.7417,61.761814,61.645542,0.020114899,-0.096157074
4666,69.37002,70.07746,68.92958,0.70744324,-0.44043732
4667,66.6159,68.37523,66.246155,1.7593307,-0.36974335
4668,71.39463,75.10802,71.00525,3.7133865,-0.3893814
4669,64.109024,65.53069,63.92902,1.421669,-0.18000412
4670,64.53575,65.23192,63.768856,0.696167,-0.7668953
4671,68.37727,68.7547,67.78184,0.37742615,-0.5954361
4672,62.37254,64.02841,61.319725,1.6558723,-1.0528145
4673,68.60587,70.01106,68.60587,1.4051895,0.0
4674,67.29078,71.96692,67.0709,4.67614,-0.21987915
4675,70.66159,74.28003,70.281334,3.6184387,-0.38025665
4676,72.16069,74.65368,71.59069,2.4929886,-0.5699997
4677,70.47752,73.06148,70.47752,2.5839539,0.0
4678,67.98517,72.318855,67.98517,4.333687,0.0
4679,66.31989,68.62558,65.69318,2.305687,-0.6267166
4680,64.8795,65.85695,64.20281,0.9774475,-0.67668915
4681,66.36624,69.03773,66.06206,2.671486,-0.30418396
4682,70.427826,72.22851,70.23165,1.8006821,-0.19617462
4683,62.50376,64.9462,62.50376,2.4424362,0.0
4684,65.28341,66.22284,64.5293,0.93943024,-0.75411224
4685,67.53596,69.80777,67.50628,2.2718124,-0.029678345
4686,67.06836,69.215385,66.71708,2.147026,-0.3512802
4687,65.4291,67.47044,64.96044,2.0413437,-0.46865845
4688,61.0445,62.298225,60.915615,1.253727,-0.12888336
4689,65.16695,67.336075,65.026054,2.1691284,-0.14089203
4690,68.85851,69.84374,68.85851,0.9852295,0.0
4691,64.25139,65.95651,63.775513,1.7051239,-0.47587585
4692,72.2288,74.84599,71.643845,2.6171951,-0.5849533
4693,62.33669,64.23657,62.33669,1.8998833,0.0
4694,67.96576,73.14108,67.96576,5.1753235,0.0
4695,73.241264,75.14837,72.250305,1.9071045,-0.99095917
4696,63.665146,66.14434,63.16625,2.4791946,-0.49889755
4697,62.64257,64.455734,61.698463,1.8131638,-0.94410706
4698,70.40581,74.32293,70.40581,3.917122,0.0
4699,71.70688,75.11906,71.21843,3.412178,-0.4884491
4700,68.69094,70.346794,68.47745,1.6558533,-0.21349335
4701,65.020386,65.12578,64.605156,0.105392456,-0.4152298
4702,69.40638,72.979935,69.42274,3.573555,0.016357422
4703,66.88666,69.16259,66.60854,2.2759323,-0.27811432
4704,66.03978,68.14457,65.59804,2.1047897,-0.44174194
4705,65.30991,66.37961,64.87495,1.0696945,-0.43496704
4706,66.53181,67.61237,65.92566,1.0805664,-0.60614777
4707,72.371735,74.75465,72.05751,2.3829117,-0.31422424
4708,64.37552,66.820885,63.50045,2.445366,-0.87506866
4709,69.74171,71.03409,69.74171,1.2923813,0.0
4710,72.68348,75.21496,72.030266,2.531479,-0.6532135
4711,69.25189,73.0942,68.62632,3.842308,-0.6255722
4712,66.176956,67.732765,66.41061,1.555809,0.23365021
4713,64.5253,65.29721,64.12551,0.7719116,-0.3997879
4714,67.25139,70.16546,66.654945,2.9140701,-0.5964432
4715,67.28529,67.55168,67.2736,0.26638794,-0.011695862
4716,69.99918,73.678986,69.53175,3.679802,-0.4674301
4717,69.327095,70.15244,68.39273,0.8253479,-0.9343643
4718,63.711914,63.941372,63.945827,0.22945786,0.23391342
4719,70.84023,72.646164,70.56745,1.8059311,-0.27278137
4720,63.591274,65.92916,62.3842,2.3378868,-1.2070732
4721,66.135956,67.528046,65.90163,1.3920898,-0.23432922
4722,66.2714,67.77694,65.79494,1.505539,-0.47646332
4723,66.44465,68.29167,66.44465,1.847023,0.0
4724,64.795395,65.72084,64.32321,0.92544556,-0.47218323
4725,69.38721,73.01816,68.618095,3.630951,-0.76911163
4726,69.63592,72.03851,69.63592,2.4025955,0.0
4727,71.322945,73.863815,70.49993,2.5408707,-0.8230133
4728,69.89196,73.719086,69.37011,3.8271255,-0.5218506
4729,66.63004,66.9583,65.88562,0.3282547,-0.7444229
4730,70.16772,72.93466,70.16772,2.766945,0.0
4731,70.91063,73.38106,70.63426,2.4704285,-0.2763672
4732,66.053894,67.539276,65.29801,1.4853821,-0.75588226
4733,66.472694,68.32615,65.98711,1.8534546,-0.48558807
4734,70.67894,75.023186,70.67894,4.344246,0.0
4735,69.02527,70.475746,68.731026,1.4504776,-0.29424286
4736,71.0968,72.48894,69.58282,1.3921356,-1.5139847
4737,65.76153,67.120995,65.76153,1.3594666,0.0
4738,64.20159,67.16246,63.8212,2.9608688,-0.38039017
4739,68.90073,71.633,68.61728,2.732277,-0.28344727
4740,63.263493,65.61681,62.568188,2.353321,-0.6953049
4741,65.30061,67.6415,64.44021,2.340889,-0.86040497
4742,66.66646,68.12364,66.66646,1.4571838,0.0
4743,72.97068,74.361244,72.52951,1.390564,-0.44116974
4744,61.660275,64.02842,61.660275,2.368145,0.0
4745,61.864235,63.63829,61.864235,1.7740555,0.0
4746,66.97936,66.73541,65.60543,-0.24394989,-1.3739319
4747,64.517494,66.292854,64.177284,1.7753601,-0.34020996
4748,64.7788,66.85657,64.14206,2.0777664,-0.63674164
4749,65.79412,66.634995,65.79412,0.8408737,0.0
4750,64.86174,66.22598,64.22636,1.3642426,-0.6353836
4751,65.02013,65.87907,64.30872,0.8589401,-0.7114029
4752,71.03766,72.66108,71.03766,1.6234207,0.0
4753,62.19105,67.6583,62.19105,5.467251,0.0
4754,65.380585,68.04207,64.86721,2.6614838,-0.5133743
4755,61.959,64.371925,61.67765,2.4129257,-0.28134918
4756,67.41384,69.08835,66.86017,1.6745071,-0.5536728
4757,64.85481,65.34246,64.43121,0.487648,-0.42359924
4758,68.078,69.570694,66.86765,1.492691,-1.21035
4759,61.904213,62.138344,61.904213,0.23413086,0.0
4760,69.059616,70.3568,68.29192,1.2971802,-0.76769257
4761,67.423164,69.79734,66.98968,2.374176,-0.43348694
4762,62.75599,63.8329,62.75599,1.0769119,0.0
4763,71.14669,75.307014,71.14669,4.160324,0.0
4764,64.76733,66.240944,64.211525,1.4736176,-0.5558014
4765,67.54638,73.37187,67.127235,5.825493,-0.41914368
4766,64.561295,66.99832,63.62987,2.437027,-0.9314232
4767,73.34398,77.37895,72.29373,4.034973,-1.0502472
4768,64.20585,66.45489,64.20585,2.2490387,0.0
4769,65.60906,67.42799,64.94543,1.8189316,-0.66363525
4770,67.298805,68.872925,67.298805,1.5741196,0.0
4771,73.790016,75.99519,72.62251,2.2051773,-1.1675034
4772,60.76475,62.100704,59.63656,1.3359528,-1.1281929
4773,67.176125,68.53,66.92338,1.3538742,-0.25274658
4774,66.85781,70.5256,66.538155,3.6677856,-0.31965637
4775,65.09253,66.52839,64.234985,1.4358597,-0.85754395
4776,67.525894,68.0056,67.4462,0.4797058,-0.079696655
4777,70.823524,71.71186,70.39544,0.8883362,-0.42808533
4778,66.78267,69.706924,66.18072,2.9242554,-0.6019516
4779,65.1844,68.05112,64.74564,2.8667145,-0.43875885
4780,69.0552,71.36681,68.684,2.311615,-0.37120056
4781,65.266525,66.18194,65.11843,0.9154129,-0.14809418
4782,72.106445,77.25612,71.25612,5.1496735,-0.85032654
4783,69.15435,72.25669,69.15435,3.1023407,0.0
4784,70.26243,71.36437,69.63426,1.101944,-0.6281662
4785,65.13983,67.27535,64.97539,2.135521,-0.16444397
4786,65.46148,67.676704,65.18649,2.2152252,-0.27498627
4787,63.072025,65.19622,62.485962,2.124195,-0.5860634
4788,60.965652,62.764854,60.502144,1.799202,-0.4635086
4789,68.93557,71.19301,68.25615,2.2574387,-0.6794205
4790,62.066715,62.20336,61.49497,0.13664627,-0.5717468
4791,71.97088,74.96965,71.27401,2.9987717,-0.6968689
4792,71.5434,72.9702,70.80828,1.426796,-0.7351227
4793,73.017944,74.63651,72.83417,1.6185684,-0.18377686
4794,67.74339,69.50573,67.74339,1.7623367,0.0
4795,62.192444,63.427334,62.192444,1.23489,0.0
4796,65.05478,65.94157,64.433075,0.8867874,-0.6217041
4797,65.12124,67.566,64.56723,2.4447632,-0.5540085
4798,62.299713,62.861977,61.844025,0.5622635,-0.45568848
4799,70.665665,72.13282,70.86359,1.4671555,0.19792175
4800,68.47909,70.2457,68.689445,1.7666092,0.21035767
4801,67.588646,69.07461,67.23341,1.4859619,-0.35523224
4802,66.54283,70.13421,66.54283,3.5913773,0.0
4803,69.349724,74.00308,68.960976,4.6533585,-0.38874817
4804,66.13515,68.21029,65.529144,2.075142,-0.6060028
4805,68.30686,70.52376,67.5072,2.216896,-0.7996597
4806,68.82725,68.85065,68.712166,0.023399353,-0.11508179
4807,68.66334,70.357864,68.158806,1.6945267,-0.50453186
4808,58.88543,59.88275,58.88543,0.9973221,0.0
4809,71.23716,72.618225,70.99903,1.3810654,-0.23812866
4810,62.311443,64.1856,61.799404,1.874157,-0.5120392
4811,68.232185,70.05428,67.80518,1.8220978,-0.42700195
4812,68.8772,72.085335,68.8772,3.2081375,0.0
4813,65.70249,67.49712,65.432045,1.794632,-0.27044678
4814,72.26459,74.085175,71.62867,1.8205872,-0.63591766
4815,68.32741,70.49854,68.16104,2.171135,-0.16636658
4816,66.39547,67.05216,66.39547,0.6566925,0.0
4817,73.645454,75.55505,73.645454,1.9095993,0.0
4818,65.871346,67.02578,65.871346,1.1544342,0.0
4819,67.436264,68.58918,67.115425,1.152916,-0.32083893
4820,70.97808,73.40499,70.72577,2.4269104,-0.2523117
4821,64.10729,65.8522,63.98721,1.7449112,-0.120082855
4822,65.06356,67.445206,64.43517,2.3816452,-0.62838745
4823,67.639015,69.05416,66.903885,1.4151459,-0.7351303
4824,66.99636,70.7296,66.99636,3.7332382,0.0
4825,59.829502,60.20278,59.829502,0.37327957,0.0
4826,64.40442,65.7797,64.40442,1.3752823,0.0
4827,63.883713,65.19658,63.883713,1.3128662,0.0
4828,68.04579,70.79348,67.624405,2.7476883,-0.42138672
4829,68.65042,70.7277,68.24294,2.0772781,-0.40747833
4830,65.24056,67.807106,64.4668,2.5665436,-0.77376556
4831,67.175835,68.840675,66.43415,1.6648407,-0.74168396
4832,63.00041,65.991196,63.00041,2.9907875,0.0
4833,66.35088,68.64872,65.85988,2.2978363,-0.49100494
4834,68.66029,70.23464,68.84608,1.5743484,0.18578339
4835,69.47313,72.54632,68.66872,3.0731888,-0.80441284
4836,77.600174,78.31617,77.59698,0.7159958,-0.0031967163
4837,67.74515,68.857155,67.74515,1.1120071,0.0
4838,65.67581,68.733025,65.07671,3.0572128,-0.5990982
4839,65.92379,67.16555,66.07824,1.2417603,0.15444946
4840,65.79357,66.81933,65.79357,1.0257568,0.0
4841,71.81123,75.69882,71.15764,3.8875885,-0.653595
4842,69.2669,70.55184,69.2669,1.2849426,0.0
4843,65.37025,67.84016,64.985825,2.4699097,-0.3844223
4844,62.903763,65.64547,62.903763,2.7417068,0.0
4845,67.11696,68.313576,66.85396,1.1966171,-0.2630005
4846,66.038506,68.18446,65.81954,2.145958,-0.21896362
4847,67.17601,69.24769,66.567444,2.0716782,-0.6085663
4848,75.182594,78.33266,72.42793,3.1500626,-2.7546616
4849,68.2557,70.19654,68.1067,1.9408417,-0.14900208
4850,74.03787,76.02271,73.927155,1.9848404,-0.11071777
4851,68.57036,69.83875,68.57036,1.2683945,0.0
4852,71.12702,73.23354,71.12702,2.1065216,0.0
4853,67.66916,69.65387,66.93546,1.9847107,-0.733696
4854,63.120888,66.97471,62.38552,3.8538208,-0.7353668
4855,69.76582,72.37357,69.03625,2.60775,-0.7295761
4856,61.833782,63.274036,61.833782,1.4402542,0.0
4857,65.107574,67.33081,65.107574,2.223236,0.0
4858,65.34655,66.63072,64.570656,1.284172,-0.77589417
4859,67.15923,68.01577,67.15923,0.85653687,0.0
4860,68.33645,69.615,67.694916,1.2785492,-0.6415329
4861,63.51604,65.61709,62.81903,2.1010475,-0.69701004
4862,63.25393,63.895355,62.703224,0.6414261,-0.55070496
4863,65.60516,67.5268,65.13982,1.9216385,-0.4653473
4864,68.905876,71.071915,68.679245,2.1660385,-0.22663116
4865,73.41738,74.94863,72.73002,1.53125,-0.6873627
4866,66.07358,68.34117,65.38436,2.2675934,-0.6892166
4867,64.68834,66.700584,64.68834,2.0122452,0.0
4868,59.031536,60.849495,59.031536,1.8179588,0.0
4869,67.05514,68.638695,66.34352,1.5835571,-0.7116165
4870,64.94839,66.197205,64.97088,1.2488174,0.022491455
4871,69.30994,71.80453,69.07288,2.4945908,-0.23705292
4872,68.2498,69.28412,68.2498,1.034317,0.0
4873,66.82144,68.983765,66.82144,2.162323,0.0
4874,66.81566,70.704475,66.0935,3.8888168,-0.72216034
4875,67.36066,70.14711,66.61592,2.7864532,-0.7447357
4876,68.17475,69.823685,67.57564,1.6489334,-0.59911346
4877,63.056797,65.14746,63.056797,2.090664,0.0
4878,71.38051,73.13003,70.867355,1.7495193,-0.5131531
4879,66.02649,67.82063,65.37396,1.7941437,-0.65252686
4880,61.114784,62.691933,60.879375,1.5771484,-0.23540878
4881,66.87761,68.687546,66.662575,1.8099365,-0.21503448
4882,68.936874,70.27798,68.23698,1.3411026,-0.69989777
4883,66.44186,67.521675,66.22884,1.0798187,-0.2130127
4884,62.29746,64.57765,61.62487,2.2801933,-0.67258835
4885,71.59552,76.406944,71.59552,4.8114243,0.0
4886,67.40408,70.07771,66.53648,2.6736298,-0.8675995
4887,70.15492,73.04547,69.715515,2.8905487,-0.43940735
4888,65.94067,71.77948,65.94067,5.838814,0.0
4889,70.331894,71.31843,70.331894,0.9865341,0.0
4890,67.28177,69.681694,67.28177,2.3999252,0.0
4891,60.750607,61.37579,60.750607,0.6251831,0.0
4892,64.323586,65.61573,63.67202,1.2921448,-0.65156555
4893,65.933716,67.44184,65.76436,1.5081253,-0.1693573
4894,69.82691,72.598595,69.102196,2.7716827,-0.7247162
4895,69.06026,70.60812,68.394905,1.5478668,-0.66535187
4896,64.03348,65.95684,64.03348,1.9233627,0.0
4897,67.7917,70.076866,67.0245,2.2851639,-0.7672043
4898,65.037224,68.560936,63.899364,3.5237122,-1.1378593
4899,69.86333,72.4095,69.19656,2.546173,-0.6667633
4900,66.654915,68.77397,66.10153,2.1190567,-0.5533829
4901,65.36753,68.13728,64.44041,2.7697525,-0.927124
4902,67.230225,68.034424,66.63162,0.8041992,-0.5986023
4903,64.44025,64.743996,64.59661,0.30374908,0.15636444
4904,62.757545,63.27467,62.28296,0.5171242,-0.4745865
4905,61.413704,62.614063,61.35198,1.2003593,-0.061725616
4906,68.1695,69.819855,67.87378,1.6503525,-0.29572296
4907,70.18584,73.24465,69.56927,3.058815,-0.6165695
4908,67.31054,69.407196,66.90432,2.0966568,-0.40621948
4909,71.67992,72.867355,71.67992,1.187439,0.0
4910,66.38487,68.55043,65.83679,2.1655579,-0.54808044
4911,60.014545,61.38924,59.480495,1.3746948,-0.53405
4912,73.568115,77.065445,73.19905,3.4973297,-0.36906433
4913,63.404324,65.30332,63.504128,1.8989983,0.099803925
4914,65.683395,67.14753,65.683395,1.4641342,0.0
4915,59.513737,61.256676,59.513737,1.742939,0.0
4916,65.64315,68.46876,64.806984,2.8256073,-0.8361664
4917,70.443275,71.23093,69.83047,0.78765106,-0.6128082
4918,66.41338,68.33491,66.176254,1.921524,-0.23712921
4919,67.14805,69.28774,66.77325,2.1396942,-0.37480164
4920,70.50012,74.06351,69.90187,3.563385,-0.59825134
4921,65.15718,68.72776,64.14858,3.5705795,-1.0085983
4922,65.12088,66.66494,64.54006,1.5440598,-0.5808182
4923,64.399376,65.00227,64.12021,0.60289764,-0.27916718
4924,64.682205,65.46029,64.17649,0.7780838,-0.5057144
4925,68.54829,69.75365,67.6835,1.2053604,-0.86478424
4926,69.66171,71.269485,68.96877,1.6077728,-0.69293976
4927,66.922005,69.333916,66.30177,2.411911,-0.6202316
4928,63.714058,64.93323,63.714058,1.2191696,0.0
4929,76.33331,77.3141,75.20261,0.9807892,-1.1307068
4930,69.380516,70.670525,69.0397,1.2900085,-0.34081268
4931,73.47329,76.26555,72.559296,2.7922592,-0.91399384
4932,65.4483,66.88124,64.98055,1.4329376,-0.46775055
4933,67.957344,69.61377,67.64476,1.6564255,-0.31258392
4934,71.04663,72.92663,70.773796,1.8799973,-0.27283478
4935,66.12944,70.93463,65.15071,4.805191,-0.97872925
4936,56.375576,56.744904,56.375576,0.36932755,0.0
4937,66.95393,68.747505,66.95393,1.7935715,0.0
4938,65.915985,69.38301,65.309364,3.4670258,-0.6066208
4939,63.397583,63.615417,63.08855,0.21783447,-0.30903244
4940,61.283035,65.40504,61.283035,4.1220016,0.0
4941,67.74262,69.84734,66.978584,2.104721,-0.7640381
4942,67.04814,69.69664,66.25276,2.6484985,-0.79537964
4943,69.76442,71.276596,69.76442,1.5121765,0.0
4944,69.67391,72.41831,69.04262,2.7444,-0.63129425
4945,73.06113,74.707306,73.06113,1.6461792,0.0
4946,69.18344,70.724945,68.47317,1.5415039,-0.71027374
4947,62.098194,62.344322,61.70774,0.24612808,-0.39045334
4948,72.45414,75.43031,71.79432,2.9761734,-0.65982056
4949,64.49166,66.5528,64.32378,2.061142,-0.16788483
4950,71.54372,73.510956,71.054375,1.9672394,-0.48934174
4951,69.84989,72.090965,69.758064,2.2410736,-0.09182739
4952,62.88041,63.917736,62.30374,1.0373268,-0.5766678
4953,70.659424,72.85405,70.659424,2.1946259,0.0
4954,68.35079,70.77342,67.59449,2.4226303,-0.7563019
4955,72.525925,75.50828,72.21887,2.9823532,-0.3070526
4956,69.088936,70.841095,68.621376,1.7521591,-0.4675598
4957,69.06024,70.34755,68.54461,1.2873077,-0.5156326
4958,64.16285,67.67209,63.74915,3.5092392,-0.4137001
4959,63.374195,64.496925,63.298996,1.1227303,-0.07519913
4960,66.46683,69.82665,66.46683,3.3598251,0.0
4961,67.10169,68.79167,67.10169,1.6899796,0.0
4962,69.36049,72.38842,69.36049,3.0279312,0.0
4963,67.21666,69.46842,66.93856,2.2517624,-0.27809906
4964,65.690956,66.86315,65.690956,1.1721954,0.0
4965,71.59826,74.54746,71.2635,2.9492035,-0.33476257
4966,66.32742,68.76717,66.23959,2.4397507,-0.08782959
4967,68.75054,70.94186,68.91601,2.1913147,0.16546631
4968,66.87959,68.31259,66.1309,1.4329987,-0.7486954
4969,68.93541,71.831604,68.0654,2.8961945,-0.8700104
4970,65.29719,67.32042,64.989105,2.0232315,-0.30808258
4971,74.53153,76.07125,74.15674,1.5397186,-0.374794
4972,67.40645,70.04587,67.40645,2.6394196,0.0
4973,62.107605,63.20789,61.95712,1.1002846,-0.15048599
4974,66.4249,67.054756,66.4249,0.6298599,0.0
4975,65.25284,66.42927,64.87149,1.1764297,-0.38134766
4976,60.46101,60.519417,59.809402,0.05840683,-0.6516075
4977,65.808655,68.257774,65.687546,2.4491196,-0.12110901
4978,69.77909,71.1883,69.24518,1.4092102,-0.53391266
4979,65.838875,67.76725,65.718925,1.9283752,-0.11994934
4980,66.00232,67.89156,65.12145,1.8892441,-0.880867
4981,61.833717,63.109894,61.631653,1.2761765,-0.20206451
4982,70.527565,72.457245,70.40075,1.9296799,-0.1268158
4983,72.619545,75.90091,72.14934,3.2813644,-0.4702072
4984,68.11741,69.98837,67.49674,1.870964,-0.6206665
4985,68.38567,70.11402,67.85009,1.7283478,-0.5355835
4986,66.41496,68.089226,65.90354,1.674263,-0.5114212
4987,65.539444,67.03382,65.539444,1.4943771,0.0
4988,73.77043,76.02514,73.42543,2.2547073,-0.34500122
4989,69.225746,70.585495,68.545715,1.3597488,-0.6800308
4990,67.03301,68.1334,67.03301,1.1003876,0.0
4991,67.82743,70.90333,67.15872,3.0758972,-0.6687088
4992,71.69482,73.79658,71.20797,2.1017609,-0.48684692
4993,63.86152,64.7865,63.482014,0.92498016,-0.37950516
4994,66.05678,68.277985,66.08527,2.2212067,0.028495789
4995,70.2092,72.6705,69.96365,2.4613037,-0.24554443
4996,71.64726,73.84157,71.140785,2.1943054,-0.50647736
4997,72.20946,74.55753,71.41751,2.3480759,-0.7919464
4998,62.399704,64.17963,61.7477,1.7799225,-0.65200424
4999,69.28799,71.08168,69.28799,1.7936935,0.0
5000,70.83379,72.427444,70.2495,1.5936508,-0.5842972
5001,68.481514,70.11185,68.229675,1.630333,-0.25183868
5002,60.89618,62.113544,60.48903,1.2173653,-0.40715027
5003,68.71007,70.617355,68.71007,1.9072876,0.0
5004,62.10398,63.234993,61.11464,1.131012,-0.98934174
5005,65.80082,68.90718,64.913345,3.1063614,-0.88747406
5006,65.26919,67.09329,63.967407,1.8241043,-1.3017807
5007,67.228134,68.25991,66.69044,1.0317764,-0.53769684
5008,63.773575,64.90187,63.186756,1.1282959,-0.5868187
5009,70.94937,71.7447,70.94937,0.79532623,0.0
5010,72.743416,73.85967,72.46901,1.1162567,-0.27440643
5011,70.16885,71.80463,69.60546,1.6357727,-0.56339264
5012,67.96479,69.91548,67.96479,1.9506912,0.0
5013,66.82372,68.219505,66.49798,1.3957825,-0.32574463
5014,65.190186,67.75082,65.190186,2.5606308,0.0
5015,65.37602,67.60297,65.1083,2.226944,-0.26772308
5016,69.06796,72.50656,68.24286,3.4385986,-0.82510376
5017,63.72123,65.47015,62.987076,1.7489243,-0.73415375
5018,70.56649,76.21139,69.83143,5.6448975,-0.73506165
5019,68.405754,71.48991,68.405754,3.0841522,0.0
5020,68.01076,70.8822,67.30966,2.8714447,-0.7010956
5021,66.64698,68.37369,66.085686,1.7267075,-0.56129456
5022,70.88896,72.903305,69.868416,2.0143433,-1.020546
5023,66.00624,67.41454,66.00624,1.4083023,0.0
5024,67.05507,68.02809,66.76102,0.97302246,-0.29405212
5025,64.197044,65.92512,63.704975,1.7280731,-0.49206924
5026,65.009155,66.86542,64.73397,1.8562622,-0.27518463
5027,66.84007,69.0233,66.43276,2.1832275,-0.4073105
5028,65.88962,67.42117,65.44338,1.5315552,-0.44623566
5029,63.518845,66.08748,63.518845,2.568634,0.0
5030,65.315315,67.68521,64.75522,2.369896,-0.56009674
5031,66.39832,67.29939,65.9206,0.90106964,-0.47772217
5032,65.13887,66.00328,64.45506,0.8644104,-0.6838074
5033,66.700554,68.85997,66.23734,2.1594162,-0.46321106
5034,67.168236,69.17998,66.409775,2.0117416,-0.758461
5035,69.86571,71.389534,69.86571,1.5238266,0.0
5036,62.89492,66.821846,62.89492,3.9269257,0.0
5037,70.362076,70.78425,69.87104,0.42217255,-0.49103546
5038,62.760548,64.865105,62.0434,2.104557,-0.7171478
5039,69.48493,71.296684,68.79363,1.8117523,-0.69129944
5040,73.19751,74.56996,73.0239,1.3724518,-0.17360687
5041,72.37708,74.525764,71.80811,2.1486816,-0.5689697
5042,69.112816,70.97924,68.45419,1.8664246,-0.65862274
5043,63.94634,65.55341,63.212166,1.6070747,-0.7341728
5044,69.07194,70.456604,68.42262,1.3846664,-0.6493149
5045,67.826546,71.69709,67.826546,3.8705444,0.0
5046,68.873,70.51083,68.873,1.6378326,0.0
5047,68.123985,69.23211,67.2977,1.1081238,-0.8262863
5048,71.81554,74.42959,71.81554,2.6140518,0.0
5049,68.2122,70.909904,68.2122,2.6977081,0.0
5050,63.482594,66.44832,63.365845,2.965725,-0.11674881
5051,70.760345,73.51609,70.10724,2.755745,-0.6531067
5052,72.02137,74.60735,72.202866,2.5859833,0.18149567
5053,71.41609,73.14117,70.581184,1.7250748,-0.83490753
5054,68.62163,69.40726,68.16179,0.7856293,-0.45983887
5055,69.18734,70.31098,69.18734,1.123642,0.0
5056,68.18019,69.37448,67.296104,1.1942902,-0.8840866
5057,65.85762,67.07688,65.382095,1.2192612,-0.4755249
5058,60.584587,63.00171,60.102833,2.417122,-0.4817543
5059,66.230034,68.6373,65.803444,2.4072647,-0.42658997
5060,68.64332,72.59322,67.78,3.9499054,-0.8633194
5061,64.95968,66.06848,64.23693,1.1088028,-0.7227478
5062,69.80039,71.744804,69.19258,1.9444122,-0.607811
5063,65.14328,66.682625,64.86783,1.5393448,-0.27545166
5064,68.95777,71.163574,69.17781,2.205803,0.22003937
5065,70.858574,72.97856,70.468254,2.1199875,-0.39031982
5066,62.041836,62.766693,61.42333,0.72485733,-0.6185074
5067,69.50929,71.42286,69.08784,1.9135666,-0.42145538
5068,69.943214,72.97749,69.280304,3.0342789,-0.66291046
5069,68.0543,70.12072,66.781845,2.0664215,-1.2724533
5070,65.941635,68.3488,65.575584,2.4071655,-0.36605072
5071,64.20268,68.74062,63.797638,4.537941,-0.40504456
5072,67.26687,71.832375,66.25816,4.565506,-1.0087051
5073,63.635277,64.64941,62.94422,1.0141296,-0.6910553
5074,67.098434,69.39683,66.45417,2.2983932,-0.6442642
5075,65.304,67.13099,65.3072,1.8269882,0.0031967163
5076,67.75714,70.994606,66.99955,3.237465,-0.75759125
5077,71.16635,73.653656,71.16635,2.4873047,0.0
5078,67.00956,70.107574,66.33235,3.0980148,-0.67720795
5079,70.42896,73.27968,70.42896,2.8507156,0.0
5080,64.97617,66.824814,64.473076,1.8486404,-0.50309753
5081,65.841995,68.59102,65.22322,2.7490234,-0.6187744
5082,64.90438,65.86186,64.90438,0.9574814,0.0
5083,64.41507,67.12749,63.801228,2.7124176,-0.613842
5084,69.57816,72.0758,69.57816,2.497635,0.0
5085,64.33062,65.1682,63.728542,0.8375778,-0.6020775
5086,71.884575,73.869965,71.884575,1.9853897,0.0
5087,71.90429,73.316475,70.96413,1.4121857,-0.94016266
5088,67.12552,69.65278,67.12552,2.5272598,0.0
5089,68.58508,70.276276,67.74457,1.6911926,-0.84051514
5090,73.68775,75.46927,73.17265,1.781517,-0.5150986
5091,67.712425,69.37912,67.37892,1.6666946,-0.33350372
5092,70.374306,72.822044,70.05661,2.4477386,-0.31769562
5093,64.14042,65.97615,63.39806,1.8357315,-0.74235916
5094,71.01321,74.26416,70.36931,3.2509537,-0.643898
5095,67.51759,69.96418,66.87542,2.4465866,-0.64217377
5096,66.49414,69.08204,66.11289,2.5878983,-0.38124847
5097,59.17137,60.132084,59.17137,0.96071243,0.0
5098,65.002464,67.843,64.60076,2.840538,-0.40170288
5099,72.07927,74.497505,71.65883,2.4182358,-0.42044067
5100,71.54206,74.950356,70.79477,3.4082947,-0.74729156
5101,67.30715,72.30863,67.30715,5.00148,0.0
5102,70.064224,72.214615,69.91258,2.1503906,-0.15164185
5103,69.65204,70.78363,69.06024,1.1315918,-0.5917969
5104,66.459564,71.56317,65.49256,5.103607,-0.96700287
5105,64.95449,65.974236,65.0116,1.0197449,0.057106018
5106,68.29449,69.63805,68.29449,1.3435593,0.0
5107,64.84573,66.65477,64.7408,1.8090363,-0.10493469
5108,67.385765,69.46622,66.65596,2.080452,-0.729805
5109,70.4901,72.55957,70.28083,2.0694733,-0.20926666
5110,63.112545,64.91423,62.482822,1.8016853,-0.6297226
5111,64.10015,67.13291,64.1313,3.0327606,0.031150818
5112,68.92205,72.38462,68.92205,3.4625702,0.0
5113,61.984978,63.914715,61.46544,1.9297371,-0.5195389
5114,68.568245,70.806114,68.568245,2.2378693,0.0
5115,68.268166,70.41714,68.268166,2.1489716,0.0
5116,69.20038,72.202194,69.20038,3.0018158,0.0
5117,64.21318,65.680305,64.08173,1.4671249,-0.13144684
5118,71.319664,73.69679,71.319664,2.3771286,0.0
5119,64.56822,66.93991,64.19148,2.3716888,-0.3767395
5120,66.07483,71.03977,64.896996,4.964943,-1.1778336
5121,65.45765,68.60727,64.92801,3.14962,-0.5296402
5122,66.95278,69.72671,66.95278,2.7739258,0.0
5123,66.553345,68.20418,66.311386,1.6508331,-0.24195862
5124,68.30123,69.22317,68.122826,0.92193604,-0.17840576
5125,71.12134,74.39106,70.11293,3.269722,-1.0084076
5126,67.17644,67.86526,66.0083,0.6888199,-1.1681366
5127,69.372536,70.750175,68.7567,1.3776398,-0.6158371
5128,57.786625,57.727688,57.786625,-0.058937073,0.0
5129,64.45863,65.676956,63.89656,1.2183228,-0.56207275
5130,67.21228,68.21979,66.636566,1.0075073,-0.5757141
5131,72.37153,74.97339,72.19881,2.60186,-0.17272186
5132,60.31016,61.508926,60.31016,1.1987648,0.0
5133,71.702415,74.09186,71.27109,2.3894424,-0.43132782
5134,68.86095,71.68159,68.418884,2.8206406,-0.44206238
5135,65.95987,70.49074,65.88134,4.5308685,-0.07852936
5136,65.11244,67.36234,65.11244,2.2499008,0.0
5137,70.234344,73.41743,70.234344,3.1830826,0.0
5138,72.02521,75.333405,71.34636,3.308197,-0.67884827
5139,65.070274,66.62202,65.070274,1.5517426,0.0
5140,66.14984,67.13783,65.3042,0.98799133,-0.8456421
5141,66.6217,69.424484,66.6217,2.8027878,0.0
5142,67.36427,69.89609,67.36427,2.5318146,0.0
5143,68.46417,70.1432,68.46417,1.6790314,0.0
5144,66.78549,69.00619,65.883224,2.2206955,-0.90226746
5145,70.536415,72.39507,70.536415,1.8586578,0.0
5146,70.52848,72.44271,70.024055,1.9142303,-0.50442505
5147,71.65227,74.32308,71.61714,2.6708145,-0.035125732
5148,66.43102,69.19413,66.43102,2.7631073,0.0
5149,66.72124,69.65436,66.72124,2.9331207,0.0
5150,65.38582,66.59477,64.287796,1.2089539,-1.0980225
5151,66.71489,70.02029,66.71489,3.305397,0.0
5152,65.565094,66.284355,65.565094,0.71926117,0.0
5153,61.14934,63.293617,61.14934,2.1442757,0.0
5154,61.364372,62.84068,60.88885,1.4763069,-0.4755211
5155,66.443115,67.83301,66.443115,1.3898926,0.0
5156,65.22086,67.05557,65.22086,1.8347092,0.0
5157,65.97521,66.53747,65.446495,0.56225586,-0.52871704
5158,69.62094,72.26399,68.01587,2.6430511,-1.605072
5159,70.34626,72.20103,69.60613,1.8547668,-0.74012756
5160,66.37557,68.23157,66.05251,1.8559952,-0.32305908
5161,69.4858,72.045525,68.56509,2.559723,-0.92071533
5162,65.74666,66.86166,65.7143,1.1149979,-0.032356262
5163,68.55988,69.86073,67.52789,1.3008499,-1.03199
5164,71.332054,72.54614,71.15408,1.2140884,-0.17797089
5165,65.46096,66.4372,65.422356,0.97624207,-0.038604736
5166,68.40585,68.59165,67.675224,0.18579865,-0.73062897
5167,64.12183,65.04369,63.214176,0.92185974,-0.9076576
5168,68.612885,70.03115,67.98315,1.4182663,-0.62973785
5169,65.24343,68.07409,64.75349,2.830658,-0.48994446
5170,67.5165,69.10558,66.91559,1.5890808,-0.600914
5171,68.08571,70.21134,67.71667,2.1256332,-0.36904144
5172,64.61056,65.78109,64.50662,1.1705322,-0.10393524
5173,67.112915,68.070724,66.73418,0.95780945,-0.3787384
5174,68.53906,70.06893,68.23664,1.5298691,-0.30242157
5175,70.75217,72.53068,70.166595,1.778511,-0.5855713
5176,70.141426,72.04833,69.52815,1.9069061,-0.6132736
5177,66.322395,67.75536,66.322395,1.4329681,0.0
5178,60.99907,61.534973,60.43716,0.53590393,-0.5619087
5179,63.66689,65.77128,62.99243,2.1043892,-0.67445755
5180,68.51022,70.08992,66.78861,1.5796967,-1.721611
5181,68.9465,72.53313,68.350006,3.5866241,-0.5964966
5182,64.35449,65.4817,64.35449,1.1272049,0.0
5183,65.2658,67.46374,64.498604,2.197937,-0.76719666
5184,59.71142,60.571503,59.71142,0.86008453,0.0
5185,62.56157,64.38085,62.74399,1.8192825,0.18242264
5186,66.65319,69.65604,66.65319,3.0028458,0.0
5187,65.72723,66.89936,65.72723,1.1721344,0.0
5188,70.885925,72.8219,70.799164,1.9359741,-0.086761475
5189,65.046165,66.25163,64.78701,1.2054672,-0.25915527
5190,60.621986,63.23358,60.03043,2.6115952,-0.59155655
5191,67.86733,69.83682,67.78337,1.96949,-0.08396149
5192,72.70172,73.62409,72.16406,0.9223709,-0.5376587
5193,72.54974,75.45374,71.87569,2.9039993,-0.674057
5194,68.746445,70.23607,67.57921,1.489624,-1.1672363
5195,68.783104,70.98259,67.87993,2.1994858,-0.90317535
5196,69.64772,74.978676,69.64772,5.3309555,0.0
5197,67.24093,67.971,67.24093,0.730072,0.0
5198,67.05043,70.99087,66.88216,3.9404373,-0.16827393
5199,66.48801,67.47554,65.983475,0.98753357,-0.50453186
5200,65.80975,67.49371,65.79,1.68396,-0.019752502
5201,65.71717,67.30951,65.52427,1.5923386,-0.19290161
5202,67.949974,70.97306,67.719055,3.0230865,-0.23091888
5203,70.54866,73.732574,70.35965,3.1839142,-0.18901062
5204,73.14986,74.91165,72.92808,1.761795,-0.22177887
5205,62.83959,64.55209,62.83959,1.7125053,0.0
5206,63.982864,66.44589,63.531902,2.463028,-0.45096207
5207,65.64904,68.672935,63.396038,3.0238953,-2.2530022
5208,68.0591,71.04865,67.99623,2.9895554,-0.06286621
5209,66.27292,67.52199,65.529945,1.2490692,-0.7429733
5210,64.51949,65.823975,64.06044,1.3044815,-0.45905304
5211,64.366585,65.89429,63.51272,1.5277023,-0.8538666
5212,61.517788,63.23221,61.253033,1.7144203,-0.26475525
5213,65.58922,66.38433,65.58922,0.7951126,0.0
5214,67.40681,68.120735,67.40681,0.7139282,0.0
5215,67.94771,68.78951,67.65794,0.8418045,-0.2897644
5216,65.6438,66.869835,65.01294,1.2260361,-0.6308594
5217,68.64365,69.92029,67.90214,1.2766418,-0.7415085
5218,71.72322,75.45956,71.72322,3.7363358,0.0
5219,71.68,74.18457,71.68,2.50457,0.0
5220,60.64828,62.202488,60.64828,1.5542068,0.0
5221,57.97253,58.502842,57.51914,0.5303116,-0.45339203
5222,67.467514,68.66453,67.172585,1.1970139,-0.2949295
5223,69.11776,71.52486,68.51898,2.4070969,-0.5987778
5224,69.846344,71.2249,69.2712,1.3785553,-0.5751419
5225,64.15848,66.546074,63.57388,2.3875961,-0.58459854
5226,64.6682,64.698685,63.651913,0.03048706,-1.016285
5227,71.13991,72.94134,70.59734,1.8014297,-0.5425644
5228,67.66345,70.16247,66.733826,2.4990158,-0.92962646
5229,66.078186,67.84866,65.6278,1.7704773,-0.45038605
5230,67.21583,69.26899,66.468796,2.0531616,-0.74703217
5231,65.58892,68.66404,65.42974,3.075119,-0.15917969
5232,70.823,72.84485,70.030685,2.0218506,-0.7923126
5233,68.26895,70.60351,68.26895,2.3345566,0.0
5234,66.59485,68.827896,66.015495,2.2330475,-0.57935333
5235,72.582756,75.24432,72.1139,2.6615677,-0.4688568
5236,64.43643,66.72826,63.8339,2.2918243,-0.60253143
5237,68.33176,69.62378,68.280624,1.2920227,-0.051132202
5238,65.9874,67.57189,64.44948,1.5844955,-1.5379181
5239,69.094864,72.689186,69.094864,3.5943222,0.0
5240,62.60279,65.31949,62.60279,2.7166977,0.0
5241,63.61095,64.43725,63.14941,0.82629776,-0.46154022
5242,65.317894,67.88235,65.07339,2.5644531,-0.24450684
5243,66.66509,68.4997,66.66509,1.83461,0.0
5244,66.85526,69.567764,66.25643,2.7125015,-0.5988312
5245,69.76526,72.26279,69.144966,2.497528,-0.62029266
5246,75.63849,76.25069,75.32911,0.6121979,-0.30937958
5247,66.626526,66.83954,65.8605,0.2130127,-0.76602936
5248,62.338238,63.98985,61.89889,1.6516113,-0.4393463
5249,67.59242,70.30019,67.59242,2.7077713,0.0
5250,69.84092,71.421875,68.61128,1.5809555,-1.2296371
5251,60.349846,61.855972,60.349846,1.5061264,0.0
5252,67.56279,67.87998,67.07156,0.31719208,-0.4912262
5253,63.416058,64.65984,63.416058,1.2437859,0.0
5254,61.413498,62.58597,60.966705,1.1724739,-0.4467926
5255,64.13384,67.1976,63.45896,3.0637589,-0.674881
5256,70.76692,72.557686,70.417206,1.7907639,-0.3497162
5257,66.122894,68.82539,65.90273,2.7024994,-0.22016144
5258,62.42933,63.874233,61.843372,1.4449043,-0.5859566
5259,70.08582,72.553955,69.55698,2.468132,-0.52884674
5260,63.570488,64.65144,63.570488,1.0809555,0.0
5261,65.4405,67.84464,64.95881,2.4041443,-0.48168945
5262,65.28766,67.24627,64.55509,1.9586105,-0.73256683
5263,63.619896,64.26925,63.35962,0.649353,-0.2602768
5264,60.50001,61.888813,59.621128,1.3888016,-0.87888336
5265,65.855576,68.19316,65.855576,2.3375854,0.0
5266,64.23955,65.835045,63.44369,1.5954971,-0.7958565
5267,74.09472,75.34106,74.36418,1.2463379,0.2694626
5268,66.26612,68.25327,65.45993,1.9871521,-0.8061905
5269,69.478806,72.03592,68.46138,2.5571136,-1.0174255
5270,69.35457,71.883804,68.043686,2.5292358,-1.3108826
5271,69.44063,72.34775,68.99452,2.9071198,-0.44610596
5272,65.220474,68.06636,64.60722,2.8458862,-0.61325073
5273,65.61222,67.50418,65.37242,1.8919601,-0.2397995
5274,67.07347,69.12712,66.921074,2.05365,-0.15239716
5275,67.67923,68.765335,67.425705,1.0861053,-0.25352478
5276,65.76197,66.03545,65.61651,0.27348328,-0.14546204
5277,69.229965,71.63774,68.68814,2.4077759,-0.54182434
5278,65.28365,67.011665,64.89634,1.7280121,-0.38731384
5279,68.64936,70.47542,68.64936,1.8260574,0.0
5280,63.59897,65.00306,63.59897,1.4040909,0.0
5281,66.965675,68.37765,66.2893,1.411972,-0.67637634
5282,68.86819,70.45965,68.02494,1.5914612,-0.84324646
5283,68.95656,70.50935,68.95656,1.5527954,0.0
5284,62.944744,64.28611,62.586185,1.3413658,-0.35855865
5285,64.922966,66.58421,64.34224,1.6612473,-0.5807266
5286,68.95846,70.92714,68.274635,1.9686813,-0.68382263
5287,66.54513,67.72799,65.82861,1.1828613,-0.7165146
5288,68.30167,71.20171,68.30167,2.9000473,0.0
5289,64.79117,65.334946,64.79117,0.54377747,0.0
5290,67.52105,70.202415,67.12595,2.681366,-0.39509583
5291,65.62289,67.09436,64.98895,1.4714737,-0.633934
5292,69.926414,72.01872,68.96722,2.092308,-0.959198
5293,62.881123,64.426796,62.092506,1.5456734,-0.7886162
5294,66.90241,68.79575,66.71566,1.8933411,-0.18675232
5295,69.91348,71.530846,69.9055,1.617363,-0.007980347
5296,69.16752,71.93519,69.16752,2.7676697,0.0
5297,66.11406,68.27174,66.11406,2.1576843,0.0
5298,72.16914,74.92822,71.71814,2.759079,-0.45100403
5299,69.36792,70.69408,69.03436,1.3261566,-0.33355713
5300,62.039215,66.75526,62.039215,4.7160416,0.0
5301,68.38114,69.65417,68.02451,1.2730255,-0.35662842
5302,70.40211,72.85538,70.2686,2.45327,-0.13350677
5303,66.71017,68.19892,66.71017,1.4887543,0.0
5304,63.87898,65.71558,63.367508,1.8366051,-0.5114708
5305,75.72127,78.50006,75.03074,2.7787933,-0.69052887
5306,69.56241,73.47858,68.91952,3.9161682,-0.64289093
5307,73.3762,76.878784,72.98424,3.5025864,-0.39196014
5308,65.25239,67.19479,65.25239,1.9424057,0.0
5309,69.99863,71.73205,69.55933,1.7334213,-0.4392929
5310,70.84864,74.07854,70.77519,3.2298965,-0.07344818
5311,65.690544,67.04469,65.50541,1.3541489,-0.18513489
5312,69.14739,70.353065,68.312775,1.2056732,-0.8346176
5313,65.05309,66.53801,65.05309,1.4849167,0.0
5314,73.364655,75.85155,73.63032,2.4868927,0.26566315
5315,65.275154,68.84513,65.275154,3.5699768,0.0
5316,67.395035,70.6713,67.395035,3.276268,0.0
5317,69.190056,70.75429,68.84528,1.5642319,-0.34477234
5318,71.14176,74.587875,70.673805,3.4461136,-0.46795654
5319,64.74958,67.04498,64.74958,2.2954025,0.0
5320,65.202644,68.92032,64.56268,3.7176743,-0.63996124
5321,66.4251,67.56875,65.90404,1.1436462,-0.52106476
5322,67.06384,68.99515,66.262436,1.9313049,-0.80140686
5323,66.52723,68.24839,65.96449,1.7211609,-0.5627365
5324,69.86833,72.16348,69.37063,2.2951508,-0.49770355
5325,67.42601,68.34838,67.42601,0.9223709,0.0
5326,63.114513,65.77107,62.42146,2.656559,-0.6930542
5327,70.31933,72.44696,69.66777,2.1276321,-0.6515579
5328,71.79081,75.08106,71.65445,3.2902527,-0.13636017
5329,61.417286,62.8433,60.475735,1.426014,-0.9415512
5330,71.96362,74.79148,71.09368,2.827858,-0.8699417
5331,69.26099,72.4124,69.26099,3.151413,0.0
5332,74.39604,76.92014,73.02287,2.5241013,-1.373169
5333,67.496056,68.808525,67.07628,1.3124695,-0.41977692
5334,64.99475,67.07908,64.39657,2.0843277,-0.5981827
5335,68.45976,71.17605,68.45976,2.7162857,0.0
5336,65.08133,66.7103,64.896996,1.6289673,-0.1843338
5337,66.47905,67.95405,66.0223,1.4749985,-0.45674896
5338,66.768326,68.39985,65.76997,1.6315231,-0.99835205
5339,70.84875,73.11721,70.209595,2.2684631,-0.6391525
5340,73.24642,75.788506,73.24642,2.5420837,0.0
5341,67.30134,70.20955,67.30134,2.9082108,0.0
5342,70.53377,73.878426,70.168846,3.344658,-0.36492157
5343,68.29389,69.18092,67.84235,0.88703156,-0.45154572
5344,64.38655,66.92014,63.61396,2.5335922,-0.77259064
5345,68.90712,70.826775,68.14356,1.9196548,-0.76355743
5346,72.143074,73.99199,72.143074,1.8489151,0.0
5347,65.77137,69.05769,65.77137,3.2863235,0.0
5348,62.618797,63.999516,61.720596,1.3807182,-0.898201
5349,71.027794,72.666954,71.027794,1.6391602,0.0
5350,67.85173,70.41276,67.65091,2.5610275,-0.20082092
5351,64.285866,64.98993,64.285866,0.7040634,0.0
5352,65.90631,67.737434,65.90631,1.8311234,0.0
5353,63.134235,64.62001,62.434086,1.485775,-0.70014954
5354,65.91377,67.26052,65.91377,1.3467484,0.0
5355,65.9315,68.91111,65.20727,2.9796066,-0.72423553
5356,61.096844,61.764374,61.096844,0.66753006,0.0
5357,62.159706,62.84493,62.159706,0.6852226,0.0
5358,64.87338,66.10185,64.62718,1.2284698,-0.24620056
5359,64.64533,66.84215,64.64533,2.1968155,0.0
5360,71.61128,74.27488,70.92048,2.663597,-0.6908035
5361,68.97331,70.4986,68.49257,1.5252838,-0.4807434
5362,65.90888,67.57444,65.24011,1.6655579,-0.66876984
5363,66.28199,67.98037,65.92125,1.6983795,-0.36074066
5364,71.58385,74.73432,71.58385,3.1504745,0.0
5365,63.490807,64.43837,62.60657,0.9475632,-0.8842354
5366,70.17718,74.78801,69.89144,4.610832,-0.28573608
5367,73.59792,77.24881,73.94065,3.6508865,0.34272766
5368,61.937145,66.25701,61.04808,4.319866,-0.8890648
5369,69.128426,73.29426,68.23927,4.1658325,-0.8891525
5370,68.22537,71.58576,67.91513,3.3603897,-0.3102417
5371,74.24481,77.017,74.24481,2.7721863,0.0
5372,65.30095,66.196465,64.57096,0.89551544,-0.7299881
5373,68.472595,71.22062,67.94842,2.748024,-0.52417755
5374,68.21777,71.30188,67.828026,3.0841064,-0.38974762
5375,66.35851,69.16515,66.35851,2.8066406,0.0
5376,67.835236,69.59973,67.835236,1.7644958,0.0
5377,67.89242,68.82605,67.08559,0.9336319,-0.80683136
5378,63.859894,65.053406,63.48653,1.193512,-0.3733635
5379,65.67354,67.4729,65.48819,1.7993622,-0.18534851
5380,66.29501,70.946175,65.44612,4.651161,-0.8488922
5381,62.93246,64.64701,62.308174,1.71455,-0.62428665
5382,65.998375,67.41698,65.998375,1.418602,0.0
5383,70.12664,72.77084,69.552605,2.6442032,-0.57403564
5384,67.76592,68.97002,67.82669,1.2040939,0.060768127
5385,67.126076,68.07471,66.74104,0.9486313,-0.38503265
5386,68.30182,69.27631,68.432625,0.97449493,0.13080597
5387,63.44068,64.54393,63.44068,1.1032486,0.0
5388,70.16486,71.61386,70.26819,1.4489975,0.10332489
5389,69.41058,71.45381,69.27571,2.0432281,-0.13487244
5390,64.93989,66.262794,64.39246,1.3229065,-0.5474243
5391,69.654,70.92792,69.15596,1.2739182,-0.49803925
5392,62.59712,64.28585,62.26146,1.6887321,-0.33565903
5393,70.60253,72.34144,70.2619,1.7389069,-0.34062958
5394,65.29437,67.78926,65.29437,2.4948883,0.0
5395,70.725136,73.34847,69.99638,2.6233368,-0.72875214
5396,66.62372,67.51265,66.46531,0.8889313,-0.15840912
5397,65.25395,66.89997,65.25395,1.646019,0.0
5398,60.623333,60.808765,60.067543,0.18543243,-0.55578995
5399,67.15987,68.265305,66.81476,1.1054382,-0.34510803
5400,67.65655,70.06774,67.44933,2.4111938,-0.20721436
5401,66.441635,67.605606,66.006424,1.163971,-0.43521118
5402,69.79221,71.20569,69.69054,1.413475,-0.10167694
5403,66.86557,68.948006,66.400314,2.0824356,-0.46525574
5404,62.099487,63.535515,61.387222,1.4360275,-0.712265
5405,67.77091,70.1628,67.77091,2.3918915,0.0
5406,59.66829,61.456524,59.070374,1.7882347,-0.59791565
5407,70.301956,72.980774,70.301956,2.6788177,0.0
5408,66.78163,68.441154,66.44249,1.659523,-0.33914185
5409,60.900463,62.47916,59.990887,1.5786972,-0.9095764
5410,65.10786,65.85351,64.21892,0.74565125,-0.8889389
5411,69.852135,71.86553,69.852135,2.0133972,0.0
5412,66.44725,68.50947,66.188545,2.0622177,-0.25870514
5413,71.53601,72.03802,70.668976,0.50200653,-0.8670349
5414,65.98661,68.17893,65.38708,2.1923218,-0.5995331
5415,66.96393,69.55285,66.88068,2.5889206,-0.08325195
5416,66.04267,67.92448,65.566475,1.8818054,-0.4761963
5417,66.61293,67.73575,66.27229,1.122818,-0.3406372
5418,69.38086,70.99509,68.59397,1.6142273,-0.7868881
5419,67.20917,68.36592,66.71703,1.1567535,-0.4921341
5420,72.17483,75.53587,71.68318,3.3610458,-0.4916458
5421,67.18752,68.891914,67.2705,1.7043915,0.082977295
5422,65.50749,66.97359,64.49322,1.466095,-1.0142746
5423,62.724514,64.38669,62.121586,1.6621742,-0.60292816
5424,61.51657,62.34666,61.51657,0.83008957,0.0
5425,72.08442,74.80692,71.42026,2.7225037,-0.6641617
5426,71.48472,73.90113,71.48472,2.4164124,0.0
5427,66.76383,68.845055,66.28204,2.0812225,-0.48178864
5428,75.50543,77.70772,74.94972,2.2022858,-0.55570984
5429,69.24149,72.90273,68.8375,3.6612396,-0.4039917
5430,62.337543,65.067924,62.337543,2.730381,0.0
5431,61.56915,63.393974,60.775433,1.8248253,-0.79371643
5432,66.275375,66.970924,65.42439,0.695549,-0.85098267
5433,69.6719,71.81605,69.6719,2.1441498,0.0
5434,63.88176,64.63978,63.567493,0.7580185,-0.3142662
5435,69.70737,73.26301,69.211945,3.5556412,-0.49542236
5436,61.44626,66.725174,61.44626,5.2789154,0.0
5437,69.201416,71.94382,68.806694,2.7424011,-0.39472198
5438,65.93633,67.753624,65.93633,1.8172913,0.0
5439,67.05654,68.70597,66.57389,1.6494293,-0.48265076
5440,65.6194,67.7821,65.6194,2.1626968,0.0
5441,66.911125,69.827805,66.911125,2.9166794,0.0
5442,64.45294,65.46111,63.533222,1.0081711,-0.9197197
5443,64.69075,65.89806,64.69075,1.2073135,0.0
5444,69.785866,71.33237,69.168755,1.5465012,-0.6171112
5445,66.945335,70.31385,66.53035,3.368515,-0.41498566
5446,64.495415,66.49683,63.81222,2.001419,-0.6831932
5447,61.01436,61.715252,60.95072,0.7008934,-0.06363678
5448,66.66174,68.915245,66.944595,2.253502,0.28285217
5449,65.08268,66.07022,64.65717,0.9875412,-0.4255066
5450,65.09974,67.99154,65.09974,2.8918,0.0
5451,62.54221,63.73114,61.760757,1.1889305,-0.7814522
5452,71.52971,75.32254,71.005295,3.7928314,-0.52441406
5453,70.19001,72.711365,69.26899,2.5213547,-0.9210205
5454,66.178665,68.61091,65.6485,2.4322433,-0.5301666
5455,64.54158,66.73526,63.59296,2.1936798,-0.94861984
5456,69.29945,70.78159,69.07782,1.4821396,-0.22163391
5457,61.165497,61.80087,60.922157,0.63537216,-0.24333954
5458,74.19171,76.29967,73.5635,2.107956,-0.628212
5459,62.56063,65.076965,62.56063,2.5163345,0.0
5460,69.15167,69.54091,68.16596,0.38923645,-0.98571014
5461,68.50588,71.649574,68.226746,3.143692,-0.27913666
5462,66.83283,67.99734,66.83283,1.164505,0.0
5463,66.98729,69.0545,66.62924,2.0672073,-0.3580475
5464,64.52091,68.41701,63.619904,3.8960953,-0.9010086
5465,75.67113,77.56683,75.67113,1.8957062,0.0
5466,73.96763,76.98446,73.54475,3.0168304,-0.42288208
5467,67.7577,70.49165,67.7577,2.7339554,0.0
5468,69.03889,72.63385,69.03889,3.594963,0.0
5469,63.87845,65.99805,63.87845,2.1195984,0.0
5470,66.71433,67.791916,66.71433,1.0775833,0.0
5471,65.65536,66.31252,65.65536,0.6571655,0.0
5472,68.46963,70.94015,68.07997,2.47052,-0.38965607
5473,70.02261,71.669525,70.02261,1.6469116,0.0
5474,67.43076,70.40647,67.38763,2.975708,-0.043136597
5475,67.339935,69.7235,67.111336,2.3835678,-0.22859955
5476,71.55771,74.214615,71.09519,2.6569061,-0.46251678
5477,61.634743,63.034298,61.634743,1.3995552,0.0
5478,66.963776,68.57958,66.449005,1.6158066,-0.5147705
5479,70.04748,71.50705,69.4602,1.4595718,-0.5872803
5480,70.24478,73.61726,69.71067,3.3724823,-0.534111
5481,62.374546,64.7644,61.64465,2.3898506,-0.72989655
5482,63.847107,65.03415,62.904255,1.1870422,-0.942852
5483,64.66532,66.38243,64.061356,1.7171097,-0.60396576
5484,66.14425,68.20276,65.888084,2.0585098,-0.25616455
5485,67.64265,69.52595,67.332634,1.8833008,-0.31001282
5486,64.73842,65.51741,64.20724,0.7789917,-0.53118134
5487,66.82623,69.21263,66.58005,2.3863983,-0.2461853
5488,65.057465,66.137436,65.057465,1.0799713,0.0
5489,66.67915,67.618515,66.18227,0.9393616,-0.4968872
5490,72.320404,75.32598,71.3357,3.005577,-0.98470306
5491,65.556564,67.213875,65.556564,1.6573105,0.0
5492,65.67222,67.01162,65.05111,1.3394012,-0.621109
5493,68.61793,70.61251,68.226395,1.9945831,-0.3915329
5494,67.47954,68.93966,67.0187,1.4601212,-0.46083832
5495,67.24097,69.33646,67.21595,2.0954895,-0.025016785
5496,65.89794,67.75001,65.51913,1.852066,-0.3788147
5497,71.470474,74.073265,71.470474,2.6027908,0.0
5498,66.23442,69.13274,66.23442,2.8983154,0.0
5499,61.833904,62.56484,61.833904,0.73093414,0.0
5500,65.87433,67.85254,65.8793,1.9782104,0.0049743652
5501,74.08414,75.81588,73.65314,1.7317429,-0.43099976
5502,66.529305,67.609085,66.294525,1.0797806,-0.23477936
5503,71.076614,73.53856,70.4111,2.4619446,-0.6655121
5504,66.86269,68.4016,66.50612,1.5389099,-0.356575
5505,72.96056,74.43391,72.251656,1.4733429,-0.7089081
5506,69.418365,70.55715,68.71483,1.1387863,-0.703537
5507,65.68347,68.295494,64.80342,2.6120224,-0.88005066
5508,60.3339,62.758656,59.943123,2.424755,-0.3907776
5509,67.637924,69.44825,67.53872,1.8103256,-0.09920502
5510,67.43368,68.478615,66.65272,1.0449371,-0.7809601
5511,63.872757,64.44134,63.31247,0.5685806,-0.5602875
5512,72.42355,74.566185,71.718506,2.1426315,-0.7050476
5513,66.84468,68.79293,66.29086,1.9482498,-0.55381775
5514,64.41527,66.13453,63.91443,1.7192612,-0.50083923
5515,67.834145,69.04893,67.45432,1.2147827,-0.37982178
5516,65.93968,69.12747,65.28731,3.18779,-0.65237427
5517,64.229546,65.03703,63.505905,0.8074875,-0.72364044
5518,64.4699,65.268456,63.868725,0.79855347,-0.6011772
5519,65.016495,67.23043,64.49472,2.2139359,-0.5217743
5520,60.479343,62.27518,60.479343,1.7958374,0.0
5521,69.857506,71.615776,69.43378,1.7582703,-0.42372894
5522,61.285103,62.6225,60.83967,1.3373985,-0.44543457
5523,62.389454,64.38371,61.625782,1.9942589,-0.7636719
5524,68.18522,70.15061,67.93421,1.9653931,-0.25100708
5525,72.69369,74.39851,72.08768,1.7048264,-0.60601044
5526,66.07829,68.10878,66.07829,2.030487,0.0
5527,70.54595,72.322784,70.08457,1.7768326,-0.46138
5528,74.41013,77.12858,73.62324,2.7184448,-0.78689575
5529,64.94927,65.90286,64.54558,0.9535904,-0.40369415
5530,65.05059,66.86877,64.648285,1.8181763,-0.4023056
5531,64.76316,65.69205,64.69791,0.9288864,-0.06525421
5532,71.598564,74.2558,71.27914,2.6572342,-0.3194275
5533,63.79735,64.9645,63.102562,1.1671486,-0.6947899
5534,71.02204,74.18005,71.02204,3.1580124,0.0
5535,68.57177,70.99577,68.25832,2.4240036,-0.31344604
5536,71.002174,73.771065,69.6944,2.7688904,-1.3077774
5537,64.840195,66.09048,64.44296,1.2502823,-0.39723206
5538,73.37319,77.49356,73.16851,4.120369,-0.2046814
5539,66.84403,68.75298,65.90139,1.9089508,-0.9426422
5540,72.72186,74.22481,71.95674,1.502945,-0.76512146
5541,71.88205,74.20389,71.88205,2.3218384,0.0
5542,62.880344,64.128456,62.346054,1.2481117,-0.5342903
5543,60.7467,62.207993,60.7467,1.4612923,0.0
5544,61.462753,62.925552,61.462753,1.4627991,0.0
5545,67.87422,69.018166,67.39717,1.1439438,-0.47705078
5546,69.87955,72.885796,69.87955,3.0062485,0.0
5547,66.05506,67.59037,66.158,1.5353088,0.10293579
5548,68.54036,71.23209,67.815735,2.6917343,-0.72462463
5549,63.036842,64.11307,62.853233,1.0762253,-0.18360901
5550,74.00233,75.65937,73.334206,1.6570435,-0.66812134
5551,66.32249,68.50213,66.06801,2.1796417,-0.25447845
5552,66.633835,69.340645,66.33376,2.70681,-0.30007172
5553,64.89708,65.313835,64.884384,0.41675568,-0.0126953125
5554,69.57723,72.13125,69.18135,2.554016,-0.39588165
5555,64.56393,67.3975,64.01636,2.8335724,-0.5475693
5556,64.6506,66.55078,64.155754,1.9001846,-0.49484253
5557,64.5556,65.023056,63.59352,0.467453,-0.9620819
5558,70.56624,72.804245,70.56624,2.2380066,0.0
5559,64.98648,65.5644,64.44535,0.577919,-0.54113007
5560,64.15874,65.233406,63.883198,1.0746689,-0.2755394
5561,63.980835,66.48874,63.37593,2.507904,-0.6049042
5562,61.557144,63.052135,60.71463,1.4949913,-0.84251404
5563,67.51141,69.25167,67.16586,1.7402573,-0.34555054
5564,61.01582,61.3801,61.01582,0.3642807,0.0
5565,69.879555,71.77181,69.21022,1.8922577,-0.6693344
5566,67.44383,69.922485,67.0693,2.478653,-0.3745346
5567,66.50014,67.432724,65.8927,0.93258667,-0.60743713
5568,62.813602,63.141304,62.813602,0.32770157,0.0
5569,69.553856,71.08052,69.18614,1.5266647,-0.36771393
5570,65.24099,67.05216,64.95928,1.8111725,-0.28170776
5571,64.41564,66.36979,64.23037,1.9541473,-0.18527222
5572,63.67079,64.56632,62.995525,0.8955307,-0.67526627
5573,61.71219,63.45022,61.71219,1.7380295,0.0
5574,65.524734,67.09755,64.99932,1.572815,-0.5254135
5575,66.02333,67.74539,66.02333,1.7220612,0.0
5576,71.82395,73.70919,71.32744,1.8852386,-0.49651337
5577,68.35784,70.95062,67.802765,2.592781,-0.5550766
5578,63.659607,65.44346,63.189857,1.7838516,-0.46974945
5579,67.82694,68.72852,67.073265,0.9015808,-0.75367737
5580,62.188805,63.701958,61.70544,1.5131531,-0.4833641
5581,66.39038,68.50551,66.25403,2.1151276,-0.13635254
5582,67.20717,68.41316,67.20717,1.2059937,0.0
5583,68.13522,70.134476,67.47521,1.9992523,-0.6600113
5584,61.515438,63.016514,61.0735,1.5010757,-0.4419365
5585,64.08518,65.30034,64.08518,1.2151566,0.0
5586,68.77643,71.801575,68.25679,3.0251465,-0.51963806
5587,67.80329,69.344986,67.56204,1.5416946,-0.24124908
5588,71.132996,74.1222,70.88883,2.9892044,-0.24416351
5589,66.72476,67.65515,66.49743,0.9303894,-0.22733307
5590,67.457596,69.57438,66.95567,2.1167831,-0.5019226
5591,68.92292,70.51807,68.92292,1.5951462,0.0
5592,69.35518,71.40816,68.94202,2.0529785,-0.41316223
5593,62.08175,64.08891,61.189907,2.007164,-0.8918419
5594,65.927826,67.29537,65.53551,1.3675461,-0.39231873
5595,69.179794,71.60123,68.793045,2.4214325,-0.38674927
5596,63.987984,65.75614,63.555088,1.768158,-0.43289566
5597,67.879135,70.15961,67.2263,2.2804718,-0.65283203
5598,62.27747,62.545063,61.848545,0.26759338,-0.42892456
5599,67.568825,69.51753,67.018456,1.9487076,-0.55036926
5600,67.48554,69.13762,67.48554,1.6520767,0.0
5601,63.811913,65.52107,63.458603,1.7091599,-0.35330963
5602,68.7851,72.66465,68.08231,3.879547,-0.7027893
5603,65.90298,70.84182,65.90298,4.938843,0.0
5604,72.01953,75.0733,71.77766,3.053772,-0.2418747
5605,65.94584,68.12387,65.2771,2.178032,-0.6687393
5606,66.96355,71.26998,66.09782,4.3064346,-0.8657303
5607,69.24683,71.508896,68.97728,2.262062,-0.26955414
5608,66.72372,68.88055,66.557816,2.1568298,-0.16590118
5609,67.0507,69.11716,66.18837,2.0664597,-0.8623276
5610,67.18356,71.43937,66.504456,4.255806,-0.67910767
5611,66.8162,69.13481,66.20463,2.3186111,-0.61157227
5612,68.11441,71.89273,67.45472,3.7783203,-0.65969086
5613,68.937874,70.50516,68.69184,1.5672836,-0.24603271
5614,67.085754,69.276566,66.37777,2.1908112,-0.7079849
5615,65.18162,67.31033,65.18162,2.1287155,0.0
5616,67.76042,69.937706,67.49897,2.1772842,-0.26145172
5617,73.0963,77.290146,72.78853,4.1938477,-0.30776978
5618,65.119225,66.44952,64.63233,1.3302917,-0.4868927
5619,68.8542,70.30137,68.71331,1.4471664,-0.14089203
5620,66.550026,67.24351,65.82483,0.69348145,-0.72519684
5621,66.98279,68.712715,66.98279,1.7299271,0.0
5622,70.02255,70.90672,70.02255,0.88417053,0.0
5623,69.50245,70.655754,68.67458,1.153305,-0.8278656
5624,72.25265,74.67165,71.639534,2.4190063,-0.6131134
5625,64.96507,68.01639,64.506004,3.0513153,-0.4590683
5626,71.581924,74.6281,71.0181,3.046173,-0.5638275
5627,70.642784,71.83141,70.2539,1.1886292,-0.3888855
5628,72.84892,74.55297,72.32255,1.7040482,-0.5263748
5629,69.04247,72.022865,68.683586,2.9803925,-0.35888672
5630,63.2542,64.49262,62.80217,1.2384224,-0.45203018
5631,69.50364,72.74465,69.63227,3.2410126,0.12863159
5632,65.66242,67.659164,65.38645,1.9967422,-0.27597046
5633,62.31293,64.20689,61.634705,1.8939552,-0.6782265
5634,70.87469,72.04551,70.40438,1.1708221,-0.4703064
5635,67.87423,71.236626,67.73652,3.3623962,-0.13771057
5636,73.87072,75.29317,73.00875,1.4224472,-0.861969
5637,70.19648,71.67472,70.19648,1.478241,0.0
5638,68.75086,71.14544,68.75086,2.394577,0.0
5639,66.465256,68.695915,66.465256,2.2306595,0.0
5640,66.98225,67.41523,66.617165,0.4329834,-0.3650818
5641,69.145164,70.931496,68.62755,1.7863312,-0.5176163
5642,71.071304,74.88111,70.80937,3.8098068,-0.26193237
5643,71.466385,73.09479,71.225624,1.6284027,-0.2407608
5644,64.02566,68.22359,62.98014,4.1979294,-1.045517
5645,68.29192,72.80788,68.12346,4.515953,-0.16846466
5646,62.868988,64.86644,62.868988,1.9974518,0.0
5647,63.575687,65.58779,63.575687,2.012104,0.0
5648,65.88011,67.5097,65.555214,1.6295853,-0.32489777
5649,67.47058,71.03752,66.811005,3.5669403,-0.6595764
5650,67.511795,71.95757,66.79356,4.445778,-0.71823883
5651,60.315826,61.881172,60.315826,1.5653458,0.0
5652,70.777176,71.78625,69.645996,1.0090714,-1.1311798
5653,62.562706,64.14699,62.562706,1.5842819,0.0
5654,66.25132,68.08293,66.25132,1.8316116,0.0
5655,69.04154,71.16068,68.95858,2.1191406,-0.082962036
5656,65.30824,66.16994,65.30824,0.86169434,0.0
5657,63.404034,64.19346,62.785065,0.7894249,-0.61896896
5658,66.597725,68.56553,66.1733,1.967804,-0.42442322
5659,71.195114,73.60278,70.60363,2.407669,-0.59148407
5660,65.116486,67.635704,64.654785,2.5192184,-0.46170044
5661,72.02438,75.23628,72.02438,3.2118988,0.0
5662,59.251347,60.78601,58.26963,1.5346642,-0.98171616
5663,65.114395,66.25815,65.114395,1.143753,0.0
5664,70.2464,72.07932,69.71373,1.8329239,-0.53266907
5665,61.010586,62.83278,61.010586,1.8221931,0.0
5666,66.41066,68.260666,65.92865,1.8500061,-0.4820099
5667,63.49408,64.5051,62.781376,1.0110168,-0.7127037
5668,64.09483,64.53242,64.09483,0.43758392,0.0
5669,67.20225,68.60406,67.20225,1.4018097,0.0
5670,65.621925,68.51177,65.01857,2.8898468,-0.6033554
5671,73.4991,76.28917,73.152664,2.7900696,-0.34643555
5672,73.17818,74.41288,72.714,1.2347031,-0.46418
5673,65.45652,68.2496,65.495384,2.7930832,0.038864136
5674,65.652916,67.04447,65.37954,1.3915558,-0.27337646
5675,66.93396,69.11977,66.377754,2.1858063,-0.55620575
5676,67.97525,69.42253,67.97525,1.4472809,0.0
5677,60.660713,62.95212,59.617535,2.2914085,-1.0431786
5678,64.92655,65.64459,64.218315,0.71804047,-0.7082367
5679,65.99941,67.27998,64.870544,1.280571,-1.1288681
5680,68.58941,70.012085,68.58941,1.4226761,0.0
5681,64.23814,64.93513,63.750015,0.69699097,-0.48812103
5682,69.30592,72.51462,69.30592,3.2086945,0.0
5683,64.16544,65.607254,63.216846,1.4418106,-0.94859695
5684,68.97009,70.96351,68.952576,1.9934158,-0.01751709
5685,66.6424,67.6031,66.36083,0.960701,-0.28157043
5686,72.57735,74.79513,72.57735,2.217781,0.0
5687,62.147526,63.08454,61.344296,0.93701553,-0.8032303
5688,67.78652,70.15534,67.98723,2.3688202,0.20070648
5689,70.569,71.79277,69.88272,1.2237701,-0.6862793
5690,65.78235,67.22488,65.72099,1.4425278,-0.06135559
5691,66.34852,67.83161,66.34852,1.4830933,0.0
5692,66.93238,68.29032,66.69671,1.3579407,-0.235672
5693,70.37748,71.10092,69.97598,0.7234421,-0.4014969
5694,67.54943,71.17554,67.10316,3.6261063,-0.4462738
5695,66.07579,67.27381,65.68039,1.1980209,-0.395401
5696,69.83841,71.12235,69.49493,1.2839432,-0.34348297
5697,72.4776,75.29087,71.75498,2.8132706,-0.7226181
5698,64.18187,64.661545,63.7366,0.4796753,-0.44527054
5699,66.37903,69.290985,65.72685,2.9119568,-0.6521759
5700,67.604256,68.75581,66.8813,1.1515579,-0.7229538
5701,65.80429,67.51167,65.06949,1.7073822,-0.73480225
5702,68.55529,70.19085,68.164444,1.6355591,-0.39084625
5703,65.89778,67.59214,65.60423,1.6943588,-0.29354858
5704,65.649445,66.55254,64.99294,0.90309906,-0.65650177
5705,71.89886,74.74924,71.89886,2.85038,0.0
5706,68.63813,71.36501,67.619896,2.726883,-1.0182343
5707,59.672916,61.015682,59.218838,1.3427658,-0.45407867
5708,67.562355,69.403656,67.12872,1.841301,-0.4336319
5709,69.811485,72.40412,69.26081,2.592636,-0.55067444
5710,67.22182,69.226364,66.88817,2.004547,-0.33364868
5711,71.636345,72.45493,71.51864,0.81858826,-0.1177063
5712,67.15275,68.9063,67.15275,1.7535553,0.0
5713,69.3252,71.01922,69.3252,1.6940155,0.0
5714,74.20594,75.25736,73.39274,1.0514221,-0.8132019
5715,71.69565,74.62017,71.1626,2.9245224,-0.53305054
5716,72.55902,73.88328,72.1052,1.3242569,-0.45381927
5717,70.01822,71.72758,69.65175,1.7093582,-0.36647034
5718,75.458435,77.72534,75.609856,2.2669067,0.1514206
5719,65.3323,66.28629,65.3323,0.95399475,0.0
5720,68.17014,69.92161,67.86077,1.7514648,-0.30937195
5721,70.76992,72.48561,70.35559,1.7156906,-0.41432953
5722,69.970795,72.0938,69.956635,2.1230087,-0.014160156
5723,66.83378,69.620026,66.83378,2.7862473,0.0
5724,64.95712,67.99985,64.561775,3.0427246,-0.3953476
5725,64.78885,66.95052,64.78885,2.1616745,0.0
5726,64.481094,65.59898,63.972717,1.1178894,-0.5083771
5727,64.8709,66.48732,64.16343,1.6164169,-0.70747375
5728,65.88665,67.9257,65.56864,2.0390472,-0.31800842
5729,71.620605,73.03321,71.620605,1.4126053,0.0
5730,65.25912,67.41419,64.90341,2.155075,-0.35570526
5731,69.88056,71.424446,69.63033,1.5438843,-0.25022888
5732,62.75613,65.72788,62.75613,2.9717522,0.0
5733,67.4965,68.5733,67.02427,1.0768051,-0.472229
5734,67.6915,68.786545,67.32958,1.095047,-0.3619156
5735,65.61309,68.24032,65.578125,2.6272278,-0.034965515
5736,62.148323,62.273926,62.05085,0.12560272,-0.097473145
5737,65.0195,67.08999,64.42284,2.070488,-0.5966644
5738,63.293594,66.11634,63.080776,2.8227463,-0.21281815
5739,69.44232,70.806564,69.289,1.3642426,-0.15332031
5740,66.451096,68.70356,65.59117,2.2524643,-0.8599243
5741,65.02996,65.60278,64.692795,0.5728226,-0.33716583
5742,65.36264,65.96146,64.963715,0.5988159,-0.39892578
5743,63.049316,64.319664,63.07417,1.2703476,0.024852753
5744,65.70428,67.75362,65.70428,2.0493393,0.0
5745,63.71655,65.108665,63.71655,1.3921165,0.0
5746,64.067085,64.824394,64.06606,0.75730896,-0.0010223389
5747,62.7602,63.315876,62.7361,0.5556755,-0.024101257
5748,67.16214,68.78249,66.166824,1.6203537,-0.99531555
5749,71.755936,73.64842,71.755936,1.8924866,0.0
5750,64.47473,65.64702,64.47473,1.172287,0.0
5751,73.90069,74.41306,72.826195,0.5123749,-1.0744934
5752,65.52072,68.94372,64.32841,3.4229965,-1.1923141
5753,68.03109,70.28248,68.03109,2.2513885,0.0
5754,70.51242,72.8648,69.991425,2.3523788,-0.5209961
5755,68.40464,69.99514,67.62703,1.5904999,-0.7776108
5756,62.07783,63.504513,61.74199,1.4266815,-0.33584213
5757,71.64737,72.82769,70.965164,1.1803207,-0.6822052
5758,69.99041,72.282135,69.55853,2.2917252,-0.43187714
5759,69.99547,71.119545,69.2417,1.1240768,-0.7537689
5760,67.91829,70.13579,67.55579,2.2174988,-0.36249542
5761,65.26414,66.68399,65.100914,1.4198532,-0.16322327
5762,61.15646,60.970097,60.551857,-0.18636322,-0.6046028
5763,62.91116,64.10283,62.389183,1.1916695,-0.5219765
5764,69.184494,72.17854,69.184494,2.994049,0.0
5765,67.39851,70.03569,67.04159,2.6371765,-0.35692596
5766,69.60232,71.165596,69.11174,1.5632782,-0.4905777
5767,65.2057,65.997284,64.50452,0.7915802,-0.70118713
5768,66.91342,70.0466,66.21239,3.1331787,-0.70103455
5769,69.66058,71.26061,69.41266,1.600029,-0.2479248
5770,70.91461,73.03839,70.91461,2.1237793,0.0
5771,68.9566,70.3445,68.9867,1.3879013,0.03010559
5772,65.15156,67.607704,65.3003,2.4561462,0.14874268
5773,69.820274,70.34227,69.820274,0.52199554,0.0
5774,68.92638,70.8379,68.46913,1.9115219,-0.45724487
5775,66.190475,68.58032,65.95316,2.3898468,-0.23731232
5776,71.44343,72.95076,71.44343,1.5073318,0.0
5777,66.56485,71.21152,65.954895,4.6466675,-0.60995483
5778,71.72224,73.52887,71.37139,1.806633,-0.35084534
5779,66.31045,67.44193,66.314514,1.131485,0.0040664673
5780,68.95278,71.485535,68.95278,2.532753,0.0
5781,65.59647,67.12233,64.77603,1.525856,-0.8204422
5782,67.70166,72.63377,67.37602,4.9321136,-0.32563782
5783,69.57801,73.090454,69.57801,3.5124435,0.0
5784,65.048416,66.93547,65.048416,1.8870544,0.0
5785,69.08721,71.12187,68.71781,2.0346603,-0.36940002
5786,66.00269,68.14451,65.341,2.1418152,-0.66168976
5787,62.65956,63.91132,62.127483,1.2517586,-0.5320778
5788,67.17103,69.02275,66.88233,1.8517227,-0.2886963
5789,63.858482,65.68459,63.453438,1.8261108,-0.40504456
5790,64.58248,66.24549,64.58248,1.6630096,0.0
5791,65.5571,67.46349,65.5571,1.906395,0.0
5792,66.712006,67.93912,66.154175,1.2271118,-0.5578308
5793,61.6574,64.10204,61.6574,2.444645,0.0
5794,66.53499,68.17995,66.18336,1.6449585,-0.35163116
5795,65.380905,67.99653,64.3398,2.6156235,-1.0411072
5796,62.807217,63.994274,61.822186,1.1870575,-0.9850311
5797,72.38264,74.30153,71.855034,1.9188919,-0.52760315
5798,62.41175,64.688774,62.41175,2.2770233,0.0
5799,68.15847,70.26948,67.46335,2.1110077,-0.69512177
5800,70.21118,72.28218,70.526985,2.0709991,0.31580353
5801,72.06922,76.01621,71.223785,3.946991,-0.8454361
5802,66.71021,68.50808,65.90164,1.7978668,-0.80857086
